NA,Turnover ;  New South Wales ;  Supermarket and grocery stores ;,Turnover ;  New South Wales ;  Liquor retailing ;,Turnover ;  New South Wales ;  Other specialised food retailing ;,Turnover ;  New South Wales ;  Food retailing ;,"Turnover ;  New South Wales ;  Furniture, floor coverings, houseware and textile goods retailing ;",Turnover ;  New South Wales ;  Electrical and electronic goods retailing ;,"Turnover ;  New South Wales ;  Hardware, building and garden supplies retailing ;",Turnover ;  New South Wales ;  Household goods retailing ;,Turnover ;  New South Wales ;  Clothing retailing ;,Turnover ;  New South Wales ;  Footwear and other personal accessory retailing ;,"Turnover ;  New South Wales ;  Clothing, footwear and personal accessory retailing ;",Turnover ;  New South Wales ;  Department stores ;,Turnover ;  New South Wales ;  Newspaper and book retailing ;,Turnover ;  New South Wales ;  Other recreational goods retailing ;,"Turnover ;  New South Wales ;  Pharmaceutical, cosmetic and toiletry goods retailing ;",Turnover ;  New South Wales ;  Other retailing n.e.c. ;,Turnover ;  New South Wales ;  Other retailing ;,"Turnover ;  New South Wales ;  Cafes, restaurants and catering services ;",Turnover ;  New South Wales ;  Takeaway food services ;,"Turnover ;  New South Wales ;  Cafes, restaurants and takeaway food services ;",Turnover ;  New South Wales ;  Total (Industry) ;,Turnover ;  Victoria ;  Supermarket and grocery stores ;,Turnover ;  Victoria ;  Liquor retailing ;,Turnover ;  Victoria ;  Other specialised food retailing ;,Turnover ;  Victoria ;  Food retailing ;,"Turnover ;  Victoria ;  Furniture, floor coverings, houseware and textile goods retailing ;",Turnover ;  Victoria ;  Electrical and electronic goods retailing ;,"Turnover ;  Victoria ;  Hardware, building and garden supplies retailing ;",Turnover ;  Victoria ;  Household goods retailing ;,Turnover ;  Victoria ;  Clothing retailing ;,Turnover ;  Victoria ;  Footwear and other personal accessory retailing ;,"Turnover ;  Victoria ;  Clothing, footwear and personal accessory retailing ;",Turnover ;  Victoria ;  Department stores ;,Turnover ;  Victoria ;  Newspaper and book retailing ;,Turnover ;  Victoria ;  Other recreational goods retailing ;,"Turnover ;  Victoria ;  Pharmaceutical, cosmetic and toiletry goods retailing ;",Turnover ;  Victoria ;  Other retailing n.e.c. ;,Turnover ;  Victoria ;  Other retailing ;,"Turnover ;  Victoria ;  Cafes, restaurants and catering services ;",Turnover ;  Victoria ;  Takeaway food services ;,"Turnover ;  Victoria ;  Cafes, restaurants and takeaway food services ;",Turnover ;  Victoria ;  Total (Industry) ;,Turnover ;  Queensland ;  Supermarket and grocery stores ;,Turnover ;  Queensland ;  Liquor retailing ;,Turnover ;  Queensland ;  Other specialised food retailing ;,Turnover ;  Queensland ;  Food retailing ;,"Turnover ;  Queensland ;  Furniture, floor coverings, houseware and textile goods retailing ;",Turnover ;  Queensland ;  Electrical and electronic goods retailing ;,"Turnover ;  Queensland ;  Hardware, building and garden supplies retailing ;",Turnover ;  Queensland ;  Household goods retailing ;,Turnover ;  Queensland ;  Clothing retailing ;,Turnover ;  Queensland ;  Footwear and other personal accessory retailing ;,"Turnover ;  Queensland ;  Clothing, footwear and personal accessory retailing ;",Turnover ;  Queensland ;  Department stores ;,Turnover ;  Queensland ;  Newspaper and book retailing ;,Turnover ;  Queensland ;  Other recreational goods retailing ;,"Turnover ;  Queensland ;  Pharmaceutical, cosmetic and toiletry goods retailing ;",Turnover ;  Queensland ;  Other retailing n.e.c. ;,Turnover ;  Queensland ;  Other retailing ;,"Turnover ;  Queensland ;  Cafes, restaurants and catering services ;",Turnover ;  Queensland ;  Takeaway food services ;,"Turnover ;  Queensland ;  Cafes, restaurants and takeaway food services ;",Turnover ;  Queensland ;  Total (Industry) ;,Turnover ;  South Australia ;  Supermarket and grocery stores ;,Turnover ;  South Australia ;  Liquor retailing ;,Turnover ;  South Australia ;  Other specialised food retailing ;,Turnover ;  South Australia ;  Food retailing ;,"Turnover ;  South Australia ;  Furniture, floor coverings, houseware and textile goods retailing ;",Turnover ;  South Australia ;  Electrical and electronic goods retailing ;,"Turnover ;  South Australia ;  Hardware, building and garden supplies retailing ;",Turnover ;  South Australia ;  Household goods retailing ;,Turnover ;  South Australia ;  Clothing retailing ;,Turnover ;  South Australia ;  Footwear and other personal accessory retailing ;,"Turnover ;  South Australia ;  Clothing, footwear and personal accessory retailing ;",Turnover ;  South Australia ;  Department stores ;,Turnover ;  South Australia ;  Newspaper and book retailing ;,Turnover ;  South Australia ;  Other recreational goods retailing ;,"Turnover ;  South Australia ;  Pharmaceutical, cosmetic and toiletry goods retailing ;",Turnover ;  South Australia ;  Other retailing n.e.c. ;,Turnover ;  South Australia ;  Other retailing ;,"Turnover ;  South Australia ;  Cafes, restaurants and catering services ;",Turnover ;  South Australia ;  Takeaway food services ;,"Turnover ;  South Australia ;  Cafes, restaurants and takeaway food services ;",Turnover ;  South Australia ;  Total (Industry) ;,Turnover ;  Western Australia ;  Supermarket and grocery stores ;,Turnover ;  Western Australia ;  Liquor retailing ;,Turnover ;  Western Australia ;  Other specialised food retailing ;,Turnover ;  Western Australia ;  Food retailing ;,"Turnover ;  Western Australia ;  Furniture, floor coverings, houseware and textile goods retailing ;",Turnover ;  Western Australia ;  Electrical and electronic goods retailing ;,"Turnover ;  Western Australia ;  Hardware, building and garden supplies retailing ;",Turnover ;  Western Australia ;  Household goods retailing ;,Turnover ;  Western Australia ;  Clothing retailing ;,Turnover ;  Western Australia ;  Footwear and other personal accessory retailing ;,"Turnover ;  Western Australia ;  Clothing, footwear and personal accessory retailing ;",Turnover ;  Western Australia ;  Department stores ;,Turnover ;  Western Australia ;  Newspaper and book retailing ;,Turnover ;  Western Australia ;  Other recreational goods retailing ;,"Turnover ;  Western Australia ;  Pharmaceutical, cosmetic and toiletry goods retailing ;",Turnover ;  Western Australia ;  Other retailing n.e.c. ;,Turnover ;  Western Australia ;  Other retailing ;,"Turnover ;  Western Australia ;  Cafes, restaurants and catering services ;",Turnover ;  Western Australia ;  Takeaway food services ;,"Turnover ;  Western Australia ;  Cafes, restaurants and takeaway food services ;",Turnover ;  Western Australia ;  Total (Industry) ;,Turnover ;  Tasmania ;  Supermarket and grocery stores ;,Turnover ;  Tasmania ;  Liquor retailing ;,Turnover ;  Tasmania ;  Other specialised food retailing ;,Turnover ;  Tasmania ;  Food retailing ;,"Turnover ;  Tasmania ;  Furniture, floor coverings, houseware and textile goods retailing ;",Turnover ;  Tasmania ;  Electrical and electronic goods retailing ;,"Turnover ;  Tasmania ;  Hardware, building and garden supplies retailing ;",Turnover ;  Tasmania ;  Household goods retailing ;,Turnover ;  Tasmania ;  Clothing retailing ;,Turnover ;  Tasmania ;  Footwear and other personal accessory retailing ;,"Turnover ;  Tasmania ;  Clothing, footwear and personal accessory retailing ;",Turnover ;  Tasmania ;  Department stores ;,Turnover ;  Tasmania ;  Newspaper and book retailing ;,Turnover ;  Tasmania ;  Other recreational goods retailing ;,"Turnover ;  Tasmania ;  Pharmaceutical, cosmetic and toiletry goods retailing ;",Turnover ;  Tasmania ;  Other retailing n.e.c. ;,Turnover ;  Tasmania ;  Other retailing ;,"Turnover ;  Tasmania ;  Cafes, restaurants and catering services ;",Turnover ;  Tasmania ;  Takeaway food services ;,"Turnover ;  Tasmania ;  Cafes, restaurants and takeaway food services ;",Turnover ;  Tasmania ;  Total (Industry) ;,Turnover ;  Northern Territory ;  Supermarket and grocery stores ;,Turnover ;  Northern Territory ;  Liquor retailing ;,Turnover ;  Northern Territory ;  Other specialised food retailing ;,Turnover ;  Northern Territory ;  Food retailing ;,"Turnover ;  Northern Territory ;  Furniture, floor coverings, houseware and textile goods retailing ;",Turnover ;  Northern Territory ;  Electrical and electronic goods retailing ;,"Turnover ;  Northern Territory ;  Hardware, building and garden supplies retailing ;",Turnover ;  Northern Territory ;  Household goods retailing ;,Turnover ;  Northern Territory ;  Clothing retailing ;,Turnover ;  Northern Territory ;  Footwear and other personal accessory retailing ;,"Turnover ;  Northern Territory ;  Clothing, footwear and personal accessory retailing ;",Turnover ;  Northern Territory ;  Department stores ;,Turnover ;  Northern Territory ;  Newspaper and book retailing ;,Turnover ;  Northern Territory ;  Other recreational goods retailing ;,"Turnover ;  Northern Territory ;  Pharmaceutical, cosmetic and toiletry goods retailing ;",Turnover ;  Northern Territory ;  Other retailing n.e.c. ;,Turnover ;  Northern Territory ;  Other retailing ;,"Turnover ;  Northern Territory ;  Cafes, restaurants and catering services ;",Turnover ;  Northern Territory ;  Takeaway food services ;,"Turnover ;  Northern Territory ;  Cafes, restaurants and takeaway food services ;",Turnover ;  Northern Territory ;  Total (Industry) ;,Turnover ;  Australian Capital Territory ;  Supermarket and grocery stores ;,Turnover ;  Australian Capital Territory ;  Liquor retailing ;,Turnover ;  Australian Capital Territory ;  Other specialised food retailing ;,Turnover ;  Australian Capital Territory ;  Food retailing ;,"Turnover ;  Australian Capital Territory ;  Furniture, floor coverings, houseware and textile goods retailing ;",Turnover ;  Australian Capital Territory ;  Electrical and electronic goods retailing ;,"Turnover ;  Australian Capital Territory ;  Hardware, building and garden supplies retailing ;",Turnover ;  Australian Capital Territory ;  Household goods retailing ;,Turnover ;  Australian Capital Territory ;  Clothing retailing ;,Turnover ;  Australian Capital Territory ;  Footwear and other personal accessory retailing ;,"Turnover ;  Australian Capital Territory ;  Clothing, footwear and personal accessory retailing ;",Turnover ;  Australian Capital Territory ;  Department stores ;,Turnover ;  Australian Capital Territory ;  Newspaper and book retailing ;,Turnover ;  Australian Capital Territory ;  Other recreational goods retailing ;,"Turnover ;  Australian Capital Territory ;  Pharmaceutical, cosmetic and toiletry goods retailing ;",Turnover ;  Australian Capital Territory ;  Other retailing n.e.c. ;,Turnover ;  Australian Capital Territory ;  Other retailing ;,"Turnover ;  Australian Capital Territory ;  Cafes, restaurants and catering services ;",Turnover ;  Australian Capital Territory ;  Takeaway food services ;,"Turnover ;  Australian Capital Territory ;  Cafes, restaurants and takeaway food services ;",Turnover ;  Australian Capital Territory ;  Total (Industry) ;,Turnover ;  Total (State) ;  Supermarket and grocery stores ;,Turnover ;  Total (State) ;  Liquor retailing ;,Turnover ;  Total (State) ;  Other specialised food retailing ;,Turnover ;  Total (State) ;  Food retailing ;,"Turnover ;  Total (State) ;  Furniture, floor coverings, houseware and textile goods retailing ;",Turnover ;  Total (State) ;  Electrical and electronic goods retailing ;,"Turnover ;  Total (State) ;  Hardware, building and garden supplies retailing ;",Turnover ;  Total (State) ;  Household goods retailing ;,Turnover ;  Total (State) ;  Clothing retailing ;,Turnover ;  Total (State) ;  Footwear and other personal accessory retailing ;,"Turnover ;  Total (State) ;  Clothing, footwear and personal accessory retailing ;",Turnover ;  Total (State) ;  Department stores ;,Turnover ;  Total (State) ;  Newspaper and book retailing ;,Turnover ;  Total (State) ;  Other recreational goods retailing ;,"Turnover ;  Total (State) ;  Pharmaceutical, cosmetic and toiletry goods retailing ;",Turnover ;  Total (State) ;  Other retailing n.e.c. ;,Turnover ;  Total (State) ;  Other retailing ;,"Turnover ;  Total (State) ;  Cafes, restaurants and catering services ;",Turnover ;  Total (State) ;  Takeaway food services ;,"Turnover ;  Total (State) ;  Cafes, restaurants and takeaway food services ;",Turnover ;  Total (State) ;  Total (Industry) ;
Unit,$ Millions,$ Millions,$ Millions,$ Millions,$ Millions,$ Millions,$ Millions,$ Millions,$ Millions,$ Millions,$ Millions,$ Millions,$ Millions,$ Millions,$ Millions,$ Millions,$ Millions,$ Millions,$ Millions,$ Millions,$ Millions,$ Millions,$ Millions,$ Millions,$ Millions,$ Millions,$ Millions,$ Millions,$ Millions,$ Millions,$ Millions,$ Millions,$ Millions,$ Millions,$ Millions,$ Millions,$ Millions,$ Millions,$ Millions,$ Millions,$ Millions,$ Millions,$ Millions,$ Millions,$ Millions,$ Millions,$ Millions,$ Millions,$ Millions,$ Millions,$ Millions,$ Millions,$ Millions,$ Millions,$ Millions,$ Millions,$ Millions,$ Millions,$ Millions,$ Millions,$ Millions,$ Millions,$ Millions,$ Millions,$ Millions,$ Millions,$ Millions,$ Millions,$ Millions,$ Millions,$ Millions,$ Millions,$ Millions,$ Millions,$ Millions,$ Millions,$ Millions,$ Millions,$ Millions,$ Millions,$ Millions,$ Millions,$ Millions,$ Millions,$ Millions,$ Millions,$ Millions,$ Millions,$ Millions,$ Millions,$ Millions,$ Millions,$ Millions,$ Millions,$ Millions,$ Millions,$ Millions,$ Millions,$ Millions,$ Millions,$ Millions,$ Millions,$ Millions,$ Millions,$ Millions,$ Millions,$ Millions,$ Millions,$ Millions,$ Millions,$ Millions,$ Millions,$ Millions,$ Millions,$ Millions,$ Millions,$ Millions,$ Millions,$ Millions,$ Millions,$ Millions,$ Millions,$ Millions,$ Millions,$ Millions,$ Millions,$ Millions,$ Millions,$ Millions,$ Millions,$ Millions,$ Millions,$ Millions,$ Millions,$ Millions,$ Millions,$ Millions,$ Millions,$ Millions,$ Millions,$ Millions,$ Millions,$ Millions,$ Millions,$ Millions,$ Millions,$ Millions,$ Millions,$ Millions,$ Millions,$ Millions,$ Millions,$ Millions,$ Millions,$ Millions,$ Millions,$ Millions,$ Millions,$ Millions,$ Millions,$ Millions,$ Millions,$ Millions,$ Millions,$ Millions,$ Millions,$ Millions,$ Millions,$ Millions,$ Millions,$ Millions,$ Millions,$ Millions,$ Millions,$ Millions,$ Millions,$ Millions,$ Millions,$ Millions,$ Millions,$ Millions,$ Millions,$ Millions,$ Millions,$ Millions,$ Millions,$ Millions,$ Millions,$ Millions
Series Type,Seasonally Adjusted,Seasonally Adjusted,Seasonally Adjusted,Seasonally Adjusted,Seasonally Adjusted,Seasonally Adjusted,Seasonally Adjusted,Seasonally Adjusted,Seasonally Adjusted,Seasonally Adjusted,Seasonally Adjusted,Seasonally Adjusted,Seasonally Adjusted,Seasonally Adjusted,Seasonally Adjusted,Seasonally Adjusted,Seasonally Adjusted,Seasonally Adjusted,Seasonally Adjusted,Seasonally Adjusted,Seasonally Adjusted,Seasonally Adjusted,Seasonally Adjusted,Seasonally Adjusted,Seasonally Adjusted,Seasonally Adjusted,Seasonally Adjusted,Seasonally Adjusted,Seasonally Adjusted,Seasonally Adjusted,Seasonally Adjusted,Seasonally Adjusted,Seasonally Adjusted,Seasonally Adjusted,Seasonally Adjusted,Seasonally Adjusted,Seasonally Adjusted,Seasonally Adjusted,Seasonally Adjusted,Seasonally Adjusted,Seasonally Adjusted,Seasonally Adjusted,Seasonally Adjusted,Seasonally Adjusted,Seasonally Adjusted,Seasonally Adjusted,Seasonally Adjusted,Seasonally Adjusted,Seasonally Adjusted,Seasonally Adjusted,Seasonally Adjusted,Seasonally Adjusted,Seasonally Adjusted,Seasonally Adjusted,Seasonally Adjusted,Seasonally Adjusted,Seasonally Adjusted,Seasonally Adjusted,Seasonally Adjusted,Seasonally Adjusted,Seasonally Adjusted,Seasonally Adjusted,Seasonally Adjusted,Seasonally Adjusted,Seasonally Adjusted,Seasonally Adjusted,Seasonally Adjusted,Seasonally Adjusted,Seasonally Adjusted,Seasonally Adjusted,Seasonally Adjusted,Seasonally Adjusted,Seasonally Adjusted,Seasonally Adjusted,Seasonally Adjusted,Seasonally Adjusted,Seasonally Adjusted,Seasonally Adjusted,Seasonally Adjusted,Seasonally Adjusted,Seasonally Adjusted,Seasonally Adjusted,Seasonally Adjusted,Seasonally Adjusted,Seasonally Adjusted,Seasonally Adjusted,Seasonally Adjusted,Seasonally Adjusted,Seasonally Adjusted,Seasonally Adjusted,Seasonally Adjusted,Seasonally Adjusted,Seasonally Adjusted,Seasonally Adjusted,Seasonally Adjusted,Seasonally Adjusted,Seasonally Adjusted,Seasonally Adjusted,Seasonally Adjusted,Seasonally Adjusted,Seasonally Adjusted,Seasonally Adjusted,Seasonally Adjusted,Seasonally Adjusted,Seasonally Adjusted,Seasonally Adjusted,Seasonally Adjusted,Seasonally Adjusted,Seasonally Adjusted,Seasonally Adjusted,Seasonally Adjusted,Seasonally Adjusted,Seasonally Adjusted,Seasonally Adjusted,Seasonally Adjusted,Seasonally Adjusted,Seasonally Adjusted,Seasonally Adjusted,Seasonally Adjusted,Seasonally Adjusted,Seasonally Adjusted,Seasonally Adjusted,Seasonally Adjusted,Seasonally Adjusted,Seasonally Adjusted,Seasonally Adjusted,Seasonally Adjusted,Seasonally Adjusted,Seasonally Adjusted,Seasonally Adjusted,Seasonally Adjusted,Seasonally Adjusted,Seasonally Adjusted,Seasonally Adjusted,Seasonally Adjusted,Seasonally Adjusted,Seasonally Adjusted,Seasonally Adjusted,Seasonally Adjusted,Seasonally Adjusted,Seasonally Adjusted,Seasonally Adjusted,Seasonally Adjusted,Seasonally Adjusted,Seasonally Adjusted,Seasonally Adjusted,Seasonally Adjusted,Seasonally Adjusted,Seasonally Adjusted,Seasonally Adjusted,Seasonally Adjusted,Seasonally Adjusted,Seasonally Adjusted,Seasonally Adjusted,Seasonally Adjusted,Seasonally Adjusted,Seasonally Adjusted,Seasonally Adjusted,Seasonally Adjusted,Seasonally Adjusted,Seasonally Adjusted,Seasonally Adjusted,Seasonally Adjusted,Seasonally Adjusted,Seasonally Adjusted,Seasonally Adjusted,Seasonally Adjusted,Seasonally Adjusted,Seasonally Adjusted,Seasonally Adjusted,Seasonally Adjusted,Seasonally Adjusted,Seasonally Adjusted,Seasonally Adjusted,Seasonally Adjusted,Seasonally Adjusted,Seasonally Adjusted,Seasonally Adjusted,Seasonally Adjusted,Seasonally Adjusted,Seasonally Adjusted,Seasonally Adjusted,Seasonally Adjusted,Seasonally Adjusted,Seasonally Adjusted,Seasonally Adjusted,Seasonally Adjusted,Seasonally Adjusted,Seasonally Adjusted
Data Type,FLOW,FLOW,FLOW,FLOW,FLOW,FLOW,FLOW,FLOW,FLOW,FLOW,FLOW,FLOW,FLOW,FLOW,FLOW,FLOW,FLOW,FLOW,FLOW,FLOW,FLOW,FLOW,FLOW,FLOW,FLOW,FLOW,FLOW,FLOW,FLOW,FLOW,FLOW,FLOW,FLOW,FLOW,FLOW,FLOW,FLOW,FLOW,FLOW,FLOW,FLOW,FLOW,FLOW,FLOW,FLOW,FLOW,FLOW,FLOW,FLOW,FLOW,FLOW,FLOW,FLOW,FLOW,FLOW,FLOW,FLOW,FLOW,FLOW,FLOW,FLOW,FLOW,FLOW,FLOW,FLOW,FLOW,FLOW,FLOW,FLOW,FLOW,FLOW,FLOW,FLOW,FLOW,FLOW,FLOW,FLOW,FLOW,FLOW,FLOW,FLOW,FLOW,FLOW,FLOW,FLOW,FLOW,FLOW,FLOW,FLOW,FLOW,FLOW,FLOW,FLOW,FLOW,FLOW,FLOW,FLOW,FLOW,FLOW,FLOW,FLOW,FLOW,FLOW,FLOW,FLOW,FLOW,FLOW,FLOW,FLOW,FLOW,FLOW,FLOW,FLOW,FLOW,FLOW,FLOW,FLOW,FLOW,FLOW,FLOW,FLOW,FLOW,FLOW,FLOW,FLOW,FLOW,FLOW,FLOW,FLOW,FLOW,FLOW,FLOW,FLOW,FLOW,FLOW,FLOW,FLOW,FLOW,FLOW,FLOW,FLOW,FLOW,FLOW,FLOW,FLOW,FLOW,FLOW,FLOW,FLOW,FLOW,FLOW,FLOW,FLOW,FLOW,FLOW,FLOW,FLOW,FLOW,FLOW,FLOW,FLOW,FLOW,FLOW,FLOW,FLOW,FLOW,FLOW,FLOW,FLOW,FLOW,FLOW,FLOW,FLOW,FLOW,FLOW,FLOW,FLOW,FLOW,FLOW,FLOW,FLOW,FLOW,FLOW,FLOW,FLOW,FLOW,FLOW,FLOW,FLOW
Frequency,Month,Month,Month,Month,Month,Month,Month,Month,Month,Month,Month,Month,Month,Month,Month,Month,Month,Month,Month,Month,Month,Month,Month,Month,Month,Month,Month,Month,Month,Month,Month,Month,Month,Month,Month,Month,Month,Month,Month,Month,Month,Month,Month,Month,Month,Month,Month,Month,Month,Month,Month,Month,Month,Month,Month,Month,Month,Month,Month,Month,Month,Month,Month,Month,Month,Month,Month,Month,Month,Month,Month,Month,Month,Month,Month,Month,Month,Month,Month,Month,Month,Month,Month,Month,Month,Month,Month,Month,Month,Month,Month,Month,Month,Month,Month,Month,Month,Month,Month,Month,Month,Month,Month,Month,Month,Month,Month,Month,Month,Month,Month,Month,Month,Month,Month,Month,Month,Month,Month,Month,Month,Month,Month,Month,Month,Month,Month,Month,Month,Month,Month,Month,Month,Month,Month,Month,Month,Month,Month,Month,Month,Month,Month,Month,Month,Month,Month,Month,Month,Month,Month,Month,Month,Month,Month,Month,Month,Month,Month,Month,Month,Month,Month,Month,Month,Month,Month,Month,Month,Month,Month,Month,Month,Month,Month,Month,Month,Month,Month,Month,Month,Month,Month,Month,Month,Month,Month,Month,Month
Collection Month,1,1,1,1,1,1,1,1,1,1,1,1,1,1,1,1,1,1,1,1,1,1,1,1,1,1,1,1,1,1,1,1,1,1,1,1,1,1,1,1,1,1,1,1,1,1,1,1,1,1,1,1,1,1,1,1,1,1,1,1,1,1,1,1,1,1,1,1,1,1,1,1,1,1,1,1,1,1,1,1,1,1,1,1,1,1,1,1,1,1,1,1,1,1,1,1,1,1,1,1,1,1,1,1,1,1,1,1,1,1,1,1,1,1,1,1,1,1,1,1,1,1,1,1,1,1,1,1,1,1,1,1,1,1,1,1,1,1,1,1,1,1,1,1,1,1,1,1,1,1,1,1,1,1,1,1,1,1,1,1,1,1,1,1,1,1,1,1,1,1,1,1,1,1,1,1,1,1,1,1,1,1,1,1,1,1,1,1,1
Series Start,30042,30042,30042,30042,30042,30042,30042,30042,30042,30042,30042,30042,30042,30042,30042,30042,30042,30042,30042,30042,30042,30042,30042,30042,30042,30042,30042,30042,30042,30042,30042,30042,30042,30042,30042,30042,30042,30042,30042,30042,30042,30042,30042,30042,30042,30042,30042,30042,30042,30042,30042,30042,30042,30042,30042,30042,30042,30042,30042,30042,30042,30042,30042,30042,30042,30042,30042,30042,30042,30042,30042,30042,30042,30042,30042,30042,30042,30042,30042,30042,30042,30042,30042,30042,30042,30042,30042,30042,30042,30042,30042,30042,30042,30042,30042,30042,30042,30042,30042,30042,30042,30042,30042,30042,30042,30042,30042,30042,30042,30042,30042,30042,30042,30042,30042,30042,30042,30042,30042,30042,30042,30042,30042,30042,30042,30042,30042,30042,30042,30042,30042,30042,30042,30042,30042,30042,30042,30042,30042,30042,30042,30042,30042,30042,30042,30042,30042,30042,30042,30042,30042,30042,30042,30042,30042,30042,30042,30042,30042,30042,30042,30042,30042,30042,30042,30042,30042,30042,30042,30042,30042,30042,30042,30042,30042,30042,30042,30042,30042,30042,30042,30042,30042,30042,30042,30042,30042,30042,30042
Series End,45778,45778,45778,45778,45778,45778,45778,45778,45778,45778,45778,45778,45778,45778,45778,45778,45778,45778,45778,45778,45778,45778,45778,45778,45778,45778,45778,45778,45778,45778,45778,45778,45778,45778,45778,45778,45778,45778,45778,45778,45778,45778,45778,45778,45778,45778,45778,45778,45778,45778,45778,45778,45778,45778,45778,45778,45778,45778,45778,45778,45778,45778,45778,45778,45778,45778,45778,45778,45778,45778,45778,45778,45778,45778,45778,45778,45778,45778,45778,45778,45778,45778,45778,45778,45778,45778,45778,45778,45778,45778,45778,45778,45778,45778,45778,45778,45778,45778,45778,45778,45778,45778,45778,45778,45778,45778,45778,45778,45778,45778,45778,45778,45778,45778,45778,45778,45778,45778,45778,45778,45778,45778,45778,45778,45778,45778,45778,45778,45778,45778,45778,45778,45778,45778,45778,45778,45778,45778,45778,45778,45778,45778,45778,45778,45778,45778,45778,45778,45778,45778,45778,45778,45778,45778,45778,45778,45778,45778,45778,45778,45778,45778,45778,45778,45778,45778,45778,45778,45778,45778,45778,45778,45778,45778,45778,45778,45778,45778,45778,45778,45778,45778,45778,45778,45778,45778,45778,45778,45778
No. Obs,518,518,518,518,518,518,518,518,518,518,518,518,518,518,518,518,518,518,518,518,518,518,518,518,518,518,518,518,518,518,518,518,518,518,518,518,518,518,518,518,518,518,518,518,518,518,518,518,518,518,518,518,518,518,518,518,518,518,518,518,518,518,518,518,518,518,518,518,518,518,518,518,518,518,518,518,518,518,518,518,518,518,518,518,518,518,518,518,518,518,518,518,518,518,518,518,518,518,518,518,518,518,518,518,518,518,518,518,518,518,518,518,518,518,518,518,518,518,518,518,518,518,518,518,518,518,518,518,518,518,518,518,518,518,518,518,518,518,518,518,518,518,518,518,518,518,518,518,518,518,518,518,518,518,518,518,518,518,518,518,518,518,518,518,518,518,518,518,518,518,518,518,518,518,518,518,518,518,518,518,518,518,518,518,518,518,518,518,518
Series ID,A3349558A,A3349341L,A3349878L,A3349345W,A3349712L,A3349343T,A3349559C,A3349470J,A3349631K,A3349880X,A3349630J,A3349710J,A3349793A,A3349633R,A3349472L,A3349473R,A3349877K,A3349408V,A3349716W,A3349339A,A3349628W,A3349412K,A3349568F,A3349645X,A3349887R,A3349409W,A3349649J,A3349486A,A3349652W,A3349889V,A3349890C,A3349732W,A3349636W,A3349489J,A3349567C,A3349644W,A3349885K,A3349346X,A3349418X,A3349801R,A3349726A,A3349796J,A3349357F,A3349496F,A3349358J,A3349487C,A3349899X,A3349497J,A3349895R,A3349804W,A3349493X,A3349354X,A3349353W,A3349488F,A3349571V,A3349572W,A3349491V,A3349807C,A3349647C,A3349897V,A3349421L,A3349494A,A3349809J,A3349426X,A3349813X,A3349814A,A3349817J,A3349659L,A3349431T,A3349362X,A3349430R,A3349666K,A3349667L,A3349363A,A3349740W,A3349668R,A3349498K,A3349900W,A3349359K,A3349818K,A3349812W,A3349735C,A3349657J,A3349739L,A3349512V,A3349828R,A3349663C,A3349587L,A3349439K,A3349911C,A3349664F,A3349583C,A3349515A,A3349440V,A3349662A,A3349747L,A3349751C,A3349912F,A3349516C,A3349665J,A3349748R,A3349833J,A3349369R,A3349827L,A3349584F,A3349761J,A3349446J,A3349762K,A3349918V,A3349672F,A3349593J,A3349592F,A3349836R,A3349919W,A3349839W,A3349444C,A3349758V,A3349675L,A3349840F,A3349524C,A3349676R,A3349523A,A3349923L,A3349678V,A3349755L,A3349519K,A3349780R,A3349926V,A3349682K,A3349543K,A3349602X,A3349531A,A3349683L,A3349615K,A3349449R,A3349603A,A3349939F,A3349940R,A3349936X,A3349541F,A3349387V,A3349613F,A3349858C,A3349460C,A3349693T,A3349695W,A3349697A,A3349933T,A3349853T,A3349529R,A3349772R,A3349381F,A3349777A,A3349536L,A3349769A,A3349454J,A3349934V,A3349845T,A3349611A,A3349601W,A3349383K,A3349458T,A3349855W,A3349380C,A3349386T,A3349685T,A3349385R,A3349691L,A3349783W,A3349620C,A3349784X,A3349708W,A3349785A,A3349392L,A3349467V,A3349864X,A3349621F,A3349393R,A3349702J,A3349390J,A3349552L,A3349707V,A3349553R,A3349395V,A3349548W,A3349331J,A3349625R,A3349865A,A3349549X
30042,307,43.5,65,415.5,68.8,105.8,62.1,236.7,95.5,33,128.5,193.1,54,23.3,44.9,66.6,188.9,60.9,87.1,148,1310.7,253.6,18.3,34.4,306.3,62.4,58.4,65,185.7,91,25.7,116.6,105.4,44.4,16.3,33.1,36.1,129.8,38.4,49.7,88,932,139.8,NA,NA,163.5,34.3,52,16.3,102.6,29.6,14.7,44.4,68.7,20,11.7,23.4,27.9,83,19,27.5,46.5,508.6,81.8,6,11.2,99,15.9,18.1,10.1,44.2,19.1,6.4,25.5,49.7,8,6.3,7.7,13.3,35.3,14.2,16.5,30.8,284.4,96.5,12.8,13.5,122.7,21,25.1,10.2,56.2,22.4,7.9,30.2,39.5,10.4,7,15.6,12.1,45.2,8.2,10.9,19.1,313,26.2,NA,NA,28.7,6.3,5.2,2.6,14.1,6.6,1.9,8.5,NA,3,2,4.1,NA,NA,2.2,3.6,5.8,81.6,NA,NA,NA,NA,NA,NA,NA,NA,NA,NA,NA,NA,NA,NA,NA,NA,NA,NA,NA,NA,NA,12.4,1.2,1.8,15.4,2.8,4.6,3.4,10.7,3.2,2.1,5.3,9.6,2.6,1.1,2.7,2.3,8.8,4.4,3.6,8,57.8,931.8,82.9,152,1166.8,213,270.4,170,653.4,268.6,92,360.6,480.4,143.9,68.1,132.4,163.5,507.8,148.4,201.3,349.7,3518.7
30072,307.3,44.7,65.1,417.1,66,104.9,61.6,232.5,95.8,33.1,129,195.5,53.3,22.8,44.4,65.3,185.9,59.3,86.1,145.4,1305.4,261.4,19.6,35,316,61.4,56.3,66.8,184.5,90.2,26,116.1,108.3,43.3,15.8,32.7,36.1,127.8,37.3,48.9,86.2,938.9,137.8,NA,NA,161,33.5,52.6,15.5,101.6,29.8,15,44.9,72,18.8,12.1,23.3,28.2,82.4,20.6,27.7,48.3,510.1,82.3,5.8,11.5,99.6,16.4,19.1,10.4,45.9,20.7,6.4,27.1,49.9,7.7,6.6,7.7,13.3,35.3,14.6,16.4,31,288.9,98,13,13.6,124.6,20.7,26.8,9.1,56.6,21.9,7.7,29.6,40,10.9,7.1,15.6,12.1,45.8,8.1,10.8,18.9,315.5,26.4,NA,NA,28.8,6.1,4.7,2.6,13.4,7,1.8,8.8,NA,2.9,1.9,4.1,NA,NA,2.1,3.6,5.7,80.5,NA,NA,NA,NA,NA,NA,NA,NA,NA,NA,NA,NA,NA,NA,NA,NA,NA,NA,NA,NA,NA,12.5,1.3,1.6,15.4,3,4.4,3.7,11.2,3.3,2,5.3,10,2.7,1,2.7,2.1,8.5,3.9,3.5,7.4,57.7,940.2,85.5,152.5,1178.2,208.5,270.2,170,648.7,270,92.5,362.5,489.9,141.1,67.9,131.3,161.9,502.2,146.9,199.4,346.3,3527.6
30103,308.8,44.4,64.7,417.9,66.7,107.4,63.3,237.5,95.9,34.2,130.1,191.6,52.5,23.3,44.8,66.7,187.3,60,85.4,145.4,1309.8,269.7,20.4,36.2,326.4,58.6,56.6,70.7,185.9,90.1,26.1,116.2,105.7,43.9,16,31.6,38.4,129.9,37.7,51.2,88.8,952.8,147.2,NA,NA,171.6,34.5,52.7,15.7,102.9,31,15.3,46.3,64.6,18.9,12.4,24,28.8,84,20.3,28.9,49.2,518.5,84.5,5.9,11.5,101.9,16.8,18.2,10,45,19.1,6.5,25.6,50.9,6.7,6.5,7.8,13.3,34.2,14.7,16.6,31.3,288.9,99.1,12.5,13.6,125.2,20.5,26.9,9.7,57.1,23.5,7.7,31.2,42.1,11.6,7.2,15.2,12,46.1,8.1,11.4,19.5,321.2,26.5,NA,NA,28.9,6.2,5.1,2.6,13.8,6.9,1.9,8.8,NA,3.1,1.9,4.1,NA,NA,2.1,3.4,5.5,81,NA,NA,NA,NA,NA,NA,NA,NA,NA,NA,NA,NA,NA,NA,NA,NA,NA,NA,NA,NA,NA,12.6,1.3,1.6,15.6,2.6,4.5,3.6,10.7,3.1,2.1,5.2,10.9,2.6,1,2.6,2.2,8.4,3.9,3.6,7.5,58.3,963.4,85.6,154.4,1203.4,207.2,272.6,175.9,655.7,271,94.1,365.1,479.8,140.6,68.9,131,166.3,506.8,147.8,203,350.8,3561.5
30133,309.3,44.6,65.6,419.5,65.9,104.2,65.6,235.7,96,34.7,130.7,180,50.3,22.3,45.5,65.6,183.7,58.1,84.1,142.2,1291.8,268.1,20.9,35.5,324.5,60.5,59.1,70.8,190.4,91.7,26.1,117.8,108.3,42.5,15.8,35.6,36.1,130,35.9,49.1,84.9,956,147.8,NA,NA,170.5,32.4,52.6,15.5,100.5,28.7,15.2,44,71.1,18.9,13,23.4,29,84.3,22.3,25.3,47.6,518,85.8,6.1,12,103.9,17.8,20.1,11.1,49.1,18.8,6.5,25.2,50,7.5,6.6,7.8,14,36,14.8,17.3,32.1,296.2,102.7,12.9,13.6,129.2,19.9,27.9,9.6,57.4,20.7,7.4,28.2,43.3,9.5,7.2,15.1,12,43.7,8.1,10.6,18.7,320.4,27.4,NA,NA,29.9,6,5.2,2.9,14.1,7.2,1.9,9,NA,3.3,1.9,4.3,NA,NA,2,3.5,5.5,83.7,NA,NA,NA,NA,NA,NA,NA,NA,NA,NA,NA,NA,NA,NA,NA,NA,NA,NA,NA,NA,NA,13,1.4,1.6,16,2.7,4.9,2.8,10.4,3.2,2.1,5.2,9.4,2.7,1,2.6,2.1,8.5,3.9,3.4,7.3,56.8,969.1,87.2,153.2,1209.5,206.7,275.1,178.6,660.5,267.5,94.4,361.9,476.9,136.3,68.4,135.1,163.8,503.6,145.9,195.5,341.5,3553.9
30164,310.5,44.9,64.4,419.8,65.9,104.5,64.5,234.9,94.3,34.1,128.4,201.5,52,22.7,45.9,66.6,187.2,58.6,84.1,142.7,1314.4,259,21.1,34.7,314.7,61.8,58.3,71.9,191.9,94.3,26.4,120.7,109.5,42.7,14.9,35.7,36,129.4,33.3,51.3,84.5,950.7,147.4,NA,NA,169.6,31.4,51.8,14.5,97.8,27.7,14.6,42.4,79.7,18.5,13.3,22.3,28.7,82.8,23,26.1,49.1,521.4,85.8,6.2,12.1,104.1,18.4,20.6,11.4,50.3,18.9,6.6,25.5,54.2,8.1,6.6,8.3,14.2,37.2,14.1,18.3,32.4,303.7,101.4,13.1,13.3,127.7,20.2,27.6,9.1,57,19.3,7.3,26.6,45.8,9.3,7.3,15.6,11.4,43.5,8.4,9.4,17.8,318.4,27.2,NA,NA,29.8,5.9,5,3.3,14.2,6.6,1.9,8.4,NA,3.4,1.8,4.4,NA,NA,2,3.6,5.6,83.3,NA,NA,NA,NA,NA,NA,NA,NA,NA,NA,NA,NA,NA,NA,NA,NA,NA,NA,NA,NA,NA,13.5,1.5,1.6,16.6,2.7,5,3.1,10.9,3.3,2.1,5.4,10.3,2.7,1,2.7,2.1,8.5,3.7,3.5,7.2,58.9,959.6,88,150.6,1198.2,207.7,274,178.1,659.8,265.8,93.4,359.2,516.1,138,68.3,135.7,163.9,505.9,144,198.6,342.6,3581.8
30195,310.3,44.6,65.1,420,63.7,105.9,62.4,231.9,91.5,33.3,124.8,190.2,51.5,22.3,45.7,64.9,184.3,57,84.1,141.1,1292.4,272.6,20.1,36.2,328.8,60.5,63.2,71.5,195.2,97.7,26.6,124.3,105.7,42.2,16,35.8,36.9,131,35.6,51.2,86.8,971.8,150.1,NA,NA,172.8,32.3,51.6,15,98.9,29.1,15.1,44.3,71.5,19.4,13.2,20.8,29.7,83.2,23.2,27.3,50.5,521,85.4,6.2,12.2,103.8,18.6,21.3,11.8,51.8,19.6,7,26.6,51.2,8.1,6.8,8,14.5,37.4,14.5,18.4,32.9,303.7,103.8,12.9,13.4,130.1,19.7,28.1,8.5,56.3,20.3,7.4,27.7,41.6,10.8,7.3,15.2,11.9,45.1,8.4,10.3,18.7,319.6,27.5,NA,NA,30,5.6,5.2,2.8,13.6,6.7,1.8,8.4,NA,3.4,1.8,4.1,NA,NA,1.9,3.7,5.6,82.5,NA,NA,NA,NA,NA,NA,NA,NA,NA,NA,NA,NA,NA,NA,NA,NA,NA,NA,NA,NA,NA,13.1,1.5,1.6,16.2,2.7,4.8,3.3,10.9,3.6,2.3,5.9,9.9,2.6,1,2.7,2.2,8.6,3.9,3.7,7.6,59,977.8,86.5,153.5,1217.8,204.5,281.4,175.7,661.6,269.9,93.9,363.8,485.3,139.4,69.1,133,164.7,506.2,145.5,201,346.5,3581.2
30225,319.1,45.6,65.7,430.3,66.1,106.4,57.1,229.6,84.8,31.5,116.3,187.5,52.8,22.1,45.8,63.5,184.2,55.7,85.8,141.5,1289.4,281,21.9,37.7,340.6,64.5,61.3,64.2,190,95.4,25.8,121.1,107.8,47.6,16.2,36.5,37.2,137.5,36.6,54.1,90.6,987.7,144.8,NA,NA,166.9,31.9,51.2,13.8,96.9,32.5,15.3,47.8,71.4,20.5,12.3,19.8,26.8,79.5,20.5,27.9,48.4,510.9,87.4,6.6,12.5,106.5,19.1,20.9,11.5,51.5,21,7.4,28.4,50.3,8.1,7.3,8.1,14.9,38.3,16.3,19.6,35.9,310.9,107,14,14.3,135.3,17.2,26.4,10.1,53.7,21.8,8.3,30,40.1,7.9,7.5,14.9,12.4,42.7,9.3,11,20.3,322.2,26.9,NA,NA,29.5,5.7,4.7,2.6,12.9,6.1,1.7,7.8,NA,3.2,1.8,4.3,NA,NA,1.9,3.7,5.6,81.1,NA,NA,NA,NA,NA,NA,NA,NA,NA,NA,NA,NA,NA,NA,NA,NA,NA,NA,NA,NA,NA,13.4,1.4,1.7,16.4,3.4,5,3.4,11.8,3.6,2.3,5.9,10.2,2.9,1.1,2.7,2.4,9,4.5,3.8,8.3,61.6,995,90.8,156.3,1242.1,209.3,277.2,163,649.5,266.5,92.5,359,483,144.4,68.9,132.9,161.8,507.9,145.7,208.4,354.1,3595.6
30256,326.5,45.7,65.1,437.3,64.3,100.4,57,221.6,90.3,33.2,123.5,190.8,54.1,22.2,45,62.9,184.2,58,85.2,143.2,1300.5,283.3,22,37.6,342.8,67.5,61.3,72,200.8,99.8,27.3,127.1,110.2,42.1,16.8,36.8,38,133.6,38,55,93,1007.5,152.9,NA,NA,175.4,31.8,50.9,14.4,97.1,32.8,15.5,48.3,69.9,21.4,12.5,18.7,28.5,81.1,21.6,27.2,48.8,520.6,87.6,6.4,12,106.1,19.6,20.9,12.3,52.7,21.8,7.7,29.5,52.4,9,7.5,8.4,15.3,40.1,17.3,19.9,37.2,318,107.7,14,13.7,135.3,18.4,27.2,11.7,57.3,22,8.4,30.5,39.8,8.4,7.5,15.2,12.8,43.9,8.9,11.3,20.2,327,27.3,NA,NA,29.8,5.6,4.9,2.9,13.4,6.7,1.8,8.5,NA,3.2,1.9,4.7,NA,NA,1.9,3.7,5.6,82.9,NA,NA,NA,NA,NA,NA,NA,NA,NA,NA,NA,NA,NA,NA,NA,NA,NA,NA,NA,NA,NA,13.5,1.4,1.7,16.6,3.3,5,3.7,12.1,3.6,2.4,5.9,10.6,2.9,1.2,2.8,2.5,9.4,4.7,4,8.6,63.2,1014.4,90.8,154.9,1260.1,212,271.8,174.3,658.1,278.3,96.7,375,488.8,142.6,69.8,132.3,164.7,509.5,151.4,208.8,360.1,3651.7
30286,321.8,40.6,66.2,428.6,66.6,96.2,63.2,226,91.5,33.3,124.9,182.5,54.3,22,44.8,65.5,186.6,58.7,85.9,144.6,1293.2,284.4,22.5,37.8,344.7,67.3,59.9,74.1,201.4,97.6,27.3,124.9,110.3,41.6,16.3,38.4,37.9,134.2,36.5,56,92.6,1008.1,150.4,NA,NA,172.1,33.6,52.1,14.3,100,33.2,15.5,48.7,68.5,23.4,12.2,18.8,28.1,82.5,20.9,27.2,48.1,519.9,84.8,6.3,12.4,103.4,20.3,21.5,12.6,54.4,22.2,8.1,30.4,52.7,10.4,7.5,9,16.2,43.1,16.9,21.3,38.2,322.3,106.4,12.3,13.6,132.3,19,26.8,12.8,58.7,22.1,8.4,30.5,40.3,8.4,7.3,15.2,13.4,44.4,8.9,11.3,20.2,326.5,27.7,NA,NA,30.2,5.9,5,3.1,14,6.8,1.8,8.6,NA,3.2,1.7,4.3,NA,NA,1.9,4,5.8,83.3,NA,NA,NA,NA,NA,NA,NA,NA,NA,NA,NA,NA,NA,NA,NA,NA,NA,NA,NA,NA,NA,14.3,1.3,1.7,17.3,3.6,5.7,3.6,12.8,3.6,2.5,6.1,10.1,3.2,1.3,3.1,2.6,10.1,4.8,4,8.9,65.3,1005.4,84.1,155.9,1245.4,217.8,268.4,184.2,670.3,278.5,97.3,375.8,479.2,145.9,68.9,134.6,168.5,517.9,149.6,212.2,361.8,3650.4
30317,317.8,42.2,66.1,426.2,67.3,112.3,75.8,255.4,96.9,35.4,132.3,169.7,56,24,47.8,71.2,199,62.2,87.9,150.1,1332.7,286.8,22.6,37.6,347,66.1,64.1,71.5,201.7,98.5,27.7,126.3,103.9,44,17,38.2,38.2,137.4,38.5,56.1,94.6,1010.8,148.5,NA,NA,170.9,33.6,54.9,14.9,103.4,34.4,15.4,49.9,74.2,21.5,12.3,18.6,28.2,80.7,20.3,28,48.3,527.3,87.2,6.7,12.7,106.7,22.7,21.2,11,54.9,23.7,7.4,31.1,55.1,9,7.6,8.3,15.1,40,16.7,22.2,39,326.7,100.5,15,12.6,128.2,17.8,28.4,11.4,57.7,22.5,8.2,30.7,42.2,7.6,7.5,14.8,12.6,42.5,8.7,11.1,19.8,321,27.9,NA,NA,30.4,5.7,5.9,3,14.6,6.5,1.8,8.3,NA,3.1,2,4.2,NA,NA,2,3.5,5.5,84.1,NA,NA,NA,NA,NA,NA,NA,NA,NA,NA,NA,NA,NA,NA,NA,NA,NA,NA,NA,NA,NA,12.2,1.1,1.7,15.1,3.6,5.3,3.4,12.3,3.5,2.3,5.8,9.9,3,1.1,2.7,2.4,9.3,4.6,4,8.6,61,996.4,88.9,155.5,1240.9,218.3,293.4,191.5,703.2,287.5,98.7,386.2,470.4,145.7,72,135.3,172.7,525.7,154.1,215.3,369.4,3695.6
30348,352.8,42.9,66.9,462.6,72.8,121.4,69.8,264,96.7,36.7,133.4,194,60.9,26.3,48.4,72.9,208.5,66.5,90.2,156.7,1419.2,295.7,22.6,37.4,355.6,66.2,68.9,70.8,205.9,92.6,27.5,120.2,112.7,43.5,18.1,37.5,38.4,137.4,40.4,52.6,93,1024.8,160.4,NA,NA,183.4,32.3,54.4,13.9,100.6,33.6,15.4,49,73.7,21.1,12.9,20,28.3,82.3,21.3,29.5,50.8,539.7,92.7,6.8,12.8,112.3,22.1,22.3,9.8,54.3,21.8,7,28.8,52.6,9.2,7.4,7.9,14.2,38.6,15.7,22.9,38.7,325.3,105.7,13.5,13.1,132.3,18.6,28.6,11.4,58.6,23.1,8.4,31.5,43.4,7.6,7.6,14.6,12.6,42.4,8.9,11.1,20,328.1,28.5,NA,NA,31.1,5.5,5.6,2.8,13.9,6.6,1.8,8.4,NA,3.2,2.1,4.2,NA,NA,2.2,3.5,5.7,85.1,NA,NA,NA,NA,NA,NA,NA,NA,NA,NA,NA,NA,NA,NA,NA,NA,NA,NA,NA,NA,NA,13.9,1.3,1.8,17,3.7,5.1,3,11.9,3.5,2.5,6,11,3.3,1.2,2.8,2.5,9.8,5.2,4.4,9.6,65.2,1066.2,88.2,157.5,1311.9,222.7,307.8,182,712.4,279.3,99.8,379.1,503.3,150.3,76.1,136,173.9,536.4,161.2,216.6,377.9,3821
30376,342.3,43.3,65.3,450.8,67.6,124.5,71.9,264,101.2,37.3,138.5,190.8,58.5,25.2,49.7,71.8,205.3,62.3,82.7,145,1394.4,291.6,23.3,38.7,353.6,69.7,68.3,73.7,211.8,99,28.3,127.4,113.7,48.7,16.5,37,37.9,140.1,36.9,53.9,90.8,1037.3,156.8,NA,NA,179.5,31.8,57.7,15.3,104.8,34.4,15.8,50.3,72.7,21,13.7,18.4,29.2,82.2,21.9,28.6,50.5,540,90.9,6.6,13.2,110.7,23.2,23.2,11.5,57.9,23.6,7.7,31.3,56.7,9,7.6,8,15.5,40,16.3,24.7,40.9,337.5,104.7,14.8,13.3,132.8,17.9,29.6,11.8,59.3,22.6,8.3,30.9,40.7,7.2,7.7,14.7,12.9,42.4,9.1,11.2,20.4,326.5,28.9,NA,NA,31.6,5.9,5.7,3.1,14.8,6.6,1.9,8.5,NA,3.3,2.1,4.2,NA,NA,2.2,3.5,5.8,88.6,NA,NA,NA,NA,NA,NA,NA,NA,NA,NA,NA,NA,NA,NA,NA,NA,NA,NA,NA,NA,NA,13.9,1.2,1.8,16.8,3.8,4.9,3.7,12.4,3.9,2.5,6.4,11.2,2.9,1.2,2.6,2.4,9.1,4.4,4.6,9.1,65,1045.3,90.3,157.5,1293.2,221.4,315.4,191.4,728.2,292.9,102.3,395.2,503.3,152.1,74.5,135.4,174.8,536.9,154.2,211.8,366,3822.8
30407,333.4,45.4,64.1,443,65.1,127.1,69.1,261.3,115.4,40,155.4,217.1,57.4,25.9,54.5,70.3,208.1,64.3,82.5,146.8,1431.8,303.6,23.2,35.7,362.4,63.5,69.1,70.9,203.5,107.1,28.4,135.5,120.4,39.6,17.3,37,37.4,131.3,36.7,52,88.7,1042,160.6,NA,NA,183,31.8,61.4,13.9,107.1,35.3,15.9,51.2,73.5,20.8,13.4,19.4,29.1,82.7,22.1,28.7,50.8,548.5,93.1,6.5,13.5,113.2,25.4,23.6,11.4,60.4,23.6,8.1,31.7,56.3,10.9,7.8,8.1,15.5,42.3,16.5,23,39.5,343.3,106.7,13.3,13.3,133.4,18.3,29.7,11.7,59.7,23.6,8.7,32.4,43,8.1,7.9,15,13.3,44.2,9.4,11.2,20.5,333,28.9,NA,NA,31.6,6,5.8,2.9,14.7,7,2,9,NA,3.3,2.2,4.3,NA,NA,2.7,3.1,5.8,87.8,NA,NA,NA,NA,NA,NA,NA,NA,NA,NA,NA,NA,NA,NA,NA,NA,NA,NA,NA,NA,NA,14.1,1.3,1.9,17.3,3.6,4.5,4.1,12.3,4.1,2.6,6.7,11.3,3.1,1.1,2.4,2.4,9.1,4.6,4.2,8.8,65.5,1056.7,91,153.4,1301.1,215.2,322.7,184.5,722.3,317.7,106.2,423.9,537.5,144.7,76.1,141.6,173.6,536,157.2,207.2,364.4,3885.2
30437,335,44.6,64.9,444.4,67.2,123.2,73,263.4,102,39,141,191.5,56.9,25.3,55,72.4,209.6,63.5,82.6,146.1,1396,285.9,23.4,36.7,346,60.2,64,71.4,195.7,95.2,27.1,122.2,109.1,41.9,16,37.9,36.6,132.4,35,53.1,88.1,993.5,163.3,NA,NA,185.6,34.5,55.1,14.4,104,32.1,15.9,48,71.2,21.3,13.3,19.2,29.3,83,22.7,28.4,51.1,542.9,93.7,6.7,13.4,113.8,25.5,22.4,11.2,59.1,23.3,7.5,30.8,53.5,11.4,7.7,8.3,15.5,42.9,16.8,23.7,40.4,340.4,109.7,14,13.4,137.1,18.6,28,12.5,59,22.9,8.7,31.6,42.8,8.3,7.8,14.8,13.3,44.2,9.4,11.5,20.9,335.6,28.8,NA,NA,31.5,5.9,5.4,3.1,14.3,6.6,1.9,8.4,NA,3.1,2.1,3.9,NA,NA,2.4,3.7,6,86,NA,NA,NA,NA,NA,NA,NA,NA,NA,NA,NA,NA,NA,NA,NA,NA,NA,NA,NA,NA,NA,14.8,1.3,2,18,3.6,4.3,3.5,11.4,3.9,2.6,6.5,10.6,2.9,1.1,2.5,2.5,9,5,5.5,10.5,65.9,1047.3,91.2,155.2,1293.7,217,303.7,189.4,710,287.4,102.9,390.3,494,147.3,73.8,142.5,174.8,538.4,155.7,211,366.7,3793.2
30468,332.1,44.9,66.6,443.6,67.7,121,74.7,263.4,103.5,38.6,142.1,194.4,57.8,25.1,58,72.8,213.7,63.6,85.2,148.7,1406,300.6,23.6,36,360.1,62.1,68.2,70.4,200.7,94.9,27.5,122.3,110.3,42.5,17.2,37.6,38.1,135.4,37.5,49.9,87.4,1016.3,162,NA,NA,184.2,31.5,55.1,14.5,101.1,34.6,16.1,50.7,77.3,21.1,13.3,19.4,29.5,83.2,22.2,28.6,50.8,547.3,95.6,6.8,13.7,116,26.6,23.5,11.7,61.8,23.6,8,31.6,54,11.2,7.9,8,16.1,43.1,17.4,24.1,41.5,348.1,110,15,13.4,138.4,18.7,25.8,13.6,58.1,23.7,8.8,32.5,41.9,8.1,7.9,14.7,13.5,44.2,9.4,11.4,20.8,335.9,28.6,NA,NA,31.5,6.3,5.2,2.9,14.4,6.8,1.9,8.7,NA,3,2.1,4.2,NA,NA,2.4,3.9,6.2,87.3,NA,NA,NA,NA,NA,NA,NA,NA,NA,NA,NA,NA,NA,NA,NA,NA,NA,NA,NA,NA,NA,13.9,1.4,1.9,17.3,3.7,4.1,3.4,11.2,3.9,2.5,6.4,11.2,3.1,1,2.3,2.4,8.9,4.6,5.8,10.4,65.3,1059.1,93,156.6,1308.6,218,304.3,191.6,713.9,292.4,103.8,396.2,505.2,148.3,75,145.1,177.7,546.1,158,211.3,369.3,3839.4
30498,333.6,45.3,71,450,60.5,112.1,74.9,247.5,103.1,36.9,140,197.2,61.6,24,54.6,73.7,213.8,62.5,86.9,149.4,1398,307.4,24,37.2,368.7,60.1,68.7,72.7,201.6,99.4,28.2,127.6,112.2,44,17.1,38.3,38.4,137.9,37.3,53.2,90.5,1038.5,165,NA,NA,187.4,31.9,57.7,16.5,106,34.9,16.7,51.6,70.7,21.4,13.5,19.8,30.2,84.9,22.9,28.4,51.4,551.9,99.1,6.9,13.7,119.8,25.9,23,12.2,61.1,24.7,8.2,32.9,56.6,8.5,8.3,8.3,16.3,41.4,18.7,24.1,42.8,354.5,109.4,15.1,13.1,137.5,19.7,30,10.9,60.7,24.2,8.9,33.2,43.3,8,8.2,15,13.1,44.3,9.6,11,20.6,339.6,29,NA,NA,32.1,6.2,5.3,3.2,14.7,6.4,2,8.4,NA,3.2,2.1,4.2,NA,NA,2.3,4.4,6.8,88.3,NA,NA,NA,NA,NA,NA,NA,NA,NA,NA,NA,NA,NA,NA,NA,NA,NA,NA,NA,NA,NA,13.9,1.5,2.1,17.4,3.8,4.3,3.3,11.4,3.9,2.6,6.4,11.4,3.2,1.1,2.4,2.4,9.1,4.8,6,10.8,66.5,1074,94,162.6,1330.6,209.6,302.5,194.1,706.1,298,104,402,507.4,151.4,74.8,143.4,179.4,549.1,159.2,216.7,375.9,3871.1
30529,334.8,44.2,68.1,447.1,64.3,119.1,76.7,260.1,103.6,37.7,141.3,201.8,60.2,25,54.5,74.2,213.8,63.6,86.8,150.4,1414.6,318.5,24.8,37.6,380.9,59.5,73,74.1,206.7,99.7,28.3,128.1,115,48.4,17.3,39.7,39.5,144.9,37.3,54.7,91.9,1067.5,166.4,NA,NA,188.4,33,59.5,15.6,108.1,37.1,16.8,54,70.7,21.4,13.7,20.4,30.1,85.6,22.8,29,51.7,558.4,103.6,7.2,14,124.7,26.9,25.4,11.8,64.1,24.3,8.4,32.7,57.3,9.3,8.8,8.3,16.5,42.9,18.9,25.8,44.7,366.4,112.3,15.3,13.1,140.8,18.9,33.8,12.1,64.7,24,8.9,33,44,8.6,8.4,15,13.5,45.5,9.8,11.2,21,349,29.3,NA,NA,32.3,6.5,5.8,3.3,15.6,7.1,2,9.1,NA,3.2,2.1,4.1,NA,NA,2.4,4.5,6.9,90.9,NA,NA,NA,NA,NA,NA,NA,NA,NA,NA,NA,NA,NA,NA,NA,NA,NA,NA,NA,NA,NA,14.1,1.4,1.7,17.2,3.7,4.3,3.2,11.2,3.8,2.5,6.3,11.4,3.2,1.1,2.3,2.5,9.1,4.9,4.1,9,64.4,1095.9,94.2,159.2,1349.4,214.2,322.3,197.2,733.8,301.2,105.2,406.3,516.8,155.9,76.9,145.3,181.7,559.8,160.7,218.7,379.4,3945.5
30560,341.5,45,68.2,454.6,65.1,117.1,80.2,262.3,108.5,38.1,146.6,198.2,62.5,25.4,55.3,76.5,219.8,66.2,85.9,152.1,1433.7,316.7,24.1,37.7,378.5,59.2,73.2,74.5,206.9,102.1,28.7,130.8,112.5,47.3,17.6,40,39.5,144.5,38.2,53.7,91.9,1065,168,NA,NA,189.7,32.7,56,15.6,104.2,36.3,16.9,53.2,71.2,21,13.6,20.8,30,85.4,22.7,28.5,51.2,555.1,100,7.3,13.4,120.6,25.4,23.9,12.5,61.8,26.1,8.6,34.7,55.6,9.3,8.5,8.3,16.5,42.5,18.8,23.6,42.4,357.8,113.5,15.1,13.1,141.7,19.5,30.6,12.2,62.3,26.7,9.1,35.8,42.9,8.2,8.3,15.2,13.7,45.4,9.9,11.3,21.2,349.3,29.6,NA,NA,32.6,6.5,5.5,3.3,15.3,6.8,2,8.8,NA,3.1,2.1,4.1,NA,NA,2.4,4.8,7.3,91.1,NA,NA,NA,NA,NA,NA,NA,NA,NA,NA,NA,NA,NA,NA,NA,NA,NA,NA,NA,NA,NA,13.8,1.5,2,17.3,3.6,4.5,3.2,11.3,3.7,2.5,6.2,11.3,3.2,1,2.3,2.4,8.9,4.2,6,10.2,65.1,1100.2,94.3,158.9,1353.3,213.5,312,201.8,727.2,311.8,106.3,418.2,508.2,156.2,77.1,147,184,564.4,163.5,216.5,380,3951.4
30590,350.1,44.9,66.4,461.5,66.5,124.6,82.7,273.8,100.7,37.2,138,211.8,59.1,25.7,56.4,76.2,217.4,65.3,79.7,145,1447.4,316.6,24.2,37.6,378.4,58,77.6,72.9,208.5,106.5,29.4,136,115.3,47.8,18.5,39.5,39.8,145.5,39,53,92,1075.7,169.4,NA,NA,191.5,38,57,15.9,110.9,33.3,16.7,50,70.3,22,13.4,21.1,29.8,86.4,22.6,28.9,51.5,560.6,96.9,7.2,13,117.1,21.7,24.4,11.1,57.3,23.3,7.7,31,56.4,9.2,8.2,8.5,15.5,41.4,17.7,21.3,38.9,342,113.7,15.3,13.3,142.3,17,29.1,12.7,58.8,24.9,9.1,34,44.4,8.7,8.1,15.7,14,46.6,10,12,22,348.1,30,NA,NA,33.1,6.6,5.6,3.3,15.5,7.2,2,9.2,NA,3.5,2.2,4.1,NA,NA,2.4,4.8,7.3,92.7,NA,NA,NA,NA,NA,NA,NA,NA,NA,NA,NA,NA,NA,NA,NA,NA,NA,NA,NA,NA,NA,16.3,1.4,2.3,20.1,3.3,5.3,3.3,11.9,3.6,2.5,6.1,11.8,3.3,1.3,2.3,2.6,9.6,5.2,6.7,11.9,71.5,1110.2,94.4,157.6,1362.2,212.5,324.9,202.5,739.9,301,105.1,406.2,526.6,155.3,78,148.6,183.4,565.3,163.2,209,372.2,3972.3
30621,350.1,44.6,66.4,461.1,68.6,123.9,86,278.5,98.7,38.6,137.3,202.5,57.5,25.8,57.3,76.6,217.1,65,80.4,145.5,1441.9,324.5,23.4,37.4,385.4,56.5,77.8,71.2,205.5,101.6,28.3,129.8,115.9,47.5,18.5,39,39.7,144.8,39.2,52.5,91.7,1073,174.1,NA,NA,196,34.1,58.3,15.6,108.1,34.2,17,51.1,73.1,22.8,14,21.6,30.5,88.9,23.5,29.6,53.1,570.3,100.7,7.5,12.5,120.7,23.4,25,11,59.4,22.5,7.6,30.1,56.9,9.3,8.2,8.2,15.3,41.1,17.7,20.9,38.7,346.8,113.5,15.2,13.1,141.7,18.1,30.5,13.5,62,24.5,9.2,33.8,43.8,9.1,8.3,15.7,14.2,47.2,10.2,11.8,22.1,350.6,30.6,NA,NA,33.7,6.7,5.7,3,15.4,6.7,2,8.7,NA,3.5,2.1,4,NA,NA,2.6,5,7.5,93.1,NA,NA,NA,NA,NA,NA,NA,NA,NA,NA,NA,NA,NA,NA,NA,NA,NA,NA,NA,NA,NA,16.7,1.4,2.2,20.4,3.6,5.4,3.1,12,3.7,2.6,6.4,11.6,3.2,1.4,2.5,2.8,9.8,5.9,6.7,12.6,72.8,1127.5,93.4,156.3,1377.3,212.5,327.9,203.7,744.2,293.3,105.8,399.1,521,154.4,78.8,149.3,184.5,567,165.3,209.5,374.8,3983.3
30651,360.8,42.8,67.2,470.9,71.8,118.8,84,274.6,101.5,38.8,140.3,203.3,56,26.1,57,77.8,216.8,67.9,79.7,147.6,1453.5,320.4,25,38,383.3,58.5,77.5,79,214.9,106.9,30.1,137,114.8,48.2,18.7,39,40.6,146.6,39.1,54.9,94,1090.6,168.3,NA,NA,190.8,33.7,59.1,17.1,109.9,35.3,17,52.3,70.6,23.5,13.7,20.3,31.3,88.8,23.7,30.2,53.9,566.3,102.2,7.4,12.7,122.2,22.6,25.6,10.4,58.7,23.6,7.5,31.1,56.6,10.2,8.3,8.7,15.5,42.7,17.9,22.2,40.2,351.4,112.9,14.8,13,140.7,19.2,29.6,12.2,61,25.9,9.2,35.1,41.1,9.9,8.4,16.1,14.5,48.9,10.4,12.3,22.8,349.7,30.6,NA,NA,33.8,6.8,6.2,3.2,16.2,7,2,9,NA,3.4,2,4.2,NA,NA,2.2,5,7.2,93.5,NA,NA,NA,NA,NA,NA,NA,NA,NA,NA,NA,NA,NA,NA,NA,NA,NA,NA,NA,NA,NA,19.1,1.5,2.2,22.9,3.7,5,3.2,11.8,3.9,2.8,6.7,12.1,3.2,1.4,2.9,3,10.6,6.7,7,13.7,77.7,1131.7,92.8,158.5,1383.1,217.6,323.2,209.4,750.3,305.6,107.9,413.5,515.2,156,79.2,149.3,188,572.5,169,214,383.1,4017.6
30682,349,46,70.4,465.4,78.2,112.2,84.7,275.1,102.3,40.3,142.6,171.8,59.1,24.9,56.6,77.9,218.5,67.6,93,160.5,1433.9,319.4,22.1,37,378.5,72.5,79.3,74.9,226.7,111.3,31.7,143.1,133.6,46.7,19.1,37.7,40.6,144,40.4,52.7,93,1119,168.4,NA,NA,190.6,32.6,58.8,16.4,107.8,34.5,17.5,52,76,23.6,14.2,24,31.6,93.4,23.7,29.1,52.8,572.7,100.2,7.3,13.1,120.5,21.7,25,12.9,59.6,22.1,7.9,30,58.9,9.6,8.1,8.9,16.3,42.8,17.2,22.7,39.9,351.7,114.9,14.7,13.4,143,21.1,31.3,17.8,70.2,25.9,9.8,35.7,41.3,10.7,8.4,16.4,15.4,50.9,10,12.8,22.8,363.9,31,NA,NA,34.2,7.1,6.3,3.1,16.4,6.9,2,9,NA,3.6,2,4.1,NA,NA,2.1,5,7.1,95.1,NA,NA,NA,NA,NA,NA,NA,NA,NA,NA,NA,NA,NA,NA,NA,NA,NA,NA,NA,NA,NA,14.6,1.6,2.1,18.3,3.9,4.8,3.4,12.2,4.3,2.4,6.7,10.4,3.3,1,2.3,2.4,9,4.7,6.7,11.4,67.9,1114.7,93,161.2,1368.8,238.8,319.2,213.5,771.5,309,112.1,421.1,510,158.1,78.2,151,189.3,576.7,166.6,224.6,391.2,4039.3
30713,350.4,46.5,70.3,467.1,77.3,116.3,78.7,272.3,104.9,40.1,145,204.7,65.4,25.8,55.8,77.1,224.2,66.9,91.6,158.5,1471.7,316.3,21.7,36.9,374.8,73.4,75.1,76.4,224.9,109.5,31.2,140.7,122.9,45,18.9,38,40,141.9,40.5,55.7,96.2,1101.5,166.8,NA,NA,189.3,32.8,61.3,15.3,109.4,34.9,16.9,51.8,71.7,22.9,13.8,24.5,30.4,91.6,22.5,28.6,51.1,564.9,100.1,7.2,13.8,121,23,24.5,12.1,59.6,22.4,7.7,30.2,59.4,9.4,8.1,9,15.7,42.2,17,24.6,41.6,354,114.9,15.4,13.3,143.6,21.2,30.6,17.4,69.2,26.6,9.8,36.3,42.4,10.5,8.4,16.6,15.5,51,10.1,13.2,23.3,365.8,30.9,NA,NA,34.2,7.1,6.5,3.3,16.9,6.7,2,8.7,NA,3.4,2.1,4.2,NA,NA,2.4,5,7.4,95.7,NA,NA,NA,NA,NA,NA,NA,NA,NA,NA,NA,NA,NA,NA,NA,NA,NA,NA,NA,NA,NA,16.8,1.6,2.1,20.5,4,5.7,3.2,12.9,4.3,2.5,6.7,12.1,3,1.2,2.1,2.4,8.7,4.5,6.9,11.4,72.2,1113.5,93.5,161.9,1368.9,240.5,321.4,206.8,768.7,310.8,110.6,421.4,531.1,161.3,78.8,151.2,186.5,577.8,165,228.3,393.3,4061.2
30742,341.9,46.1,70.9,458.9,75.1,110.6,84.5,270.2,119.2,43.1,162.3,205.3,59.2,25.2,59,77.2,220.6,69.6,95.4,165,1482.3,319,21.8,37.1,377.9,79.7,73.9,78,231.6,110.8,31.2,142,125.4,49.5,19,37.4,40.9,146.9,41.3,54.9,96.2,1119.9,168.6,NA,NA,191.1,34.4,58.6,18.1,111.1,34.1,17.2,51.2,71.7,24.4,13.9,23.3,32.2,93.9,23.2,29.6,52.8,571.8,99.4,7.2,13.1,119.7,21.8,24.3,12.3,58.3,23,8.2,31.3,58.6,9.7,8.1,9,15.8,42.6,17.3,23.1,40.5,351,114.8,15,13.4,143.1,21,29.4,18.4,68.8,28.7,10.1,38.8,43.4,11,8.3,16.3,15.9,51.5,10.1,13.5,23.6,369.2,30.9,NA,NA,34.2,7.5,5.9,3.4,16.8,7.2,2.2,9.4,NA,3.5,2.2,4,NA,NA,2.4,4.8,7.1,96.4,NA,NA,NA,NA,NA,NA,NA,NA,NA,NA,NA,NA,NA,NA,NA,NA,NA,NA,NA,NA,NA,16.3,1.5,2.2,19.9,4.2,5.9,3.3,13.4,4.4,2.5,6.8,12.1,3,1.2,2.3,2.4,8.9,4.7,7.3,12,73.1,1107.9,92.8,162.2,1363,245.4,310,218.2,773.5,329.1,114.9,444,534.6,162,78.5,152.3,190,582.7,169.8,231.3,401.1,4098.9
30773,361.2,47.1,70.9,479.2,65.7,108.1,80.7,254.5,107.9,42.3,150.2,208.6,59.2,25.6,54.1,78.2,217.1,72,91.5,163.5,1473.1,329.9,22.1,37.9,389.9,69.7,70.3,73.7,213.7,110.8,31.9,142.7,126.1,53.7,18.9,38,41.9,152.5,43,56,99,1123.9,171.4,NA,NA,194.8,32.6,60.3,17.1,109.9,35.7,17.5,53.2,75.5,23.7,13.8,23.1,31.9,92.5,23.6,30.5,54.2,580.1,98.4,7.2,12.9,118.5,19,24.2,12.6,55.8,23.4,8.6,32,57.6,9.2,8.4,9.2,16.2,43,18.5,23.4,41.9,348.8,117.4,15.1,13.6,146,18.5,30.4,18.4,67.3,24.2,9.9,34.2,44.5,10.9,8.4,16.3,16,51.7,10,13.5,23.5,367.2,31.6,NA,NA,35,7.5,5.8,2.9,16.2,7.6,2.3,9.9,NA,3.5,2.2,4.1,NA,NA,2.4,4.7,7.1,96.2,NA,NA,NA,NA,NA,NA,NA,NA,NA,NA,NA,NA,NA,NA,NA,NA,NA,NA,NA,NA,NA,16.3,1.5,2.1,19.9,3.8,6.9,3.1,13.8,4.1,2.4,6.5,12.6,3.2,1.2,2.2,2.3,8.9,4.2,6.5,10.7,72.5,1144.1,94.3,163.9,1402.3,218.3,307.3,208.8,734.4,315.5,115.4,430.9,542.3,165.1,79.2,147.9,191.9,584.1,174.8,229,403.8,4097.7
30803,356.6,47.4,70.3,474.3,71,106.4,76.9,254.4,108.6,41.8,150.4,213.7,59.6,25.4,54.7,77.1,216.8,72.6,94.1,166.7,1476.3,326.3,22.3,37.8,386.4,69.2,77.6,69.9,216.7,108.7,31.3,140,121.3,55.3,19.9,37.6,41.7,154.6,43.9,56.4,100.4,1119.4,177.1,NA,NA,201.4,31.3,60,18.2,109.6,35.3,17.8,53.1,74.3,23.9,14.2,24.4,33.2,95.7,24.3,31.6,55.9,590,97,7.4,12.8,117.2,20.5,24.2,14.1,58.8,23.8,8.9,32.7,60.2,8.8,8.5,9,16.4,42.7,18.9,23.1,42,353.6,118.4,15.5,13.6,147.5,19.2,30.6,18.7,68.5,26.6,10.2,36.8,47.7,10.8,8.5,16.1,16.1,51.6,10.4,13.7,24.1,376.3,31.7,NA,NA,35.1,7.7,5.9,3.1,16.7,7.8,2.3,10.1,NA,3.9,2.2,4.2,NA,NA,2.5,4.9,7.4,98.6,NA,NA,NA,NA,NA,NA,NA,NA,NA,NA,NA,NA,NA,NA,NA,NA,NA,NA,NA,NA,NA,16.1,1.5,2.2,19.8,3.8,6.8,3.1,13.7,4.1,2.5,6.5,12.4,3.1,1.3,2.2,2.4,8.9,4.2,6.6,10.8,72.1,1140.9,95.4,164.2,1400.5,224.3,312.9,204.4,741.7,316.5,115.1,431.6,547.7,167.1,80.7,149.1,192.5,589.3,178.1,233.4,411.5,4122.3
30834,358.8,48.8,69.8,477.3,71.3,107,77.7,255.9,100.6,40,140.7,212.1,60.8,25,53.4,76.5,215.7,70.3,91.2,161.5,1463.2,332.3,22.7,36.3,391.3,66.6,75.7,62,204.3,109.3,31.6,140.9,125.6,54.9,19.5,37.4,41,152.7,43.6,55.3,98.9,1113.8,175.1,NA,NA,199.5,32.8,59,18.1,109.9,35.1,17.7,52.8,74.3,23.5,14.3,23.6,33.1,94.5,24.5,32.6,57.1,588,97.3,7.4,12.7,117.4,20,25.3,13.4,58.7,23.1,8.8,31.9,59.4,9.3,8.5,9.3,16.3,43.4,18.1,23.6,41.6,352.4,115.9,15.8,13.4,145.1,19.3,30.1,19.6,69.1,24.4,9.8,34.2,44.1,11.1,8.2,15.9,16,51.2,9.5,13.9,23.5,367.1,33.8,NA,NA,37.2,7.4,6,3.2,16.6,7.8,2.2,10.1,NA,3.9,2.2,4,NA,NA,2.6,4.8,7.4,100.4,NA,NA,NA,NA,NA,NA,NA,NA,NA,NA,NA,NA,NA,NA,NA,NA,NA,NA,NA,NA,NA,16.6,1.5,2.2,20.3,3.9,6.7,3.2,13.8,4.1,2.5,6.6,12,3.2,1.3,2.3,2.4,9.2,4.4,6.1,10.6,72.5,1147.6,97.5,161.9,1407,222.9,310.9,197.5,731.3,306.1,113,419.1,545.6,168.3,79.7,146.8,190.8,585.6,174.2,230.3,404.5,4093.2
30864,366.1,47.7,69.6,483.4,75.7,112.4,77.6,265.7,110.9,42.6,153.5,226.7,60,25.8,54.3,77.9,218,71.6,92.5,164.1,1511.4,335.5,22.3,36.8,394.5,66.6,74.5,67.4,208.5,108.1,30.6,138.7,139.6,54.3,19.4,38.8,41,153.5,42.6,55.5,98.1,1132.8,177.5,NA,NA,202.5,35.4,68.4,19.1,122.8,35.9,17.9,53.8,79.9,27.1,15,25,34.1,101.2,24.1,34.5,58.6,618.8,98.4,7.6,12.6,118.6,22.4,27,13,62.4,23.4,8.8,32.2,67.5,9.3,8.6,9,16.1,43,18,22.2,40.2,363.9,123.5,15.5,13.9,152.8,18.6,31.3,20.3,70.2,25.8,10.5,36.3,48.3,11.5,9.2,14.4,17.2,52.3,11.5,15,26.5,386.5,33.3,NA,NA,36.7,8,6,2.8,16.7,8.5,2.4,10.9,NA,3.8,2.3,4,NA,NA,2.7,4.5,7.2,101.4,NA,NA,NA,NA,NA,NA,NA,NA,NA,NA,NA,NA,NA,NA,NA,NA,NA,NA,NA,NA,NA,16.5,1.6,2.1,20.2,4.1,5.5,4,13.6,4.3,2.6,6.9,12.7,2.9,1.2,2.2,2.5,8.9,4.5,5.6,10,72.3,1168.7,95.9,163.1,1427.7,232.3,326.5,204.6,763.3,318.3,116,434.4,593.7,170.7,82,148.6,194.5,595.8,176.2,232.6,408.8,4223.6
30895,366.8,48.5,69.9,485.1,76.8,108.5,81.1,266.4,111.1,43.5,154.6,216.3,57.2,25.4,54.3,78,214.9,71.3,91.4,162.7,1500,334.8,22.2,35.7,392.8,66,71.6,65.1,202.7,105.2,30.7,135.8,129.8,52,19,38.1,39.9,149.1,42.6,52,94.7,1105,177.7,NA,NA,202.9,36.1,64,20.3,120.3,35.9,18.3,54.1,77.3,27.1,14.8,25.3,35,102.2,24.9,34.8,59.8,616.5,98.7,7.6,12.6,118.9,21.9,24.7,13.7,60.3,23.6,8.6,32.2,59.6,9.2,8.5,9,16.2,42.8,18,22.8,40.8,354.4,120,15.5,13.9,149.4,18.6,29.1,20.1,67.9,26.6,10.6,37.2,46.4,11.2,8.9,14.8,17.2,52.1,11.7,15.1,26.8,379.8,33.3,NA,NA,36.7,8,5.6,2.8,16.4,8.6,2.4,11,NA,3.9,2.4,4,NA,NA,2.8,4.7,7.5,100,NA,NA,NA,NA,NA,NA,NA,NA,NA,NA,NA,NA,NA,NA,NA,NA,NA,NA,NA,NA,NA,17,1.6,2.1,20.7,3.7,5.3,4,13.1,4.4,2.7,7.1,12.8,3,1.2,2.2,2.5,8.9,4.6,5.9,10.5,73.1,1166.2,96.6,162.7,1425.5,232.6,310.3,207.5,750.3,316.9,117.2,434.1,559.4,165.3,80.8,148.5,194.5,589.1,177.2,229.6,406.8,4165.1
30926,363.4,48.8,71.1,483.4,78,105,83,266,111.7,43.2,155,229.2,58.5,25,53.4,78.1,215.1,71.2,92.4,163.7,1512.3,337.2,22.3,36,395.4,68,69.8,65.2,203,102.4,30.1,132.5,134.1,54.2,18.6,39.3,40,152.2,41.8,52,93.8,1111,179.5,NA,NA,205,36,62.2,18.2,116.4,34.8,18.3,53.2,77.7,29,15.1,25.4,34.9,104.4,26,36.1,62.1,618.7,97.9,7.6,12.7,118.2,23.4,24.9,14.3,62.6,22.3,8.5,30.8,60.9,9.4,8.3,9.3,16.5,43.5,17.8,22.7,40.4,356.5,119.9,15.7,13.9,149.5,19.6,29.5,21.2,70.4,27.8,10.6,38.4,46.3,12.1,8.8,14.6,17.7,53.3,11.1,15.8,26.9,384.8,32.7,NA,NA,36.2,8.2,5.5,2.7,16.4,8.5,2.4,10.8,NA,3.5,2.3,4.2,NA,NA,2.7,4.8,7.4,99.6,NA,NA,NA,NA,NA,NA,NA,NA,NA,NA,NA,NA,NA,NA,NA,NA,NA,NA,NA,NA,NA,16.5,1.8,2.2,20.4,4.7,4.9,4.1,13.6,3.6,2.7,6.3,13.4,3.1,1.2,2.4,2.6,9.3,4.9,5.6,10.5,73.6,1165.1,97.5,164.7,1427.3,239.5,303.1,209,751.7,312.6,116.4,429,579.5,171.6,79.9,149.6,195.5,596.6,176.5,232.2,408.8,4192.8
30956,367.1,47.1,72.4,486.7,77.2,106.4,79.8,263.4,115.6,43.5,159,219.9,63.2,25.9,55.1,79.7,223.9,75,94.8,169.8,1522.8,338,22.6,35.5,396,68.3,69.4,66,203.6,105,30.6,135.6,138.3,55.1,18.6,38.8,40.2,152.7,41.5,51.6,93.1,1119.4,183.5,NA,NA,208.7,31.9,68.3,17.8,118.1,34.5,18.2,52.7,79.9,29.7,15.5,24.7,34.8,104.8,26,35.3,61.3,625.5,102.2,7.9,13.1,123.2,25.2,25.5,14.7,65.4,24.1,8.9,33,60.9,9.2,8.7,9.4,16.8,44,18.5,23.5,42.1,368.7,121.3,15.9,13.5,150.7,20.7,35.6,20.8,77.1,28.1,10.8,38.9,47.4,12.1,9.2,14.8,17.8,53.9,11.1,14.8,25.8,393.8,34,NA,NA,37.5,8.5,5.6,3.4,17.5,8.7,2.4,11.1,NA,4.3,2.3,4.2,NA,NA,2.8,5,7.9,103.5,NA,NA,NA,NA,NA,NA,NA,NA,NA,NA,NA,NA,NA,NA,NA,NA,NA,NA,NA,NA,NA,16.5,1.8,2.1,20.4,5,5.1,4.1,14.3,4.7,2.8,7.5,12.8,2.8,1.2,2.5,2.6,9.1,4.9,5.4,10.3,74.4,1180.8,96.6,165.1,1442.5,238.4,317.1,207.1,762.7,322.3,117.7,440,576.9,178.2,81.9,150.5,197.8,608.4,181,233.2,414.2,4244.7
30987,367.6,49.9,73.6,491.1,77.1,110.1,80.2,267.4,116.5,43.1,159.6,224.2,66.2,26.1,55.6,79.6,227.5,73.3,94.7,168.1,1537.8,343.6,22.8,36.5,402.9,68.2,71.9,68.1,208.2,107.1,31,138.1,133.4,58.6,19.2,39.7,41.2,158.7,42.6,52.9,95.6,1137,185.2,NA,NA,210.5,31.9,71.6,17.2,120.8,34.7,17.9,52.5,79.9,27.9,15.8,25.1,34.1,102.9,25.5,35.7,61.3,627.8,103.3,7.9,13.3,124.5,26.5,26.1,13.8,66.4,23.9,8.7,32.6,61.1,8.8,8.7,9.6,16.8,43.9,18.8,24.1,42.8,371.3,120.6,15.8,13.6,150,21.1,36.9,20.1,78,28.7,10.7,39.3,49.3,13,9.5,14.9,17.5,54.9,11.2,14.7,25.9,397.4,34.3,NA,NA,37.9,8.5,5.7,3,17.2,8.7,2.5,11.2,NA,4.1,2.4,4.2,NA,NA,2.9,5.1,8,103.8,NA,NA,NA,NA,NA,NA,NA,NA,NA,NA,NA,NA,NA,NA,NA,NA,NA,NA,NA,NA,NA,16.5,1.8,2.1,20.4,4.7,5.5,4.1,14.3,4.7,2.8,7.5,12.6,3,1.2,2.7,2.7,9.6,4.8,5.6,10.4,74.8,1189.4,99.5,167.8,1456.7,239.6,329.3,206.9,775.7,325.9,117,442.9,578.2,183.4,83.5,152.8,197.7,617.5,180.4,235.7,416,4287
31017,370.2,49.7,72.4,492.3,76.3,111.3,81.3,268.9,116.3,42.4,158.7,228.4,66.5,26.3,57.2,79.6,229.6,72.8,94,166.8,1544.7,351.9,22.6,37.1,411.6,70.2,70.2,63.5,203.9,108.3,30.1,138.4,132.9,55.9,19.6,38.7,39.4,153.5,44,52.6,96.6,1137,187,NA,NA,212.4,31.8,77.4,18,127.1,34.7,18.2,52.9,78.9,26.9,16,24.5,34.5,101.9,26,36.3,62.2,635.4,103.2,8.2,13.5,124.9,25.9,25.8,13.8,65.5,23,9,32,59.4,7.6,8.7,9.3,17.1,42.7,18.4,24.6,43.1,367.6,121,16.3,13.9,151.2,21.1,36.8,20.2,78.2,28.3,11,39.2,49.6,11.9,9.7,14.7,19,55.4,12,15.5,27.4,401,34.3,NA,NA,37.8,8.3,5.7,4,18,8,2.5,10.5,NA,4.3,2.5,4.1,NA,NA,3.1,5.3,8.3,105.5,NA,NA,NA,NA,NA,NA,NA,NA,NA,NA,NA,NA,NA,NA,NA,NA,NA,NA,NA,NA,NA,15.5,1.8,2.1,19.4,4.3,4.8,4.1,13.3,4.5,2.7,7.3,13.2,2.8,1.2,2.6,2.8,9.4,5.2,5.4,10.6,73.2,1201.6,99.9,167.7,1469.1,239.5,333.6,205.3,778.3,324.8,116.4,441.2,581,177.6,84.6,152.1,198.7,612.9,182.7,236.4,419.1,4301.7
31048,377.3,50.2,73.8,501.2,78.2,111.5,77.8,267.5,118.9,40.9,159.8,237.1,66.7,25.7,58.8,79,230.2,71.6,94.8,166.4,1562.2,348.2,23.3,38.3,409.7,68.7,71.8,66.5,206.9,114.9,31.7,146.6,137.4,52,20.1,39.1,41,152.3,45.1,49.8,95,1147.9,193.9,NA,NA,219.1,32.5,59.6,18.5,110.6,36.1,18.9,55,78.5,26.6,15.6,27.2,35.8,105.3,27.4,34.9,62.3,630.7,106.3,8.8,13.8,129,24.2,27.2,14.1,65.4,24.1,8.9,33.1,60.5,9.7,9,9.2,17.4,45.3,18.6,24.8,43.5,376.7,119.3,16.7,13.7,149.7,21.2,35.8,20.3,77.3,28.8,11.1,39.9,50.4,12.4,9.7,15.4,17.7,55.2,12.1,16.2,28.3,400.8,35.1,NA,NA,39,8.4,5.6,3.2,17.2,9,2.5,11.6,NA,4.1,2.4,4.5,NA,NA,2.9,6.1,9,108,NA,NA,NA,NA,NA,NA,NA,NA,NA,NA,NA,NA,NA,NA,NA,NA,NA,NA,NA,NA,NA,16.9,1.8,2.1,20.9,4.5,6.7,4.5,15.8,4.2,2.7,6.9,13.2,2.7,1.3,2.8,2.8,9.6,5.2,5.3,10.5,76.9,1215.7,102.1,170.6,1488.4,239.3,319.5,205.3,764.1,337.9,117.1,455,596.2,176,84.5,158.2,199.7,618.4,184.1,234.8,418.9,4341.1
31079,377.1,49.8,73.6,500.6,79,107,81.1,267.1,122.8,42.3,165.2,241.6,62.8,25.9,58.6,79.6,226.8,72.6,92.2,164.8,1566,353.8,23.2,39.7,416.7,69.5,75,67.2,211.7,118.5,32,150.5,140.9,59.8,20.9,36.8,42.8,160.2,46.7,53,99.7,1179.7,189.8,NA,NA,214.9,32.2,56.8,19.8,108.9,37,19.5,56.5,81,25.6,15.7,25,36.7,103,28.5,35.2,63.7,627.9,106.2,8.4,13.7,128.4,24.4,27.7,14,66.2,25,9.2,34.2,61.6,9.4,9.6,9.7,17.2,46,20.2,25,45.2,381.6,120,17.4,14.3,151.8,20.8,37.1,18.7,76.6,28.6,10.9,39.6,49.6,11.7,9.9,15.1,17.8,54.6,12.1,17.4,29.5,401.7,35.4,NA,NA,39,8.5,5.6,3.1,17.2,8.7,2.6,11.2,NA,4,2.4,4.9,NA,NA,2.8,5.6,8.4,106.8,NA,NA,NA,NA,NA,NA,NA,NA,NA,NA,NA,NA,NA,NA,NA,NA,NA,NA,NA,NA,NA,17.5,1.7,2.1,21.3,4.4,6.3,4.5,15.2,4.4,2.7,7.1,13.7,2.6,1.3,2.8,2.9,9.7,5.2,5.2,10.4,77.3,1218.6,102,172.1,1492.6,240.4,317.1,208.9,766.4,346.8,119.7,466.5,607.1,177.6,86.3,153.9,203.1,620.9,189.4,236.3,425.8,4379.3
31107,376.6,49.2,74.4,500.3,80.5,114.4,81.3,276.2,118.2,41.6,159.9,243.6,64.9,26.5,60.6,80.6,232.6,74.7,94.1,168.8,1581.4,348.3,23.3,39.2,410.8,70.8,78.1,67.8,216.7,115.9,31.7,147.6,135.5,54.7,21.1,38.2,42.5,156.5,47.1,52,99,1166,195.6,NA,NA,221.1,33.4,64.4,20.1,117.9,39.1,19.5,58.7,82.8,26.8,16.1,25.2,37,105,28.1,35.5,63.7,649.1,106,8.5,13.7,128.3,24.7,27.3,14.8,66.8,24.1,8.9,33,63.4,9.5,9.3,9.3,17.5,45.7,19.9,24.8,44.6,381.9,125.2,17.3,13.9,156.4,22.4,38.1,18.6,79.2,29.4,10.8,40.2,46.6,12.1,10.1,15.1,17.8,55,12.2,16.8,29,406.5,35.2,NA,NA,38.8,8.3,6,3.2,17.4,9,2.5,11.5,NA,3.9,2.5,4.4,NA,NA,3,5.8,8.7,107.6,NA,NA,NA,NA,NA,NA,NA,NA,NA,NA,NA,NA,NA,NA,NA,NA,NA,NA,NA,NA,NA,17.9,1.8,2.1,21.8,4.5,6.9,4.1,15.5,4.1,2.4,6.5,13.3,2.6,1.3,2.6,2.5,9,4.8,4.8,9.6,75.7,1223.7,101.5,172.3,1497.5,246.2,336.8,210.2,793.2,341.6,117.9,459.6,604.6,176.3,87.6,156.4,204,624.2,191.1,236.5,427.6,4406.6
31138,380.1,49.2,75.6,504.9,88.7,116.6,84.8,290,125.9,43.4,169.3,254.6,67.7,26.8,53.9,82.7,231,74.9,96.4,171.3,1621.1,352.1,24,40.7,416.7,73.2,74.8,77.8,225.9,113.7,31.2,144.9,140.4,50.8,20,40,43.1,153.9,45.1,57.5,102.6,1184.5,197,NA,NA,222.2,36.9,62.8,19.9,119.6,38.5,19.8,58.3,80.6,26.8,16,25.8,37.3,105.9,28.6,35.9,64.5,651.2,108.2,9.3,13.7,131.2,25,27.3,14.1,66.5,24.3,8.6,32.9,64.6,9.8,9,9.2,17,44.9,18.9,24.1,43.1,383.1,124,18,13.8,155.8,23.3,35.6,16.5,75.4,30.8,11.2,42,50.3,12.2,10.2,15.1,17.8,55.2,12.8,16.8,29.6,408.3,35.7,NA,NA,39.8,7.8,6,3.3,17.2,7.8,2.4,10.2,NA,4.3,2.4,4.2,NA,NA,2.8,6.5,9.2,108.8,NA,NA,NA,NA,NA,NA,NA,NA,NA,NA,NA,NA,NA,NA,NA,NA,NA,NA,NA,NA,NA,18.5,1.7,2.3,22.5,4.8,6.6,4.4,15.8,4.6,2.9,7.5,13.5,2.5,1.5,3.2,3.1,10.3,6.4,5,11.4,81,1234.6,103.5,175.2,1513.3,261.5,331.1,221.2,813.9,347.1,120.2,467.3,624.7,175.8,86.4,152.3,207.1,621.6,190.8,245.1,436,4476.7
31168,389.3,50.1,76.7,516.1,88.1,118.4,90.1,296.6,124,44.4,168.5,263.3,65.9,28,57.2,86.1,237.3,79.8,96.3,176,1657.9,358.4,24.1,41.2,423.7,73.8,77.3,74.5,225.6,123.8,32.5,156.3,148.2,50.8,20.7,42.5,42.8,156.8,45.7,55.4,101.1,1211.7,200.8,NA,NA,225.7,37.7,64.6,20,122.3,39.5,20.2,59.7,88.8,26.8,16,24.5,37.1,104.3,28.7,36.2,65,665.8,109.1,9.5,14.4,133.1,28.6,27.9,14.2,70.6,24.5,8.7,33.2,65.4,10.6,9.1,9.2,17.4,46.3,18.7,25,43.7,392.2,121.8,17.8,13.8,153.4,24.6,35.7,18.2,78.4,31,11.5,42.5,55.5,12.2,10.5,15.5,18.3,56.5,13.3,17.1,30.4,416.6,36.3,NA,NA,40.2,7.9,6.4,3.5,17.7,8.6,2.5,11.1,NA,4.2,2.4,4.4,NA,NA,2.8,6.4,9.2,111,NA,NA,NA,NA,NA,NA,NA,NA,NA,NA,NA,NA,NA,NA,NA,NA,NA,NA,NA,NA,NA,18.9,1.8,2,22.7,4.9,6.7,4.7,16.3,4.6,2.9,7.6,14.2,2.8,1.5,3.3,3.2,10.7,6.2,4.6,10.8,82.3,1253.9,104.7,176.7,1535.3,267.2,338.5,225.6,831.3,357.9,123.2,481,656.1,175.1,88.8,157.5,211.1,632.5,196.6,243.8,440.4,4576.7
31199,390.6,50.3,77.5,518.4,91.4,118,89.4,298.8,124.9,44.9,169.7,251.9,66.3,28.3,59.3,86.7,240.6,81.4,98.5,179.9,1659.2,358.6,23.8,40.8,423.2,76.1,78.3,72.1,226.6,125.2,32.7,157.9,144.9,50.9,20.7,42.1,43.4,157.2,45.1,54.8,99.9,1209.7,202.9,NA,NA,227.1,36.1,65.8,18.9,120.8,40.1,20.2,60.4,83.2,27.6,16.3,25.4,36.9,106.2,28.4,34.2,62.7,660.4,110.7,9.6,14,134.3,26.5,27.5,14.9,68.9,25.5,9,34.4,66.4,10.6,9.2,9.2,17.6,46.6,19.1,25.3,44.4,395,124.8,18,14,156.8,24,36.3,17.4,77.7,31.3,11.6,42.9,52.2,12.3,11.2,15,18.5,57.1,13.5,17.6,31.1,417.7,36.2,NA,NA,40.1,7.9,6.2,3.5,17.6,9.4,2.5,11.9,NA,4.1,2.5,4.2,NA,NA,2.8,6.5,9.4,110.9,NA,NA,NA,NA,NA,NA,NA,NA,NA,NA,NA,NA,NA,NA,NA,NA,NA,NA,NA,NA,NA,19.1,1.7,1.9,22.6,4.9,6.4,4.6,15.9,5,3.2,8.2,14.2,2.6,1.6,3.5,3.2,10.9,6.4,4.3,10.8,82.6,1262,104.8,176.2,1543,268.6,340.1,221.2,829.8,363.3,124.6,487.8,633,176.2,90.5,159.8,212.5,639.1,198.2,244.1,442.3,4575.1
31229,427.1,52.4,79.6,559.1,93.3,119.4,90.2,302.9,128.2,46.2,174.3,254.4,65,29.1,60,89.2,243.3,84.7,99.1,183.8,1717.7,356.8,23.5,42.8,423.1,79.5,78.3,70.7,228.5,118.9,32.2,151.1,147,54.1,21.2,41.5,43.8,160.7,47.2,54.5,101.7,1212,205.5,NA,NA,230.3,36.6,61.3,20.7,118.6,39.9,20.3,60.1,84.8,26.7,15.9,25,37.4,104.9,29,35.3,64.4,663.1,107.3,9.3,14.3,131,25.6,27,15.1,67.8,24.5,9,33.5,66,10.8,8.9,9.5,17.6,46.9,18.7,26.6,45.3,390.3,127.3,18.5,14.8,160.6,24.9,35.2,18.9,79,33.7,12.3,46,49.8,12.9,10.8,18.3,19.3,61.4,14,19.9,34,430.7,36.4,NA,NA,40.6,7.7,6,3.7,17.4,8.3,2.5,10.8,NA,3.6,2.4,3.8,NA,NA,2.9,7,9.9,110.2,NA,NA,NA,NA,NA,NA,NA,NA,NA,NA,NA,NA,NA,NA,NA,NA,NA,NA,NA,NA,NA,20,1.7,2.1,23.8,4.8,6.9,4.7,16.3,4.9,3,7.9,14.1,2.7,1.6,3.6,3.3,11.2,6.5,5.2,11.6,85,1300.3,106.9,182.3,1589.5,274.3,335.5,224.4,834.2,360.1,125.8,486,636.6,177.7,90.7,162.8,216.9,648,204.4,250.7,455.1,4649.3
31260,394.5,52.4,80.1,527,89.1,120.4,91.9,301.3,129.1,46.5,175.6,251.1,66.9,28.8,59.1,89.3,244.1,84,101.4,185.4,1684.5,362.5,23.4,43.7,429.6,78.1,80,68.2,226.2,121.9,33.2,155.1,151.1,54.2,22.1,40.9,44,161.2,50.3,56.6,106.9,1230.1,208.8,NA,NA,233.7,35.9,61.8,22.4,120.1,42,21.2,63.3,82.9,27.5,16.5,25.4,38.7,108,29.7,36.7,66.4,674.5,111.5,9.3,14.3,135,24.6,26.8,14.7,66.1,25.3,9.1,34.4,68.1,10.5,9.1,9,17.6,46.2,19.1,26.4,45.5,395.3,129.5,18.8,15.1,163.4,26.3,36.6,19.2,82.1,32.9,12,44.9,51,13,10.9,18.3,19.3,61.5,14.2,19.2,33.4,436.4,36.5,NA,NA,40.7,7.4,6.1,3.4,16.9,7.8,2.5,10.3,NA,3.5,2.5,3.8,NA,NA,3,7.1,10.2,109.9,NA,NA,NA,NA,NA,NA,NA,NA,NA,NA,NA,NA,NA,NA,NA,NA,NA,NA,NA,NA,NA,19.8,1.6,2.2,23.6,4.8,6.5,4.8,16.1,4.6,3,7.6,14.3,2.6,1.5,3.6,3.3,11.1,6.6,5.3,11.9,84.5,1282.8,107,184.2,1574,267.9,339.5,225,832.4,365.6,127.9,493.5,639.6,180.1,92,161.2,218.6,651.9,208.3,255.8,464.1,4655.3
31291,410.2,52.1,80.9,543.2,93.1,123.9,90.6,307.6,123.7,46.2,170,252.4,66.6,29.8,60.6,90.5,247.6,86.9,104,190.9,1711.6,368.7,24.1,45.1,437.9,83.8,84.8,66.3,234.9,123.7,33.3,157,151.1,55.8,22.5,40.3,44.4,162.9,49.5,57.4,107,1250.7,213.7,NA,NA,239.2,37.1,63.5,22.9,123.5,41.8,21.2,63,84.4,26.6,16.4,24.9,39.3,107.2,29.8,35.9,65.7,683,112.5,9.6,14.7,136.8,25.1,28.3,13.9,67.3,25,9.3,34.3,71.7,10.6,9.1,9.1,17.7,46.5,19.1,27.8,46.9,403.4,129.1,19.8,15.2,164.1,25.2,35.3,19,79.6,32.6,12.1,44.7,51.9,12.8,11.1,17.3,19.6,60.8,14.3,19.3,33.6,434.6,36.5,NA,NA,40.6,8.3,6.4,3.8,18.5,8.3,2.7,11,NA,3.7,2.5,4.2,NA,NA,3,7,10.1,112.5,NA,NA,NA,NA,NA,NA,NA,NA,NA,NA,NA,NA,NA,NA,NA,NA,NA,NA,NA,NA,NA,20.1,1.6,2.1,23.8,5.1,7,4.5,16.6,4.8,3,7.8,14.2,2.7,1.6,3.5,3.3,11.1,6.6,5.4,12,85.4,1310.6,108.6,187.5,1606.7,279.5,350.7,221.5,851.6,361.8,128.3,490,646.4,180.6,93.7,160.9,221.2,656.4,210.7,259.9,470.6,4721.8
31321,415.8,51.9,84.7,552.4,88.9,121.3,93.6,303.8,137.5,50.5,188,260.7,65.4,30.4,59.6,92.4,247.8,91.3,105.9,197.3,1750,372.7,24.6,45.8,443.1,89.8,82.7,76.4,248.9,125.4,33.9,159.3,148.4,51.1,22.5,41.4,45.1,160,50,57.7,107.7,1267.5,216.2,NA,NA,242.6,40,62.6,24.3,127,41.9,21.9,63.8,84.2,26.3,17,27.2,40.7,111.2,30.8,37.3,68.1,696.8,112.2,9.8,14.9,136.9,25.2,28.7,13.4,67.4,24.6,9.3,33.9,68.7,11.8,9.6,9.4,18.1,48.8,20.1,28.8,48.9,404.6,131.1,19,15.5,165.6,27,35.2,17.4,79.7,31.9,11.9,43.7,51,11.5,10.9,17.5,19,58.9,14.9,18.5,33.4,432.2,37.4,NA,NA,41.5,7.4,7.1,4,18.4,7.9,2.6,10.4,NA,3.4,2.6,4,NA,NA,3,6.8,9.8,112.8,NA,NA,NA,NA,NA,NA,NA,NA,NA,NA,NA,NA,NA,NA,NA,NA,NA,NA,NA,NA,NA,19.8,1.8,2.1,23.7,4.6,6.7,4.3,15.6,4.8,2.8,7.6,14.5,2.7,1.5,3.4,3.1,10.7,6.1,5.1,11.2,83.3,1325.3,108.5,193.4,1627.2,284.8,345.8,233.8,864.4,375.8,133.4,509.2,649,174,95.1,163.4,224.8,657.3,217.7,263.3,481,4788.2
31352,408.4,52.8,86,547.2,94.3,125.1,106.6,326,141.1,53,194.1,256.1,68.8,30.6,60,95.2,254.5,89.3,108.2,197.5,1775.4,370.3,23.7,46.3,440.3,90.4,82.4,78.5,251.3,125.2,33.9,159,148.5,52.6,22.2,42.4,45.4,162.5,50.3,57.5,107.8,1269.4,216.4,NA,NA,243.2,41.3,60.4,25.9,127.6,43,22.9,65.9,82.8,26.5,16.9,27.8,41.7,113,32.2,38,70.1,702.6,112.7,9.9,15.3,137.9,25.4,29.5,14.4,69.3,25.4,9.4,34.8,68.8,12,9.7,8.9,18.4,49,19.9,29.9,49.7,409.5,132.7,19.6,15.8,168.1,26.5,34,17,77.5,32.7,11.9,44.6,51.5,12.5,10.9,16.7,19.3,59.4,14.8,18.8,33.6,434.7,37.1,NA,NA,41.2,7.5,6.9,4.2,18.6,8.3,2.6,10.9,NA,3.7,2.6,4.3,NA,NA,3.1,6.6,9.7,114.4,NA,NA,NA,NA,NA,NA,NA,NA,NA,NA,NA,NA,NA,NA,NA,NA,NA,NA,NA,NA,NA,19.7,1.9,2.1,23.6,4.8,6.7,4.9,16.4,4.7,2.8,7.5,14.5,2.8,1.5,3.3,3.2,10.8,6.2,5.1,11.2,84,1317.5,109.2,196.2,1623,292.1,346.4,252,890.5,382.2,137,519.3,644.3,180.8,94.9,164.4,229.8,669.9,217.1,267.3,484.3,4831.2
31382,424.3,54.4,87,565.7,90.6,126.5,103.7,320.9,140.3,50.9,191.1,260,69.8,31.1,61.1,95.9,257.8,88.6,109.9,198.5,1794,371.4,25.1,45.5,442,90,83,78.1,251.2,123.2,34.2,157.4,149,54.2,23.6,44.9,46,168.8,52.1,56.9,109.1,1277.4,220.3,NA,NA,246.7,42.2,61.4,24.8,128.4,43.8,22.9,66.7,86.5,25.6,16.4,28.3,41.3,111.6,32.3,36.8,69,708.9,113.6,9.8,15.5,139,26.3,32.8,15.6,74.6,25.5,10,35.5,69.1,11.2,10.1,8.8,19.5,49.7,20.2,30,50.2,418,132.2,19.3,15.4,167,26.2,36.4,17.3,79.9,32.7,11.9,44.7,52.2,13.2,11,17.9,19.3,61.4,15,18.6,33.6,438.7,37.6,NA,NA,41.8,7.6,7.4,4.2,19.2,8.3,2.6,10.9,NA,3.7,2.7,4.4,NA,NA,3.1,6.8,10,115.1,NA,NA,NA,NA,NA,NA,NA,NA,NA,NA,NA,NA,NA,NA,NA,NA,NA,NA,NA,NA,NA,19.3,2,2,23.3,5,6.9,5.4,17.4,4.1,2.7,6.8,14.2,2.3,1.5,3.4,3.3,10.5,6,5.1,11.1,83.2,1339.2,112.3,195.7,1647.2,289.8,356,249.5,895.3,379.7,135.7,515.4,652.3,181.9,97.2,169.8,232,681,218.7,267.3,486,4877.1
31413,413.7,52,83.2,548.9,85.9,125.6,99.4,310.9,134.8,50.3,185.1,277,69.6,31,57.4,94.3,252.3,91.4,104.4,195.8,1770,373.3,24.8,46.4,444.5,89,85.4,79.2,253.6,114.9,32.6,147.5,149.7,55.8,23.1,44.6,47.2,170.7,51.5,61.1,112.6,1278.7,228.6,NA,NA,256.3,42.2,61.4,21.7,125.3,42.8,22.5,65.3,81,29.1,17.3,27.8,41.2,115.5,32.3,42.1,74.4,717.8,114.9,9.8,15.1,139.9,26.5,25.7,11.6,63.9,25.1,9.3,34.4,66.9,11.6,9.6,9.7,17.9,48.8,20.5,27.4,47.9,401.8,142.6,18.4,15.6,176.6,28.7,35.6,15.9,80.2,32.5,11.9,44.4,52.5,12.9,11.1,18.4,18.7,61.1,14.7,18.7,33.5,448.3,36.5,NA,NA,40.7,7.4,6.3,4.1,17.7,8.1,2.6,10.7,NA,3.9,2.6,4.3,NA,NA,3.1,7.1,10.2,111.9,NA,NA,NA,NA,NA,NA,NA,NA,NA,NA,NA,NA,NA,NA,NA,NA,NA,NA,NA,NA,NA,19.6,2,2.2,23.8,4.5,6.1,4.4,15,5.4,3.4,8.7,16.6,3,1.8,3.4,3.9,12.1,8.9,5.3,14.2,90.3,1349.9,108.5,194.2,1652.5,286.2,347.7,236.6,870.5,365.4,133.2,498.5,664.1,187.9,97.2,166.6,230.1,681.7,224.1,269.4,493.5,4860.9
31444,421.6,53.3,82.1,557,84.6,121,103.4,309,132.1,49.4,181.5,240.5,66.7,31.1,58.9,95,251.7,91.7,104,195.7,1735.4,381,26.5,46.8,454.3,88,83,83.9,254.9,117.5,33.2,150.6,152.5,61.1,22.9,47.2,48.5,179.7,51.4,59.9,111.3,1303.3,226.3,NA,NA,253.5,44.3,59.3,24.2,127.8,43.9,23.4,67.3,90.3,29.5,17.2,27.9,42.3,116.8,32.4,43.4,75.8,731.5,116.3,10.4,15.3,141.9,26.3,26.7,13.1,66.1,25.3,9.6,34.9,71.8,11.7,9.8,9.7,18.2,49.4,21.2,28.4,49.6,413.7,139,18.4,15.6,173,29,35,15.8,79.8,37.5,12.2,49.8,58.4,13.4,11.2,18.1,19.3,62,14.7,18.1,32.8,455.8,37.8,NA,NA,42,7.1,6.2,3.9,17.2,8.6,2.6,11.1,NA,4.1,2.4,4.3,NA,NA,2.8,7.3,10.2,113.5,NA,NA,NA,NA,NA,NA,NA,NA,NA,NA,NA,NA,NA,NA,NA,NA,NA,NA,NA,NA,NA,18.8,1.8,2.2,22.9,4.9,6.5,4.7,16.1,4.9,3.1,8,13.4,3.1,1.6,3.4,3.5,11.5,7.4,5.1,12.5,84.4,1361.5,111.8,193.3,1666.7,286.1,339.3,249.4,874.8,371.6,134,505.6,647.9,191.4,97,170.4,233.2,692,223.2,269.6,492.7,4879.8
31472,423.8,53.7,86.6,564.1,86.4,117.8,102.2,306.3,122.5,47.2,169.7,242.1,67.3,29.4,59,93.1,248.8,90.7,107.6,198.3,1729.4,384.7,27.1,47,458.7,87,82.1,81.6,250.6,112.3,31.8,144.2,147.3,55,22,46.5,47.7,171.3,49.5,62,111.5,1283.5,224.9,NA,NA,251,40.9,61,23.3,125.2,44.6,22.3,66.9,83.7,28.7,17,28.3,41.6,115.6,32.8,43.8,76.6,719,117.9,10.3,14.9,143.1,24.4,26.2,12.8,63.4,22.5,8.7,31.1,63.7,10.8,9.6,9.9,18.1,48.5,21.5,28.7,50.2,400,138.8,18.3,15.1,172.2,30.7,35,16.1,81.8,34.5,12.6,47.2,54.7,13.1,11.3,18.9,19.4,62.8,15.3,18,33.4,452,38.5,NA,NA,42.7,6.8,6.2,3.5,16.5,8.4,2.5,10.9,NA,4.1,2.4,3.9,NA,NA,2.9,7.6,10.5,112.3,NA,NA,NA,NA,NA,NA,NA,NA,NA,NA,NA,NA,NA,NA,NA,NA,NA,NA,NA,NA,NA,20.3,2.1,2.2,24.6,4.7,5.7,4.4,14.8,4.2,3.2,7.4,13.7,3.3,1.9,2.8,4.2,12.2,10.3,5,15.3,87.9,1370,112.8,196,1678.8,282.8,335.4,244.2,862.4,350.8,129,479.8,625.8,184.2,94.2,170.4,230.5,679.3,224.4,276.1,500.5,4826.5
31503,429.5,53.4,87.9,570.8,86.7,113.2,104.9,304.8,128.2,50.6,178.8,253.7,67.2,31.6,61.9,99.6,260.3,97.3,110.7,208,1776.4,392.6,25.6,45.8,464,90.5,97.7,84,272.2,127.7,35.3,163,149,56.1,24.9,49.1,48.4,178.5,54,60,114,1340.5,222.2,NA,NA,250.1,44.1,64.4,24,132.4,44.1,24.1,68.2,84.5,29,18,27.6,43,117.7,33.1,44.4,77.5,730.4,119.7,10.2,15.5,145.4,27.8,27.2,14.7,69.7,25.3,9.4,34.7,69.7,10.5,10.4,9.9,18.6,49.4,21.7,29.7,51.4,420.2,139.4,20.8,15.8,175.9,30.1,35.9,16.8,82.8,33.1,12.3,45.4,52.5,13,11.6,19,19.9,63.4,15.2,18.7,33.8,453.9,37.3,NA,NA,41.4,7.4,6.3,3.5,17.1,8.5,2.5,11,NA,3.7,2.3,5.2,NA,NA,2.7,7.1,9.8,111.4,NA,NA,NA,NA,NA,NA,NA,NA,NA,NA,NA,NA,NA,NA,NA,NA,NA,NA,NA,NA,NA,20.6,2.2,2,24.8,4.9,5.6,4.5,14.9,4.7,3.1,7.7,14.4,2.8,1.6,3.3,3.3,11,7.4,4.9,12.3,85.1,1382.4,113.6,198.8,1694.8,293.4,351.8,252.7,897.9,373.4,137.7,511.1,643.8,184,101.2,177,239,701.3,232.8,278.8,511.6,4960.5
31533,438.1,52.6,90.7,581.3,88.1,116.4,103.1,307.6,137.4,51.6,189.1,286.2,68.9,32.7,61.6,101.3,264.6,105.7,113.9,219.5,1848.3,403.9,25.9,46.3,476.2,97.3,101.3,85.2,283.8,133.2,36.1,169.3,157.3,56.1,26.3,45.8,49.8,178,57.2,60.4,117.6,1382.2,230.2,NA,NA,258.2,42.3,68.1,23.6,134,45.5,24.8,70.4,88.4,30.8,18,29.2,42.6,120.7,33.9,44.9,78.7,750.4,119.1,9.9,15.5,144.5,31.4,27.2,13.9,72.5,27.1,9.3,36.4,79.4,10.5,10,10.1,18.3,48.9,21.1,29.5,50.6,432.2,137.9,19.5,15.6,172.9,27.7,37.9,17.8,83.3,34.3,12.7,47,54.5,12.8,11.9,18.6,20.3,63.6,15.8,18.5,34.3,455.6,38.7,NA,NA,42.7,7.3,6.5,3.2,17,8.4,2.5,10.9,NA,4,2.5,4.7,NA,NA,2.8,7,9.8,114.4,NA,NA,NA,NA,NA,NA,NA,NA,NA,NA,NA,NA,NA,NA,NA,NA,NA,NA,NA,NA,NA,21.2,2.2,1.9,25.3,5.3,6,4.6,16,5,3.2,8.2,17.3,2.8,1.6,3.2,3.6,11.2,7.9,4.5,12.4,90.4,1410.7,111.4,201.8,1723.9,301.3,365,251.9,918.2,393.1,140.8,533.9,705.7,187.9,103.8,174.3,242.3,708.3,246,282.1,528,5118
31564,445.2,53.7,91.6,590.6,82.5,119.9,115.9,318.3,136.2,53.1,189.3,253.2,67.9,32.3,62,104.5,266.8,101.2,112.5,213.7,1831.8,414,26.3,47.2,487.4,96.5,97,87.1,280.6,123.8,35.2,159,139.4,54.2,25.7,46.1,51.6,177.5,55.6,63.6,119.2,1363.2,230.6,NA,NA,258.9,46.4,65.1,24.1,135.7,44.2,24,68.2,78.5,30.7,18.2,28.9,43.9,121.7,33.8,45,78.9,741.7,119.1,10.2,15.6,144.9,28,26.7,12.6,67.3,23.9,9.2,33.1,73.7,10.9,9.9,9.2,18.4,48.4,22,29.2,51.2,418.5,141.6,19.8,15.7,177.1,27.9,38,17.6,83.5,34.8,12.9,47.6,53.2,12.7,12.7,19.1,20.8,65.3,16,19,35,461.8,39.1,NA,NA,43,7.2,6.7,3.3,17.2,8.1,2.5,10.5,NA,4.2,2.5,4.9,NA,NA,2.8,7.1,9.9,113.4,NA,NA,NA,NA,NA,NA,NA,NA,NA,NA,NA,NA,NA,NA,NA,NA,NA,NA,NA,NA,NA,21.7,2.2,2.1,25.9,5.2,6.6,4.5,16.3,4.7,2.9,7.6,14.3,2.9,1.6,3.1,3.4,11,6.7,4.7,11.4,86.5,1433.1,113.6,204.2,1750.8,295.8,361.3,265.7,922.9,377.8,140.2,518,632.6,185.3,103.5,174.4,249.1,712.3,239.9,284.5,524.4,5060.9
31594,454.9,54.1,91,600,85.9,129.1,97.6,312.6,132,53.5,185.5,270.4,69.6,33.8,63.7,102.4,269.5,105.4,109.6,214.9,1852.9,402,25.2,48.1,475.3,97.6,97.9,87.2,282.6,126.1,38.1,164.3,166.5,52.4,26.5,46.3,51.1,176.2,57.6,68.1,125.7,1390.6,229.3,NA,NA,256.5,36.9,65.1,22.8,124.8,40.1,22,62.1,88.4,30,17.7,27.7,41.5,116.9,32.2,43.7,75.9,724.6,118.4,10.1,15,143.4,25.4,25.9,12.7,64,22.4,8.9,31.3,74.2,11.2,9.7,10.8,17.9,49.6,21.3,29.4,50.7,413.2,141,19.7,14.8,175.4,28.8,39.6,17.3,85.7,35,12.5,47.5,54.1,13.6,11.8,19.4,19.5,64.3,15.2,18.7,34,460.9,39.8,NA,NA,43.7,7.1,7,3.2,17.3,8.2,2.5,10.7,NA,4.6,2.6,4.9,NA,NA,3.2,7,10.2,116.2,NA,NA,NA,NA,NA,NA,NA,NA,NA,NA,NA,NA,NA,NA,NA,NA,NA,NA,NA,NA,NA,21.8,2,2.2,25.9,5.6,6.7,4.5,16.7,4.5,3.6,8.1,15.3,3.3,2,3.1,4.4,12.8,9.6,5,14.6,93.4,1428.7,112.5,202,1743.1,289.1,372.8,245.6,907.5,370.3,141.6,511.9,690.2,186.6,104.7,177,243.4,711.8,246.1,284.8,530.9,5095.5
31625,452.2,55.3,92.3,599.8,87,137.2,103.8,328,136.3,54.6,190.9,272.5,70.8,34.7,62.9,105,273.4,107,112.9,219.9,1884.5,398.8,26,49.7,474.5,100.9,103.4,92.1,296.5,128.5,39.8,168.3,159.2,51,27.2,46.6,53.1,177.9,59.8,75.6,135.4,1411.8,235.8,NA,NA,264.2,38.6,64.4,23,126,44,22.9,66.9,91.1,29.6,17.6,29.8,41.5,118.5,32.6,44.2,76.8,743.6,121.2,10.4,15.3,147,26.1,27.7,12.7,66.5,24.3,9.3,33.6,70.8,11.7,10.1,10.6,18.4,50.8,22.1,30,52.1,420.8,143,20,15.3,178.3,28.3,40.5,20.1,88.9,36.1,13.4,49.5,58,13.4,12.1,19.2,21.1,65.7,15.9,18.8,34.7,475.2,40.8,NA,NA,44.9,7.2,7.5,3.7,18.4,8.1,2.6,10.6,NA,4.8,2.6,5.1,NA,NA,3.2,7,10.2,119.3,NA,NA,NA,NA,NA,NA,NA,NA,NA,NA,NA,NA,NA,NA,NA,NA,NA,NA,NA,NA,NA,21.3,2.1,2.2,25.6,5.8,7.1,4.6,17.5,5.2,3.5,8.7,15.5,4.7,2,3.1,4.2,14.1,8.9,5.3,14.2,95.6,1434.9,115.3,207.2,1757.4,295.9,389.3,260.6,945.8,384.4,146.6,531.1,688.8,188,106.9,178.6,250,723.4,251.2,297.4,548.5,5195
31656,459.6,55.2,91.9,606.7,84.5,130.5,102.8,317.8,132,53.4,185.4,274.5,72.1,34.2,62.3,104.3,272.9,107.9,110.6,218.5,1875.8,406.5,25.6,49.6,481.6,97.1,93.6,89.7,280.5,126,38.7,164.7,162,51.5,27.1,47,52.2,177.8,63.2,72.1,135.3,1401.9,236.2,NA,NA,263.5,39.3,62.5,24.1,125.9,45.8,23.6,69.3,94.2,31.3,17.7,31.2,42.8,123,33.5,43.3,76.8,752.6,119.7,10.5,15.4,145.6,25.1,29.7,12,66.8,24,9,33,77.8,11.4,10,10.6,18,50,21.6,30.3,51.9,425.1,142.8,20,15.6,178.4,29,39.5,19.2,87.7,36,12.9,48.9,60.1,14.1,11.9,19.7,20.8,66.5,15.5,19.2,34.7,476.2,40.5,NA,NA,44.6,7.3,7.5,3.8,18.5,8.2,2.7,10.8,NA,4.4,2.6,5.7,NA,NA,3.2,6.9,10.1,119.3,NA,NA,NA,NA,NA,NA,NA,NA,NA,NA,NA,NA,NA,NA,NA,NA,NA,NA,NA,NA,NA,21.7,2,2.3,26,5.6,7.1,4.5,17.1,5,3.3,8.3,15.7,3.3,1.8,3.1,3.9,12.1,8.5,5.2,13.7,92.9,1449.1,114.7,205.8,1769.7,289.6,371.9,256.5,918,378.8,144.1,523,705.9,190,106,180.7,248.9,725.6,255.2,290.9,546.2,5188.3
31686,448.1,56.2,90.6,594.9,88.8,122.6,110.4,321.8,133.4,53.8,187.2,271,71.8,33.6,63.4,105.4,274.1,107.7,111.9,219.7,1868.7,410.9,25.8,50.5,487.2,95.1,92.5,93.2,280.8,124.6,37.8,162.3,153.1,55,26.8,51.5,53.1,186.3,62.7,74.3,136.9,1406.7,236,NA,NA,263.7,39.4,60.5,23.9,123.8,45.6,23.5,69.1,89.3,31.9,17.8,32.7,43,125.4,34.8,44.6,79.4,750.7,120.6,10.1,14.9,145.6,24.3,26.9,12.9,64.1,24.2,9.2,33.4,73.8,10.7,10,10.8,18.2,49.8,22.2,28.9,51.1,417.9,143.2,21.1,15.1,179.4,28.5,40.4,21.4,90.3,35.7,13,48.8,59.8,14.4,11.8,19.4,21.5,67.1,15.6,18.7,34.3,479.7,40,NA,NA,44.1,6.9,7.3,3.6,17.8,8.3,2.5,10.9,NA,4.3,2.6,5.2,NA,NA,3.2,7.4,10.5,117.6,NA,NA,NA,NA,NA,NA,NA,NA,NA,NA,NA,NA,NA,NA,NA,NA,NA,NA,NA,NA,NA,21,1.9,2.4,25.2,5.9,5.6,4.4,15.9,4.7,3.3,8,16.8,3.1,1.7,3.2,3.8,11.8,8.5,5.1,13.7,91.4,1441.8,116.5,205.1,1763.4,290.8,357.2,270.3,918.4,378.4,143.8,522.2,685.1,193.3,105,187.4,251.7,737.4,256.4,294.5,550.9,5177.3
31717,453.7,55.4,93.7,602.8,89.3,121.5,110.7,321.6,135,53.8,188.8,270.8,74.6,33.4,61.1,104,273.1,107.1,116.4,223.5,1880.6,413.7,26.1,51.5,491.3,95.9,91.8,96,283.7,126.1,38.1,164.2,147.1,56.3,26.1,50.2,52.9,185.6,61.3,74.8,136,1408,240,NA,NA,267.9,40,60.2,24.5,124.7,47.2,23.6,70.8,87.5,32.9,17.6,32.5,43.2,126.2,34.4,44.9,79.4,756.5,121.9,10.2,15.1,147.3,24.6,24.5,13,62.1,24.9,9.4,34.4,73.2,10.4,10,10.7,18.4,49.5,22,30,51.9,418.4,147.8,20.4,15.7,184,28.8,38.1,23.1,90.1,36.5,13.6,50.1,55.3,15.5,11.7,18.8,22,68,15.7,19.1,34.8,482.2,40.7,NA,NA,44.7,7.1,6.8,4.2,18,8.3,2.6,10.9,NA,4.4,2.6,4.9,NA,NA,3.2,7.4,10.6,117.9,NA,NA,NA,NA,NA,NA,NA,NA,NA,NA,NA,NA,NA,NA,NA,NA,NA,NA,NA,NA,NA,22,1.8,2.3,26.1,6,5.7,4.4,16.1,5,3.4,8.5,15,3.2,1.8,3.1,3.8,11.9,8.7,4.9,13.6,91.1,1462,115.5,210.1,1787.6,293.5,350,276.5,920.1,385.2,145,530.1,669.6,199.2,103.9,182.5,251,736.5,254,301.1,555.1,5199
31747,449.8,55.6,93.3,598.7,89.6,119.9,112.3,321.9,135.6,52.6,188.3,277.4,79.5,33.8,62.3,104.3,279.8,106.7,121,227.6,1893.7,411.9,26.2,50.5,488.6,94.7,89.1,96.7,280.5,128.5,38.1,166.6,162.6,56.8,27,49.6,53.1,186.5,61.7,72.9,134.6,1419.4,240,NA,NA,268.1,38.9,61.3,24,124.2,50.8,23.6,74.4,101.9,33.3,16.8,33.1,42.2,125.3,35.5,46.1,81.5,775.5,123,10.4,15.1,148.5,24.3,26.2,13.1,63.6,24.6,9.3,33.9,75.3,9.6,10.4,10.3,18.5,48.8,22.4,29.2,51.6,421.7,148.9,19.7,15.3,184,28.9,36.7,22.9,88.5,37.8,13.1,50.9,61.5,15.5,11.2,18.3,21.8,66.8,15.9,18.9,34.8,486.6,40.4,NA,NA,44.6,7.1,7.1,4.3,18.4,8.3,2.6,10.9,NA,4.7,2.6,5.2,NA,NA,2.9,7.2,10.1,119.1,NA,NA,NA,NA,NA,NA,NA,NA,NA,NA,NA,NA,NA,NA,NA,NA,NA,NA,NA,NA,NA,22.4,1.8,2.4,26.7,6.1,5.5,4.6,16.3,5.2,3.3,8.5,15.2,2.3,1.7,3.3,3.7,11.1,8.7,4.9,13.6,91.4,1458.6,115.5,208.7,1782.8,291.4,347.3,278.5,917.2,393,143.1,536.1,715.7,203.8,104.3,183.4,250,741.6,255.6,303.7,559.3,5252.8
31778,462.5,56.1,88.9,607.5,86.4,121.5,115.6,323.6,128.3,52.7,181,277.4,70.9,33.5,65.8,104.7,274.9,107.6,112.4,220,1884.4,416.4,26.9,51.9,495.1,99.6,88.6,98.1,286.2,126.7,38.5,165.2,161.1,57.2,25.4,49.8,53.4,185.8,58.5,79.5,138.1,1431.6,244.7,NA,NA,273.2,38.9,64.1,22,125.1,43,23.8,66.8,97.2,38.5,19.4,33,45.4,136.3,36.6,48.3,84.9,783.5,120.2,10.1,15.7,146,27.6,27.6,13.6,68.8,23.7,9.4,33.2,74.8,9.1,10.6,10.6,19.3,49.6,23,31,54,426.4,152.2,22,16.1,190.3,26.7,38.3,21.8,86.8,37,13.3,50.4,60.2,16.8,12.4,18.5,22.8,70.6,16.9,19.7,36.6,494.9,39.3,NA,NA,43.4,7,7.5,4.5,19,8.7,2.6,11.3,NA,4.7,2.6,5.5,NA,NA,3,7.2,10.2,117.8,NA,NA,NA,NA,NA,NA,NA,NA,NA,NA,NA,NA,NA,NA,NA,NA,NA,NA,NA,NA,NA,23.4,2,2.2,27.7,5.7,5.9,3.9,15.5,4.9,3.3,8.2,15,3.3,1.8,3.2,3.8,12.1,8.9,4.9,13.8,92.3,1481.5,118.6,207.3,1807.4,293.9,354.9,280.1,928.9,374.3,144.3,518.6,705.8,202.6,106.5,187.6,256.4,753,256.3,306.8,563.2,5277
31809,461.4,58.6,93.4,613.4,91.1,121.4,110.6,323.1,131.4,53.3,184.6,276.3,75.2,33,67.3,104.8,280.3,102.3,117.5,219.8,1897.6,421.4,27.7,52.4,501.5,98.6,89.5,97.9,285.9,126.8,39,165.8,160.6,57,26.1,50.4,53.2,186.8,60.1,79.9,140.1,1440.7,245.6,NA,NA,274.9,38.3,66.1,22.8,127.3,47.8,24.6,72.5,92.9,33.7,19.7,33,46,132.3,37.3,49.6,87,786.8,123.9,10.7,16.1,150.8,25.6,28.9,13.4,67.9,23.2,9.4,32.6,73.7,9.9,10.3,10.7,18.7,49.6,22.2,33.4,55.6,430.1,154.9,21.2,16.5,192.7,27.2,39.3,22.9,89.4,36.8,13.7,50.5,62.2,17.6,12.6,19.6,23.6,73.3,16.9,20.2,37.1,505.1,40,NA,NA,44.2,7.1,7.4,4.3,18.8,8.7,2.6,11.3,NA,5.8,2.6,5.5,NA,NA,3.2,7.2,10.4,120.7,NA,NA,NA,NA,NA,NA,NA,NA,NA,NA,NA,NA,NA,NA,NA,NA,NA,NA,NA,NA,NA,24.2,2.2,2.6,29,5.4,5.2,4,14.6,5.1,3.4,8.5,16,3.4,1.8,3.3,3.9,12.4,9.4,6.1,15.5,96,1494.4,122.1,214.3,1830.8,295.2,359.2,276.4,930.8,381.8,146.5,528.3,702.8,204.6,106.9,190.9,257.2,759.6,253.2,317.7,570.9,5323.2
31837,465,58.1,92,615.1,93.3,123.5,109,325.8,136,53,189,273.4,75.2,33.1,66.4,105.3,279.9,105.8,113.9,219.7,1903,424.7,27.7,51.7,504.1,100.4,89.7,100.3,290.4,131.5,40.3,171.8,168.9,55.7,26.4,50.7,54.5,187.2,59.5,80.2,139.7,1462.2,248.4,NA,NA,276.3,42.2,65.2,21.6,129,47.5,24.3,71.8,95.7,34,19.6,30.8,45.8,130.2,37.5,47.8,85.2,788.2,123.9,10.3,15.8,150,25.7,30.4,13.7,69.8,24.8,9.4,34.2,74.3,10.4,10.4,11.1,18.7,50.6,21.8,31,52.7,431.6,152.9,21.6,15.7,190.2,26.7,38.2,20.1,85,36,13.1,49.1,61.5,17.4,12.5,18.7,22.5,71.2,17.1,19.3,36.4,493.3,41,NA,NA,45.1,7.1,7.3,4.7,19.2,8.9,2.7,11.5,NA,5.2,2.6,5.6,NA,NA,3.1,6.7,9.8,122.2,NA,NA,NA,NA,NA,NA,NA,NA,NA,NA,NA,NA,NA,NA,NA,NA,NA,NA,NA,NA,NA,24.1,2.1,2.3,28.5,6,5.8,4.3,16.1,5.1,3.4,8.5,16.2,4.1,1.9,3.3,4,13.3,9.6,5.2,14.8,97.5,1503.1,121.4,209.3,1833.7,303.4,361.6,274.1,939.2,391.7,146.6,538.4,711.8,203.9,107.3,187.7,258.1,756.9,256.2,307.7,563.9,5344
31868,458.6,58.7,93.8,611.1,91,132.9,111.5,335.5,136.8,53.6,190.4,267.9,78.8,34.7,68.2,107.6,289.3,105.7,113.9,219.5,1913.6,414,26.9,52.4,493.3,95.5,90.7,94.5,280.7,128.8,39.4,168.2,168.5,57.2,26.5,52,54.2,189.9,61.8,82.3,144.2,1444.8,244.4,NA,NA,271.8,34.7,64.1,22.3,121.1,49.1,24.4,73.4,97.5,35.8,20.6,32.4,47.3,136.2,40,45.8,85.8,785.9,127,10.6,15.8,153.4,23.8,31.5,13.6,68.9,24.8,9.5,34.3,75,11.9,10.5,10.8,18.7,51.9,21.6,31.4,53,436.6,161,20.2,16.8,198.1,27.8,41,21.5,90.2,36.5,13.8,50.2,62.3,18.9,12.9,20.2,23.3,75.4,17,19.7,36.6,512.8,41.8,NA,NA,46.4,7.4,7.5,5.7,20.6,9.1,2.8,11.8,NA,5.3,3,5.8,NA,NA,3.7,8.1,11.8,129,NA,NA,NA,NA,NA,NA,NA,NA,NA,NA,NA,NA,NA,NA,NA,NA,NA,NA,NA,NA,NA,24.7,2.2,2.5,29.5,5.7,5.7,4.4,15.8,4.8,3.4,8.3,15,4.3,1.8,3.2,4.2,13.5,9.7,5.2,14.9,97,1494.8,120,213.2,1827.9,287.9,375,274,936.9,391.8,147.5,539.4,708.2,214.3,110.8,193.9,263.6,782.6,261.3,310.2,571.5,5366.6
31898,467.3,57,93.8,618.1,89.5,134.7,114.5,338.6,144.1,54.4,198.5,265.4,78.7,35.4,68.8,109.8,292.7,110.4,113.8,224.2,1937.6,417.7,27.6,54,499.2,94.5,90.8,98,283.3,130.1,40.2,170.3,169.4,56.8,27,54.5,55.1,193.4,62.4,85.6,148,1463.6,244.5,NA,NA,271.7,35.7,63.7,22.4,121.8,50.5,24.2,74.8,99.7,35.3,17.7,31.2,43.4,127.6,35.9,45.4,81.2,776.9,129.2,10.9,15.8,156,23.5,30.8,12.9,67.2,24.6,9.3,33.9,76.3,10.9,10.7,11,18.8,51.4,22.4,31.3,53.7,438.5,165.8,20.1,16.9,202.9,29.6,42.1,21.7,93.4,38.6,13.5,52.1,61.6,19.7,13,20.4,22.9,75.9,16.7,19.6,36.3,522.2,41.5,NA,NA,45.9,7.5,7.4,5.9,20.8,9.1,2.8,11.9,NA,5.2,3.1,5.9,NA,NA,3.8,7.8,11.5,128.3,NA,NA,NA,NA,NA,NA,NA,NA,NA,NA,NA,NA,NA,NA,NA,NA,NA,NA,NA,NA,NA,24.6,2.1,2.5,29.2,5.7,5.4,4.7,15.9,5,3.4,8.4,16.2,4.1,1.9,3.3,4.2,13.5,9.8,5.5,15.4,98.5,1514.2,119.2,214.5,1847.9,287.9,376.5,280.6,945.1,404,148.5,552.5,710.3,212.8,109.6,196.3,262.7,781.4,263.2,312.7,575.9,5413
31929,466.2,59.3,95,620.5,88.9,143.6,113,345.5,143.4,55.4,198.8,285.6,79.3,35.7,68.7,111.2,294.8,111.2,115.1,226.3,1971.6,420.2,28.2,54.4,502.7,93.4,94.3,93.7,281.4,130.5,40,170.6,168.7,59.6,27.6,55,55.9,198,61.5,87.6,149.1,1470.5,243.7,NA,NA,271,35.4,63.6,22.2,121.1,49.7,23.5,73.2,95,35.2,18.4,30.7,43.9,128.2,35,42.2,77.2,765.6,130.4,10.8,15.9,157.1,22.5,31.4,13.5,67.3,24.1,9.5,33.6,75.5,11,10.6,11.2,18.9,51.7,22.2,32.5,54.7,439.9,166,20.6,16.8,203.3,30.2,43.5,20.8,94.5,38.3,14,52.3,60.3,18.8,13.3,19.8,23.4,75.3,16.9,19.6,36.5,522.2,41.6,NA,NA,46.1,7.3,7.9,6.9,22.1,9.2,2.8,12,NA,5.1,3.2,6,NA,NA,4,7.7,11.7,130.5,NA,NA,NA,NA,NA,NA,NA,NA,NA,NA,NA,NA,NA,NA,NA,NA,NA,NA,NA,NA,NA,24.3,1.8,2.6,28.8,5.8,5.5,4,15.2,4.7,3.4,8.2,16.6,4.4,1.9,3.1,4.2,13.6,9.2,6.3,15.5,98,1515.8,122,216.4,1854.2,285.4,391.3,274.6,951.4,402,149.3,551.3,723.2,215.4,111.3,195.9,266.4,789,261.5,314.8,576.4,5445.4
31959,453.4,63.7,97.6,614.6,96.5,130.3,116.1,342.9,144.8,56.4,201.3,285.5,84.7,34.4,68.5,113.6,301.1,109.6,123.6,233.2,1978.7,424,29,53.8,506.8,102,96.8,97.1,295.8,135.9,41.6,177.5,183.5,58.7,28,52.2,56.6,195.5,62.4,87.6,150,1509.1,243.8,NA,NA,273.2,40.5,66.6,22,129.1,59.4,25.3,84.7,107.6,35.2,18.9,31.3,44,129.3,35.8,52.8,88.6,812.5,129.8,11,16.2,156.9,23.5,33.4,13.9,70.8,24.7,9.9,34.7,78.6,10.6,11.1,11,19.2,51.8,23,34.2,57.2,450.1,161.6,20.7,16.9,199.2,33.8,43,20.6,97.4,38.7,14,52.7,66.8,18,13.5,19,23.2,73.7,17.9,20.7,38.7,528.5,42.7,NA,NA,47,7.3,7.2,5.4,19.9,10.1,2.9,12.9,NA,5.7,2.9,6.3,NA,NA,3.7,6.9,10.6,129.1,NA,NA,NA,NA,NA,NA,NA,NA,NA,NA,NA,NA,NA,NA,NA,NA,NA,NA,NA,NA,NA,23.9,2.3,2.6,28.8,6.5,5.8,4.3,16.7,5,3.4,8.4,16.4,4.5,1.9,3.2,4.1,13.7,8.6,5.8,14.4,98.4,1502.2,128.1,220.6,1850.9,312,384.8,279.7,976.6,420.7,154.3,575,760.9,219.6,111.4,192.6,268.5,792.2,262.8,335.5,598.3,5553.8
31990,473.7,61,99.4,634.1,96.4,134.5,117.6,348.5,147.4,56.3,203.7,281.5,84.2,35.3,67.9,115.7,303.1,114.1,123.3,237.4,2008.3,423.8,29.4,54.4,507.6,101.4,98.8,106.2,306.4,136,42.5,178.6,167.7,59,27.9,54.2,58.2,199.4,62.6,88.6,151.2,1510.8,248.3,NA,NA,276.6,41.4,67.5,21.9,130.9,59.2,25,84.1,98.6,36.3,19.2,32.3,44.3,132.1,36.6,48.5,85,807.3,130.7,11.1,16.5,158.3,23.5,33.6,14.4,71.4,25.4,10,35.4,77.3,10.9,11.3,11.3,19.5,52.9,23,35.1,58.1,453.4,165.4,20.9,16.9,203.1,34,45.9,20.9,100.9,36.2,13.9,50.1,61.5,18.6,13.7,19.7,23.8,75.8,17.9,19.1,37,528.3,43.1,NA,NA,47.3,7.2,7.1,5.2,19.5,8.9,2.8,11.7,NA,5.7,2.9,6.6,NA,NA,3.7,6.8,10.6,128.5,NA,NA,NA,NA,NA,NA,NA,NA,NA,NA,NA,NA,NA,NA,NA,NA,NA,NA,NA,NA,NA,24.3,2.5,2.5,29.3,6.1,6.7,4.3,17,5.1,3.3,8.4,15.4,4.6,1.9,3.2,4,13.7,8.4,5.1,13.5,97.3,1533.1,126.4,221.9,1881.4,311.9,395.6,291,998.6,420.4,154.4,574.8,724.3,221.7,112.9,196.4,273.4,804.3,268.1,330.3,598.3,5581.7
32021,469,60.9,99.9,629.8,95,133,127.5,355.5,148.9,56.4,205.4,269,81.9,35.1,68.9,115.1,301.1,112,125.1,237.2,1997.9,420.4,29.8,53.9,504.1,104.7,95.5,115.3,315.5,137,42.3,179.3,168.3,58.8,26.7,55.6,58.7,199.7,60.9,87,148,1514.8,249.6,NA,NA,278,40.9,68.8,21.6,131.2,63.1,25.6,88.7,99,36.9,19.3,31.5,44.7,132.5,37.4,51.1,88.5,817.8,129.4,11,16.2,156.7,23.4,34.7,13.9,72,25.4,10.4,35.8,77.5,11,11.3,11.9,19.6,53.9,23.4,33.9,57.3,453.2,171.5,22.4,17.2,211.1,29.3,44.6,20.9,94.9,38.9,14.5,53.5,63.1,18.8,13.7,19.7,24,76.2,18.4,18.8,37.1,535.8,44.1,NA,NA,48.3,7.1,7.1,4.5,18.8,9.1,2.8,11.9,NA,5.6,3,6.1,NA,NA,4.2,7,11.2,128.6,NA,NA,NA,NA,NA,NA,NA,NA,NA,NA,NA,NA,NA,NA,NA,NA,NA,NA,NA,NA,NA,25.1,2.8,2.6,30.6,6.1,6,4.2,16.3,5.3,3.5,8.8,15.3,4.7,1.8,3.2,3.9,13.6,8.7,5.8,14.6,99.1,1532.7,128.5,222.3,1883.5,308.4,391.1,308.5,1008,429.9,156,586,714.1,220.2,111.8,198.1,273.9,804,266.9,332.6,599.6,5595.2
32051,471,62.3,97.6,631,97.3,143.8,132,373.1,146.3,55.7,202,268,80.7,35.3,68.4,115,299.3,110.4,122.6,233,2006.4,425.4,29.6,53.6,508.7,104,94.4,108.1,306.5,133.5,41.1,174.7,171.2,57.4,27.3,56.7,56.3,197.7,64.4,87,151.3,1510.1,253.1,NA,NA,282.1,43,73.2,23.7,139.8,61.5,26.3,87.8,102.2,35.1,20.3,31.6,46,133,39.3,52.2,91.5,836.4,126,11.7,16.2,153.9,23.4,36.1,14.4,74,24.3,10,34.3,79.9,10.4,11,11.1,19.3,51.9,22.4,35.2,57.6,451.6,169.9,21.8,17.4,209.1,28.6,48.9,21.8,99.3,40.1,14.5,54.6,63,18.7,14,19.3,25.1,77.1,19,20.6,39.5,542.7,45.1,NA,NA,49.3,7.7,7.4,4,19,9.1,2.8,12,NA,6,3.1,6.2,NA,NA,4.1,6.9,11,130.1,NA,NA,NA,NA,NA,NA,NA,NA,NA,NA,NA,NA,NA,NA,NA,NA,NA,NA,NA,NA,NA,25,1.8,2.5,29.3,5.9,5.7,4.8,16.5,6,3.6,9.6,14.8,5.1,1.9,3.2,4.2,14.4,10,5.9,15.8,100.4,1539.4,128.9,220.5,1888.8,311.9,411.2,309.4,1032.5,422.8,154.6,577.4,720.6,215.6,113.7,197.9,273.9,801,271.4,334.4,605.8,5626.2
32082,482.1,62.7,98.1,642.9,97.7,143.5,130.9,372.1,142.2,56,198.2,280.5,78.6,35.6,71.2,114.2,299.6,111,123.3,234.3,2027.6,432,28,54.1,514.1,98.5,96.2,108.4,303.2,135.2,42,177.1,159.4,55.6,27.9,56.4,56.7,196.6,67.4,86.5,153.9,1504.4,257.6,NA,NA,287.1,40.9,84.2,23.5,148.6,56.8,26.7,83.4,100.9,36.4,22,31.7,48.3,138.3,40.8,54.1,94.8,853.2,127.8,11.8,16.2,155.8,22.1,35.9,15.3,73.3,24.1,10.2,34.2,77.8,10.8,11.5,11.3,20.2,53.8,23,33.7,56.8,451.8,170.9,22.4,17.2,210.4,29.3,44,20.8,94.2,38.3,14.3,52.6,60.8,17.2,13.9,20,24.2,75.3,19.4,20.8,40.2,533.4,44.7,NA,NA,49,7.6,7.9,4.1,19.5,9.2,2.7,11.9,NA,5.9,3.1,6.1,NA,NA,4.4,7.1,11.5,131.4,NA,NA,NA,NA,NA,NA,NA,NA,NA,NA,NA,NA,NA,NA,NA,NA,NA,NA,NA,NA,NA,25.7,2.6,2.6,30.9,6.1,4.8,4.6,15.5,5.5,3.5,9,18.1,4.8,1.7,3.1,4,13.6,9.2,6.2,15.4,102.5,1564.8,129,221.8,1915.6,304.2,418.5,308.1,1030.8,413.2,155.9,569.1,720,211.6,116.4,201.1,275.5,804.5,277,335.8,612.8,5652.9
32112,480.1,62.6,96.4,639,97.8,145.7,125.6,369.1,143.8,52.9,196.8,270.6,81.2,38,70,110.5,299.7,112.6,122.2,234.8,2010.1,447.8,29.3,54.2,531.3,97.7,98.8,111.4,308,130.6,40.7,171.3,177.1,55.9,30.1,53.1,57.8,196.8,66,89.7,155.7,1540.2,255.2,NA,NA,284.9,37.7,75.1,25.7,138.5,61.7,26.5,88.2,107.8,40.2,20.6,31.5,47.7,139.9,43.5,55.5,99,858.2,126.8,11.7,16,154.5,22.6,34.6,14.6,71.8,24.9,9.9,34.8,78.5,10.1,12,11.7,20.2,53.9,23.6,34,57.6,451.1,177.9,21.9,17.6,217.4,29.4,48.6,25.7,103.6,41,14.4,55.4,66,18.7,14,19.7,25.4,77.9,20.7,21.4,42.1,562.3,46.1,NA,NA,50.3,8.3,7.7,5.8,21.8,9.4,2.8,12.2,NA,5.8,3.4,6.6,NA,NA,4.3,7.2,11.5,136.1,NA,NA,NA,NA,NA,NA,NA,NA,NA,NA,NA,NA,NA,NA,NA,NA,NA,NA,NA,NA,NA,26.2,2.5,2.6,31.3,5.9,5,4.5,15.5,6,3.5,9.5,17,5,1.8,3,4.1,14,10.1,6.1,16.3,103.6,1584.7,129.7,220.3,1934.7,301.5,417.3,313.9,1032.7,419.4,151.3,570.7,739.3,219.1,120.7,196.7,274.1,810.7,282.9,340.1,623,5711.1
32143,486.4,64,99.2,649.5,107.8,146.4,142.9,397.1,151.2,56.8,208.1,274,80.5,36.8,72.5,118,307.8,111.3,125.2,236.5,2073.1,421.4,29.9,51.7,503.1,92.1,97.1,97.6,286.7,122.3,40.9,163.3,180.5,52.8,26.3,56.2,54.3,189.6,59.6,86.3,145.9,1469.1,253.6,NA,NA,283.2,50.1,75.2,22.9,148.2,55.7,28.7,84.4,113.9,36.4,21.6,31.9,49.9,139.7,41,52.8,93.7,863.2,123.2,12.1,15.1,150.4,20.2,32,14.8,67.1,21.1,9.6,30.6,85.7,9.3,11.2,11.9,19.6,52,23.5,32,55.4,441.3,170.6,22.6,17,210.2,28.2,43.2,22.7,94.2,34.4,14.2,48.7,65.4,14.6,13.4,18.8,24.5,71.2,18.4,20.7,39.2,528.9,47.3,NA,NA,51.4,7.3,7.9,4.5,19.6,8.7,2.8,11.6,NA,5.9,3.3,6.1,NA,NA,4.1,7.4,11.5,133.7,NA,NA,NA,NA,NA,NA,NA,NA,NA,NA,NA,NA,NA,NA,NA,NA,NA,NA,NA,NA,NA,25.3,2.5,2.6,30.3,6,4.4,4.8,15.3,6.1,3.6,9.7,16.9,4.5,1.7,3,4.1,13.4,9.7,5.9,15.6,101.1,1552.2,132.7,219.2,1904.1,313.7,408,310.7,1032.4,401.6,157.4,559,758.8,206,115.2,201.4,278.5,801.2,269.5,334.3,603.8,5659.4
32174,482.6,63,98.2,643.8,110,152.6,129.3,391.9,157.3,60.1,217.4,290.4,81.8,38.1,71,118.1,308.9,113.7,124,237.8,2090.2,431.7,29.2,54,514.9,98.7,99.3,113,311,142.2,43.7,185.9,168.1,51.4,27.8,56.6,55.9,191.7,63.4,88.9,152.2,1523.9,257.3,NA,NA,287.3,47.9,80.5,21.7,150.1,64.3,28.8,93.1,101.3,36.8,22.5,32.6,49.4,141.3,41.4,53.7,95,868.2,124.7,11.6,15,151.4,22.8,37.7,15.9,76.4,25.5,10.9,36.4,77,10.9,12.4,11.5,20.3,55.1,25.3,32.1,57.4,453.7,169.1,21,16.4,206.6,26.6,43.8,23.2,93.6,37.1,14.1,51.2,63.1,15.4,13.3,18.5,24,71.1,17,20.7,37.7,523.3,47.5,NA,NA,51.5,8.2,8.9,4.8,21.8,10.7,3.1,13.8,NA,5.4,3.3,6.3,NA,NA,4,7.1,11,137,NA,NA,NA,NA,NA,NA,NA,NA,NA,NA,NA,NA,NA,NA,NA,NA,NA,NA,NA,NA,NA,24.3,2.7,2.5,29.6,6.4,4.7,5.1,16.2,7.6,3.9,11.6,17.8,5.1,1.8,3,4.2,14.1,9.6,5.7,15.2,104.5,1561.7,129.2,219.9,1910.8,322.6,429.2,313.8,1065.6,447.1,165.4,612.6,739.4,208.8,120.1,200.8,280.3,810.1,276.3,336,612.3,5750.7
32203,486.7,65.2,101.7,653.5,102.6,157.3,130.7,390.6,154.2,57.8,212.1,278.7,82.1,37.8,71.9,118.7,310.5,112.7,127.7,240.3,2085.7,440.7,29.4,55,525.1,97.3,98.9,109.8,306,131.2,42.6,173.7,177.7,53.8,28.4,58.6,56.7,197.5,66.5,91.4,157.9,1537.9,261.5,NA,NA,292.1,52.4,84.5,22.7,159.7,64.6,30,94.5,110.4,35.3,23.3,32.1,50,140.8,41.7,54.9,96.6,894.1,128.3,11.4,15.3,155,22.5,38.2,15.7,76.4,24.6,10.4,35,79.2,11.3,12.1,11.3,20.2,54.9,23.6,32.6,56.1,456.7,177.1,21.7,17.1,216,27.9,43.4,25.2,96.5,37.9,14.9,52.9,64.5,16,13.8,18.9,25.2,74,18.7,20.9,39.6,543.4,47.7,NA,NA,51.8,8.2,8.2,4.6,21,9,2.8,11.8,NA,5.8,3.2,6.5,NA,NA,3.9,7.3,11.1,135.3,NA,NA,NA,NA,NA,NA,NA,NA,NA,NA,NA,NA,NA,NA,NA,NA,NA,NA,NA,NA,NA,25.2,2.6,2.5,30.3,6.8,4.4,5.3,16.5,6,3.6,9.7,16.3,5.5,1.8,3.2,4.3,14.8,9.7,5.6,15.3,102.9,1592.5,132,225.9,1950.4,319.9,436.8,314.8,1071.4,429.6,162.8,592.4,748.9,211.9,121.3,203.7,283.4,820.3,278.6,344.5,623.2,5806.5
32234,500.6,63.8,99.1,663.5,92.1,156.6,127.3,376,150.5,55.9,206.4,283.4,81.4,38,73.3,115.5,308.1,114.4,129.1,243.5,2080.9,445.7,30,56.3,531.9,102.5,100.3,111.7,314.6,134.9,43.8,178.8,180,53,29.4,57.9,60.5,200.8,66.1,96.9,163,1569,267.9,NA,NA,298.9,50,80.5,24.3,154.8,62,29.8,91.8,115.5,36,22.6,31.6,52.5,142.7,43.5,58.8,102.2,905.9,129,11.4,15.8,156.2,22.5,36.3,15.7,74.5,24,10.5,34.5,79.4,10.5,11.6,11.9,19.2,53.1,23.4,33.3,56.7,454.4,181.1,24,17.2,222.3,29.3,45.7,25.6,100.6,37.7,15.5,53.1,68.1,16,14,19.4,26.4,75.9,19.4,21.9,41.2,561.3,48.1,NA,NA,52.3,7.9,7.8,4.8,20.5,8.6,2.9,11.5,NA,5.9,3.2,6.5,NA,NA,4,7.3,11.3,136,25.4,NA,NA,26.7,2.1,1.8,0.7,4.6,2.1,0.6,2.8,NA,2.2,0.7,1.3,NA,NA,2,4.3,6.2,50.8,25.4,2.4,2.6,30.3,6.5,5,5.1,16.6,5.9,3.7,9.6,17.1,5.5,1.8,3.3,4.3,14.8,10.1,5.9,16,104.4,1623.1,133,225.9,1982,313,434,315.2,1062.2,425.8,162.7,588.5,766.4,210.4,121.2,205.1,286.9,823.6,282.8,357.4,640.2,5862.7
32264,502.4,63.1,99.6,665.1,98.2,161.6,131.2,391,146.4,56.6,202.9,281.5,81.4,38.7,73.8,120.3,314.2,117,129.7,246.7,2101.4,446,29.5,55.5,531.1,107.9,102.8,114.2,324.8,140.4,44.8,185.3,181.4,53.9,29.2,57.6,59.2,199.9,65.5,92.4,157.8,1580.3,269.3,NA,NA,302.2,53.6,81.4,27.3,162.3,61.4,32,93.4,114.4,37.5,24.5,33.1,56.8,151.8,50.5,63.6,114,938.1,129.5,11.8,15.9,157.3,24,38.1,16.3,78.4,25.2,10.9,36.1,80,10.6,12.1,11.9,20.7,55.2,24.4,33.7,58.2,465.2,176.7,22,17.2,215.9,31.4,47.5,24,102.9,38.6,15.4,54.1,68.6,18,14.5,19.7,24.8,77,19.4,21.7,41,559.4,48.1,NA,NA,52.2,8.1,8.2,4.9,21.2,9.2,2.9,12.1,NA,5.8,3.4,6.6,NA,NA,4,7.1,11.1,136.4,25.3,NA,NA,26.7,2.1,1.8,0.8,4.7,2.2,0.6,2.8,NA,2.1,1,1.3,NA,NA,2,4.4,6.3,51.4,25.2,2.3,2.6,30.1,6.6,4.9,5.2,16.8,6.1,3.6,9.7,16.9,5.8,1.8,3.4,4.3,15.2,9.5,6.1,15.6,104.3,1622.6,130.3,227.6,1980.5,331.8,446.3,323.9,1102,429.5,166.9,596.4,764.7,215,125.1,207.2,294.7,842.1,292.1,358.6,650.7,5936.4
32295,494.7,63.5,95,653.2,98.9,156.2,131.4,386.6,149.3,57,206.3,271.3,80,38.3,79.5,120.7,318.4,117.3,128.5,245.7,2081.5,455.6,29.6,57.2,542.4,102.8,103.1,121.1,327.1,142.2,44.7,186.9,181.7,52.2,30.1,58.6,58.8,199.8,69.2,93.4,162.6,1600.4,269.4,NA,NA,308.1,57.1,84.6,30.9,172.6,65.8,34.2,100.1,116.6,36.8,25.8,33.1,60.6,156.3,56.6,65.6,122.1,975.8,130.5,14.7,17.3,162.5,24.7,38.4,16.2,79.3,25.6,11,36.7,78.1,10.6,12.4,11.9,21.1,56,23.2,35.4,58.7,471.3,173.1,20.6,16.9,210.6,32.4,46.3,21.1,99.7,38.6,15.2,53.9,70,16.6,14.5,20.2,25.8,77.1,18.9,21.3,40.2,551.5,47.6,NA,NA,51.8,7.9,8.8,5,21.8,9.1,2.9,12,NA,6.2,3.4,6.5,NA,NA,3.3,7,10.3,137.7,25.4,NA,NA,26.7,1.9,1.6,0.4,4,2,0.5,2.5,NA,2.4,0.9,1.6,NA,NA,2.9,4.5,7.4,51.9,24.8,2.1,2.5,29.5,6.8,7.1,5.5,19.5,6.2,3.6,9.8,16.3,5.4,2,3.4,4.3,15.1,10.6,5.9,16.5,106.6,1621.1,132.2,231.5,1984.8,332.7,446.1,331.7,1110.4,438.9,169.1,608,757.3,210.2,127.3,214.7,300.3,852.6,302,361.6,663.6,5976.7
32325,485.5,60,95.1,640.7,96.4,151.2,132.7,380.2,150.7,57.4,208.1,277.2,75.5,38.7,80.1,120.7,315,129.4,127.5,256.9,2078.1,453.3,31.2,55.3,539.8,94.4,103.4,122.9,320.7,135.5,41.1,176.6,174.8,50.6,30.3,57.1,56.6,194.7,67.4,90.5,157.9,1564.4,277.6,NA,NA,316.7,57.6,82.6,33.9,174,77.7,37.2,114.8,114.8,40.5,27.5,33.1,65.5,166.6,60.7,67,127.7,1014.6,132,13.8,17.4,163.2,24.7,40.9,15.9,81.5,24.7,10.9,35.7,78.8,10.9,14.1,12,22.1,59.2,22.5,34.9,57.3,475.7,170.2,20.6,16.6,207.4,33.2,45.7,20.4,99.3,36,14.9,50.9,70.2,15.9,14.7,21.4,24.6,76.6,17.4,20.8,38.2,542.5,47.3,NA,NA,51.7,8.3,8.8,5.2,22.3,9.5,2.9,12.4,NA,5.8,3.6,6.9,NA,NA,3,7.5,10.5,136.4,25.6,NA,NA,26.9,1.9,1.7,0.5,4.1,2,0.7,2.8,NA,2.2,1,1.6,NA,NA,3.2,4.1,7.3,52.2,25.2,2.3,2.5,30,6.7,6.3,5.2,18.2,6.3,3.5,9.8,15.9,5.3,1.9,3.2,4,14.4,10.5,5.9,16.4,104.7,1616.8,129.6,230.1,1976.4,323.1,440.5,336.7,1100.3,442.5,168.6,611.1,752.6,206.8,131.7,215.4,302.4,856.3,314.1,358,672.1,5968.7
32356,497.8,56.9,95.6,650.3,97.5,153.3,138.8,389.6,154.2,56.7,210.9,275.6,75.4,39.1,85.4,118.2,318.1,122.8,125.7,248.5,2093.1,469.3,31.3,58.4,558.9,98.2,100.4,117,315.7,143.8,42.6,186.3,178.4,52.2,29.7,60.2,58,200,69.5,94.8,164.3,1603.6,276.1,NA,NA,315.5,57.9,82.9,33.5,174.3,77.6,36.8,114.4,115.9,44.2,25.8,31.4,63.5,164.9,61.1,62.2,123.3,1008.3,134.4,10.6,17.5,162.5,24.5,40,15.9,80.4,24.8,11.2,36,78.2,10.8,14.3,12.8,22.5,60.4,22.3,34.2,56.5,474.2,174.8,21.1,16.8,212.7,33,46.4,19.5,98.8,34.9,15.2,50.1,68.5,15.8,15.1,21.1,25.4,77.4,17.2,21.1,38.4,545.8,47.5,NA,NA,51.9,7.4,8.7,5.3,21.5,10.5,3.2,13.7,NA,6.1,4.1,6.6,NA,NA,3.2,7.5,10.7,139.8,25.8,NA,NA,27.1,1.9,1.7,0.5,4.1,2.1,0.7,2.8,NA,2.2,1.1,1.6,NA,NA,2.9,3.9,6.8,52.1,25.5,2,2.6,30.1,7.2,6.6,5.4,19.1,6.9,3.7,10.6,16.2,5.2,2,3.1,4.3,14.6,11.1,5.6,16.7,107.3,1651.3,123.4,234.2,2009,327.6,439.9,335.9,1103.5,454.8,170.1,624.9,754.4,211.8,131.1,222.1,302,867.1,310.2,355,665.2,6024.2
32387,509.1,61.8,98.9,669.8,101,148.1,132.6,381.7,160.3,61.4,221.6,283.6,77.8,40.2,84.9,126.8,329.7,121.7,123.8,245.4,2131.8,478.7,32.6,58.9,570.2,95,108.3,106.4,309.6,156.8,43.6,200.3,178.3,49.4,31.1,57.8,58.5,196.7,66.6,99.2,165.8,1621,279.5,NA,NA,319.8,57,81.8,29.9,168.7,79,36,115,115.1,41.3,26.5,32.3,63.8,163.9,48.5,71.3,119.9,1002.4,137.9,12.3,17.7,167.9,25.4,36.4,17.2,78.9,28.3,10.8,39.1,79.7,11.3,11.7,12.7,21.1,56.8,22.9,32.7,55.7,478.1,176.2,20,16.1,212.3,33.6,45.2,19.4,98.2,36.1,15.1,51.2,69.9,14.9,14.8,20.8,25.5,75.9,17.6,20.4,38.1,545.5,47.3,NA,NA,51.7,9,8.4,6.4,23.8,10,2.9,12.9,NA,6.4,3.4,6.5,NA,NA,3.3,7.4,10.7,140,26.4,NA,NA,27.7,2.1,1.8,0.6,4.5,2.1,0.7,2.8,NA,2.2,1.2,1.6,NA,NA,2.8,4.3,7.1,53.6,25.3,2.1,2.5,29.9,5.7,6.4,6.1,18.3,6.2,3.8,10,16.6,5,2,3.6,4.5,15.1,11,5.3,16.4,106.2,1680.4,130.3,238.6,2049.3,328.7,436.2,318.6,1083.6,478.7,174.3,653,765.3,208.4,130.8,220.1,309.2,868.4,294.6,364.4,659,6078.6
32417,518.9,62.9,102.5,684.3,99.2,141.6,142.1,382.9,158,62.7,220.7,288.6,82.8,40.7,87.3,129.5,340.3,129.8,125.7,255.5,2172.3,475.2,31.5,58.4,565,93.9,112,110.5,316.5,158.8,45.2,204,183.8,51,32.6,59.4,61.4,204.4,68.2,97.8,166,1639.7,282.4,NA,NA,322.1,57.7,83.5,28.6,169.9,77.7,36.2,113.8,120.7,41.8,25.5,31.9,63.2,162.4,48.8,68.9,117.7,1006.7,140.6,13,17.9,171.5,25.7,38.5,17.5,81.7,27,11.1,38.1,79.8,12.7,13.4,12.5,22.4,61,22.2,31.3,53.5,485.7,182.5,21.2,16.5,220.2,34.3,46.4,20.6,101.3,35.8,15.2,51.1,72.5,15.1,14.7,21,25.2,75.9,17.9,21,39,559.9,49.2,NA,NA,53.5,8.7,8.5,6,23.2,10,2.9,12.9,NA,6.2,3.5,6.5,NA,NA,3.6,7.4,11,141.7,26.4,NA,NA,27.8,2,1.8,0.7,4.5,2.3,0.7,3,NA,2.2,1.2,1.5,NA,NA,2.8,4.3,7.1,54.3,25.8,2.1,2.6,30.5,6.2,6.8,6.1,19.2,5.6,3.8,9.4,16.1,5.3,2,3.7,4.6,15.5,10.6,5.5,16,106.7,1701,132.2,241.7,2075,327.9,439.2,332.1,1099.2,475.2,177.7,652.9,784.3,217.1,133.7,223.7,315.2,889.7,304,361.9,665.9,6166.9
32448,530.1,64.8,101.4,696.3,100.3,153,147.8,401.1,158.9,64.5,223.4,287.8,87.9,43.3,83,139.4,353.6,139.7,124.6,264.3,2226.6,489.1,33.1,59,581.2,95.8,115.6,109.4,320.7,144.3,44.5,188.8,189,53,36.7,59.3,62,211.1,69.8,102.7,172.5,1663.3,286,NA,NA,322.8,57.1,83.6,26.4,167.2,73.5,33.6,107.1,120.1,39.5,23.9,33.2,56.1,152.6,28.4,59.4,87.7,957.4,140.1,8.6,17.8,166.5,26.6,38.5,17.6,82.7,24.1,10.4,34.5,83.2,12.3,13.1,13.1,22.2,60.8,22.6,31.3,54,481.7,183.3,22.3,16.4,222.1,34.3,49.9,21.7,105.9,37.6,16,53.6,74.6,15.6,16,20.6,27,79.2,19.1,21.4,40.5,576,49.3,NA,NA,53.5,8.6,8.1,5,21.7,10.3,3.1,13.3,NA,6.3,3.6,6.6,NA,NA,4.1,7.3,11.4,143.3,26.6,NA,NA,28,2.1,1.8,0.7,4.6,2.3,0.7,3,NA,2.2,1.3,1.5,NA,NA,3.2,4.4,7.6,55.4,25.1,2.2,2.5,29.8,6.7,7.3,6.3,20.2,6,3.9,9.9,16.3,5.4,2.1,3.6,4.6,15.8,10.7,5.3,15.9,108,1729.7,132.6,238,2100.2,331.6,457.7,334.9,1124.2,457,176.7,633.7,795.5,222.3,140.1,221,320.9,904.3,297.5,356.4,653.9,6211.8
32478,533.2,63.1,104.1,700.4,103.9,150,165.2,419,159.8,67,226.8,290.9,86.3,43.1,88.5,149.3,367.2,139.6,124.5,264.1,2268.5,498.3,30,55.6,583.9,95.9,120.1,112.4,328.4,134.5,44.3,178.9,188,50.4,30.2,64.7,62.1,207.5,64.1,93.4,157.5,1644.1,295.5,NA,NA,336.9,54.9,81.5,31.2,167.6,77.5,34,111.5,120.8,48.7,22,33,59.3,162.9,38.3,63.9,102.1,1001.8,138.5,11.4,17.4,167.2,28.2,40.4,18.1,86.8,27.8,11.9,39.7,80.1,12.2,12.2,14.1,23,61.5,36.1,30.7,66.8,502.1,188.5,24.6,16.5,229.5,33.5,49.6,19.6,102.7,37.5,16.1,53.5,71.8,15.8,15.9,21.5,26.7,79.9,19.4,21,40.4,577.8,49.5,NA,NA,54.6,8.8,7,5.6,21.4,10,2.9,12.9,NA,5.8,3,6.3,NA,NA,5.5,8.7,14.2,142.7,27.6,NA,NA,29,2.1,1.8,0.8,4.7,2.3,0.7,3,NA,2.2,0.9,1.4,NA,NA,3.2,4.3,7.5,55.4,26,2.3,2.6,31,7.3,7.7,9.7,24.7,6.4,4.4,10.9,17,5.3,2.3,3.6,5.3,16.6,9.7,5.6,15.3,115.5,1757,133.4,242.1,2132.4,334.7,458.2,362.5,1155.4,455.8,181.3,637.1,791,226.7,129.6,233.3,334.4,924,315.9,352,667.9,6307.8
32509,531.9,52.3,106.1,690.3,104.4,157.2,184.3,445.9,179.9,66.9,246.8,288.1,90.8,42.1,91.6,143.7,368.2,164.4,126.7,291.1,2330.4,501,24.9,56.4,582.3,93.5,119.6,113.5,326.5,150.9,43.1,194,180.6,53,32.7,62.4,60.8,209,74.9,95.1,170,1662.4,301.4,NA,NA,343.9,55.4,85,37,177.4,80.2,34.3,114.5,117.9,50,23.3,33.8,60,167.1,46,68.5,114.5,1035.2,139.8,11.6,18.6,170.1,26.1,39.3,18.8,84.2,31.2,11.1,42.3,81.7,12,12.7,13.3,22.4,60.4,27.7,33.7,61.4,500.2,191.5,25.5,16.9,233.8,35,54,26.1,115.1,41.1,16.5,57.6,73.4,21.9,17,21.8,29.5,90.3,24.8,21,45.8,616,50.2,NA,NA,54.9,8.8,7.8,5.7,22.3,10.5,2.9,13.4,NA,5.9,3.6,6.7,NA,NA,6.1,8,14.2,145.8,28.2,NA,NA,29.5,2.2,2.2,0.9,5.2,2.6,0.8,3.3,NA,2.3,1.3,1.4,NA,NA,4,4.1,8.1,58,25.7,1.9,2.6,30.3,6.9,7.1,6.9,21,8.3,4,12.3,15.8,5.2,2.1,3.9,4.6,15.9,10.3,5.7,16,111.2,1769.6,117.8,247.7,2135.1,332.2,472.3,393.1,1197.5,504.6,179.7,684.3,779.7,241.1,134.9,235.1,330.5,941.6,358.3,362.8,721,6459.3
32540,536.9,59.8,104.2,700.9,100.6,154.5,172.7,427.9,163.3,62.8,226.1,268.4,90.6,39.5,91.2,133.7,355.1,148.9,126.1,275,2253.4,494.2,25.7,57.6,577.5,95.3,115.9,108.2,319.3,149.5,42.5,192,183.1,51.2,34.5,59.7,60.7,206.1,78.7,101.9,180.6,1658.7,301.1,NA,NA,341.3,54.1,82.9,36.8,173.8,75.2,33.6,108.7,123.5,48.5,22.9,33.3,59,163.6,45.8,65.8,111.7,1022.6,140.9,12,18.6,171.4,25.8,39.8,15.8,81.4,28.4,11.1,39.5,77.5,11.8,12.9,13.4,22.1,60.2,26.9,33.9,60.8,490.9,186.5,27.5,16.8,230.8,34.8,51.6,23.9,110.4,41.9,16.2,58.1,71.9,17,16.2,20.8,27.9,81.9,26.7,21.8,48.5,601.6,49.7,NA,NA,54.3,8.8,7.6,5.7,22.1,10.4,2.9,13.4,NA,5.6,3.7,7.1,NA,NA,5.6,8.2,13.8,145.4,27.8,NA,NA,29.2,2.1,2,0.9,5,2.3,0.7,3.1,NA,2.3,1.1,1.4,NA,NA,3.7,4.3,8,56.7,25.9,1.9,2.5,30.3,7.1,7.7,7,21.8,7.1,4.5,11.6,14.9,5.1,2.3,3.8,5,16.2,9.6,5.4,15,109.8,1763.1,128.6,244.3,2135.9,328.6,462,371.1,1161.6,478.2,174.3,652.4,762.1,232.1,133.1,230.7,317.8,913.7,345.9,367.4,713.3,6339.1
32568,555.5,68.1,104.9,728.5,100.9,156.9,169.4,427.1,163.3,65.2,228.5,290.5,87.5,43.1,91.2,138.7,360.5,145.4,124.9,270.3,2305.4,500.8,24.4,57.6,582.8,102.4,124.5,109.8,336.7,146.4,43.3,189.7,182.1,55.1,33.5,61.5,63.1,213.1,81.9,97.1,179.1,1683.5,300.4,NA,NA,339.9,48.8,87.4,38,174.3,75.1,33,108.1,121.3,51.8,23.2,35.9,60.2,171,46.3,68.3,114.6,1029.2,130.9,12.2,18.1,161.2,26.8,38.5,18.5,83.7,26.9,11.3,38.2,83,11.4,13.2,13.1,23,60.7,28,35.1,63.1,489.9,182.5,27.7,17.1,227.3,30.3,54.6,24.7,109.7,42.3,17.4,59.7,73,15.2,16.8,19.9,28.8,80.6,30.9,22.9,53.7,604.1,50.6,NA,NA,55.3,8.4,9,4.9,22.3,9.8,2.8,12.5,NA,5.6,3.6,6.5,NA,NA,5.5,7.9,13.5,144.1,28.3,NA,NA,29.7,2,2,0.8,4.9,2.3,0.7,3,NA,2.2,1.2,1.5,NA,NA,3.4,4.2,7.6,57,26,3,2.6,31.6,6.7,7.4,4.3,18.4,7.8,4.3,12,16.1,4.3,2.2,3.6,4.6,14.7,9.4,5.3,14.8,107.5,1775.1,137.1,244.1,2156.3,326.4,480.4,370.3,1177,473.7,178,651.7,788.6,233.1,136.7,233.2,327.4,930.4,350.9,365.8,716.7,6420.8
32599,569.7,72.7,104.5,746.9,103.3,162,171.3,436.6,170.4,68.2,238.6,290.4,90.4,43.7,87.3,145.3,366.7,142.6,123.1,265.7,2344.9,501.3,24.6,59,584.9,102,129,113.8,344.8,139.7,42.3,182,174.9,57.4,34.1,60.7,62.1,214.4,84.9,99.5,184.4,1685.3,314.8,NA,NA,355.8,54.8,89.7,39,183.6,76.5,33.6,110.1,118.9,53.2,23.5,39.2,60.4,176.3,47.8,69.5,117.3,1061.9,133.5,11.9,19.5,164.8,26.1,37.1,18.2,81.5,26.8,10.9,37.6,83.3,11.9,13.2,13.4,22.5,60.9,29.3,37.5,66.8,495,184.9,26.8,17,228.6,31.3,55,21.3,107.6,43.7,16,59.8,74.1,13.5,16.5,19.1,28,77.1,28,22.1,50,597.2,51.2,NA,NA,55.8,8.9,8.4,4.7,22,9.9,2.8,12.6,NA,5.7,3.5,7,NA,NA,5.4,7.5,12.8,144.3,28.1,NA,NA,29.4,2.2,2,0.8,4.9,2.2,0.7,2.9,NA,2.1,1.3,1.5,NA,NA,3.6,4.4,8.1,57,26.1,2.6,2.6,31.3,7.1,7.2,4.6,18.9,7.7,4.2,11.9,16.2,5,2.1,4.2,4.5,15.8,8.7,5.2,13.9,108.1,1809.5,140,247.9,2197.5,335.7,490.4,373.8,1199.9,476.9,178.7,655.5,780.5,239.2,137.9,232.3,331.7,941.1,350.2,368.9,719.1,6493.7
32629,549.9,77,105,731.9,107.6,162.5,175,445.1,154.7,67.8,222.5,279.9,90.8,44.8,91.2,148.7,375.6,144,126.2,270.2,2325.2,501.3,25,60,586.4,96.7,130.9,114,341.6,140.1,42.6,182.7,179,55.8,34.6,62.4,64.1,216.8,88,99.9,187.9,1694.5,305.6,NA,NA,347.2,51.8,91,37.6,180.4,77,34.7,111.7,122.4,50.8,24.4,40.3,62.1,177.5,47.9,71.7,119.6,1058.8,132.6,12.8,18.5,163.8,26.4,37.9,17.1,81.5,26.9,11.3,38.2,81.4,11.6,14.2,12.5,23.4,61.7,29,35.5,64.5,491.1,184.1,25.5,17.4,227,29.4,56.3,23.8,109.5,42.5,16.3,58.7,74.2,14.1,16,19.5,29,78.7,25.7,23,48.7,596.9,51.6,NA,NA,56.4,8.8,8.2,5,22,10.1,2.8,12.9,NA,5.8,3.2,6.8,NA,NA,5.2,7.5,12.6,144,28.7,NA,NA,30,2.1,2,0.9,5,2.1,0.8,2.9,NA,2.2,1.1,1.5,NA,NA,3.5,4.8,8.4,57.6,25.4,2.7,2.5,30.6,6.6,7.2,4.3,18.2,7.5,4.4,11.9,15,5.3,2.1,4.3,4.6,16.3,9.4,5.1,14.6,106.6,1779.3,144.6,249.3,2173.2,329.4,496.1,377.8,1203.3,460.9,180.6,641.5,774.3,236.3,140.4,238.4,340.5,955.6,352.7,373.8,726.5,6474.6
32660,554.9,76.5,109.5,740.9,112,180.5,158.8,451.3,168.3,73.8,242.1,288.6,93.3,49.3,87,145,374.5,158,136.5,294.5,2391.9,509.7,25.2,60.5,595.4,96.7,122.9,114.5,334.1,137.6,42.9,180.6,191.6,61,34.4,60.5,63.7,219.6,87.3,98.1,185.4,1706.6,317.4,NA,NA,359.9,52.4,91.7,37.8,181.9,78.9,35.1,114.1,126.2,46.6,24.1,41,59.7,171.4,51.5,70.3,121.8,1075.3,133.7,10.9,17.9,162.5,25.5,37.9,19.7,83.1,29.1,12.3,41.4,84.2,11.7,14.6,13.7,24.2,64.3,27.3,34.3,61.7,497.1,189.3,29.1,18,236.5,28.6,52.1,29.2,109.9,40.4,16.2,56.6,78.7,15.3,16.1,20.7,28.2,80.3,27.9,23.6,51.5,613.4,52.8,NA,NA,57.2,8.5,8.1,4.7,21.3,10,2.8,12.9,NA,5.8,3.2,6.7,NA,NA,6.6,7.5,14.1,146.8,28.5,NA,NA,29.7,2.1,2.2,1.1,5.4,2.3,0.8,3.1,NA,2.2,1.3,1.5,NA,NA,3.6,4.3,7.9,58.3,27.8,3,2.5,33.3,7,6.6,4.6,18.1,8.1,4.4,12.5,15.1,4.4,1.8,4.8,4.1,15.2,8.3,4.9,13.2,107.4,1813.9,146.3,255.2,2215.4,332.8,501.9,370.4,1205.1,474.8,188.3,663.1,808.7,240.3,144.9,235.7,333.5,954.4,370.4,379.6,750,6596.8
32690,564.4,80.3,108.9,753.6,112.7,171.1,153.1,436.9,169.2,72.2,241.4,292.7,90,47.6,88.7,142,368.3,153.5,136.7,290.2,2383.1,519.1,25.2,58.5,602.8,93.3,134.1,116.9,344.3,134.1,42.5,176.6,188.2,61.3,36.1,63.7,65.7,226.7,88.8,98.3,187.1,1725.6,319.5,NA,NA,362.3,49.6,97.7,32.7,180,78.1,35.5,113.5,128.7,45.8,25.1,40,61.9,172.8,55.8,73,128.8,1086,137.8,10.9,17.9,166.6,26.6,38.5,19.9,85.1,28.3,11.9,40.2,82.7,11.4,14.6,14.2,23.8,64,30.8,33,63.8,502.3,189.8,30.4,17.8,238,27.8,53.2,29.6,110.5,41,16.9,57.8,75.2,16.1,16.5,19.4,29.6,81.6,30.3,23.3,53.6,616.8,52.4,NA,NA,57.1,8.8,8.1,5.1,22,9.7,2.8,12.5,NA,5.9,3.2,7.1,NA,NA,7.9,7.8,15.8,148,28.9,NA,NA,30.2,2.2,2.6,1,5.9,2.1,0.8,2.9,NA,2.5,1.5,1.3,NA,NA,3.3,4.1,7.4,58.8,28.7,3.1,2.7,34.5,6.3,6.2,4.7,17.2,8.6,4.5,13.1,16.8,4.5,2,5,4.4,15.9,9.1,5.1,14.2,111.6,1840.6,151.6,252.8,2245.1,327.3,511.6,362.9,1201.8,471.1,187.1,658.1,806.9,237.4,146.6,239.3,336.1,959.5,379.6,381.3,760.9,6632.3
32721,566.3,80.5,109,755.8,112.3,174.9,154.3,441.5,161,73.7,234.7,291.5,90.4,48.6,91.4,146.5,377,150.3,138.1,288.4,2388.9,529.7,25.5,57.6,612.8,93.1,136.2,100.1,329.4,132.4,42,174.4,191.1,62.7,34.8,63.4,63.5,224.4,87.7,92.8,180.5,1712.6,317.5,NA,NA,359.4,48.5,100.1,31,179.5,76.8,34.3,111.1,131.1,45.8,25.5,39.5,61.3,172.1,54.2,74.1,128.3,1081.5,137.1,11.2,18,166.2,26.5,39.3,21.6,87.4,27.8,11.8,39.6,85.4,11.7,14.1,14.3,23.6,63.8,29.5,34,63.4,505.8,192.6,29.4,18.5,240.5,28.3,51,28.9,108.1,41.2,16.6,57.8,77,16.7,15.9,20,28.9,81.5,31.2,25,56.2,621.1,52.5,NA,NA,57.2,8.8,8.2,5.3,22.3,10.1,2.8,12.9,NA,6.4,3.1,7.2,NA,NA,7.1,8,15.1,148.8,29.5,NA,NA,30.7,2.3,2.4,1,5.7,2.3,0.9,3.2,NA,2.5,1.4,1.7,NA,NA,3.5,4.2,7.7,60.4,29.6,3.3,2.8,35.6,6.1,6.2,4.9,17.2,8.4,4.4,12.8,16.9,4.5,1.9,5,4.3,15.7,8.5,5.2,13.8,111.9,1854.9,151.6,251.7,2258.2,325.8,518.2,347,1191,459.9,186.6,646.5,816.5,240.8,145.4,242.5,336.6,965.3,372.1,381.3,753.4,6631
32752,578.5,86.6,110.7,775.8,115.8,182.2,143.1,441.1,166,74.4,240.4,292.3,93.6,49.9,91.9,153.4,388.9,153.3,139.6,292.9,2431.3,518.9,24.6,57.4,600.9,94.8,147.3,111.7,353.8,134.3,41.9,176.2,188.5,65.4,36.2,65.9,65.4,232.9,91,99,190,1742.4,335.1,NA,NA,379,49,102.2,38.4,189.6,76.8,35.6,112.5,127.4,45.3,27.6,39.2,64,176.1,58.3,76.5,134.8,1119.4,138.2,11.2,18,167.4,28.2,37.7,22.6,88.5,29.7,12.2,41.9,85.9,11.9,14.6,14.8,24,65.3,24.5,34.6,59.1,508.1,197.2,28.1,18.7,244.1,28.6,52.3,27.8,108.6,41.9,16.9,58.8,77.3,16.4,16.5,21.6,29.8,84.2,34.3,25.3,59.6,632.5,54.1,NA,NA,58.8,9.2,8.3,5.2,22.7,11,2.9,13.8,NA,6.6,3.2,6.8,NA,NA,6.3,7.6,13.9,150.8,28.9,NA,NA,30,2,2.5,0.9,5.4,2.8,0.9,3.6,NA,2.2,1.3,1.6,NA,NA,3.4,3.8,7.2,59.2,30.3,3.6,2.8,36.6,6,6.9,5,17.9,8,4.5,12.5,14.5,4.7,2.1,4.7,4.7,16.2,7.8,5.6,13.4,111.1,1881.1,155.5,255.9,2292.5,333.4,539.4,354.7,1227.6,470.4,189.3,659.7,810.1,246,151.5,246.5,350,994,378.9,392,771,6754.9
32782,574.9,86.9,111.4,773.2,118.1,182.9,139.7,440.7,162.1,73.4,235.5,288.8,92.8,49.9,97.4,151.2,391.2,160.8,142.3,303,2432.5,507.4,24.1,60.1,591.6,92.6,147.1,108.9,348.7,132.1,41,173.1,189.9,65.5,35.6,63.6,64.7,229.5,91.2,112.6,203.8,1736.5,324.5,NA,NA,367.5,49.6,103.6,39.1,192.2,79.3,35.9,115.2,129.9,45.7,26.4,38.5,62.6,173.2,52.5,74.5,126.9,1104.9,141.2,11.1,18.7,170.9,27.2,36.8,22.8,86.8,29.8,12,41.8,84.2,12,14.2,14.7,23.9,64.9,25.8,35.1,61,509.6,194.1,27.7,18.7,240.5,27.2,53.6,28,108.8,42.1,16.5,58.6,73.9,17.2,15.8,21.7,29.1,83.8,34.5,26.3,60.8,626.3,53.7,NA,NA,58.5,8.8,8,4.9,21.7,10.8,2.9,13.7,NA,6.7,3.1,6.9,NA,NA,6.2,7.9,14,149.6,29.8,NA,NA,30.9,1.9,2.5,0.9,5.3,2.4,0.9,3.3,NA,2,1.3,1.6,NA,NA,3.3,3.9,7.2,59.3,30.6,3.5,2.8,36.9,6.4,7.1,4.9,18.4,7.6,4.7,12.3,16.5,4.5,2.2,4.6,4.7,16,7.4,5.6,13,113.1,1856.1,155.1,258.7,2270,331.9,541.5,349.3,1222.7,466.3,187.2,653.5,807.1,246.4,148.6,249.1,344.8,988.9,381.5,408.1,789.7,6731.8
32813,571.6,84.9,114,770.6,121.9,180.4,161.3,463.6,169,75.6,244.6,292.4,87.1,50.2,95.5,154.3,387.1,155.6,145.8,301.3,2459.6,519.4,25.5,59.6,604.5,101,144.4,107.5,352.9,134.5,41.7,176.2,191.9,63.2,35,65.8,61.3,225.3,89,107.2,196.3,1747.1,325.5,NA,NA,369,51.9,98.9,37.3,188.1,79.2,36.8,115.9,131.6,44.1,26.5,40.1,62.7,173.4,48.5,75.9,124.5,1102.6,139.9,11.5,18.7,170.1,28.5,35.6,22.8,86.9,29.8,12.1,41.9,92.4,12,13.9,15.7,23.4,64.9,28.4,35.3,63.7,519.9,195.3,29.1,18.8,243.3,27.4,55.5,32.1,115,42.7,17,59.7,78.2,16.8,16,22.2,30.1,85.1,33.2,26.8,60,641.2,54.2,NA,NA,58.9,8.9,8.3,5.2,22.5,10.9,2.9,13.8,NA,7,3.1,6.8,NA,NA,6,8,14,151.6,30.2,NA,NA,31.4,1.9,2.6,1.1,5.6,2.7,0.9,3.6,NA,2,1.3,1.5,NA,NA,3.5,3.1,6.6,59.5,29.8,3.3,2.8,35.8,6.1,7.4,4.7,18.2,7.6,4.5,12.1,18.8,4.4,2.1,4.6,4.6,15.7,7.6,5.9,13.5,114.1,1866,155.8,261.8,2283.5,347.7,533.1,372,1252.8,476.3,191.5,667.8,829.4,236.6,148.2,252.3,345.1,982.1,371.9,407.9,779.8,6795.4
32843,605,92.8,117.7,815.4,119.1,178.1,131.2,428.4,169.2,76.5,245.7,290.2,84.4,49.6,97.6,159.1,390.8,167.6,148.2,315.8,2486.3,550.6,25.9,63.7,640.2,94.4,144.7,104.6,343.7,134.3,45.6,179.9,196.8,68.2,35.2,67.7,70.5,241.7,99,103.2,202.1,1804.4,334.2,NA,NA,376,56.1,101.1,37.4,194.5,75.1,36.8,111.8,127.2,40.5,27.2,45.2,64.8,177.8,61.3,75.8,137.1,1124.5,142.1,11.4,19.2,172.7,28.4,36.7,23.4,88.4,29.9,12,41.9,87.4,13.2,11.8,15.9,22.9,63.9,26.7,35.6,62.3,516.6,196.2,25.4,19.5,241.1,29.8,54.2,21.9,105.9,36.8,16.8,53.6,75.6,14.7,15.8,25.1,29.7,85.3,39.4,27.5,66.9,628.4,54.1,NA,NA,59.5,8.6,8.7,4.3,21.7,10.2,2.8,13.1,NA,7.7,2.9,6,NA,NA,6.4,9.6,16,151.8,28.9,NA,NA,30.1,1.9,2.7,1.1,5.6,3,0.9,3.9,NA,2.5,1.3,1.7,NA,NA,3.6,4.1,7.7,60.4,30.1,3.2,2.8,36.1,8.2,6.8,4.8,19.8,6.4,4.5,10.9,18.1,4.3,2.1,4.5,4.8,15.7,8.1,6,14.1,114.7,1941.1,160.4,269.7,2371.2,346.5,532.9,328.6,1208,465,195.9,660.8,819,235.6,145.8,263.8,360.8,1006,412.2,409.9,822.1,6887.2
32874,576.8,86.1,121,784,115.1,178.5,108.9,402.4,169.8,75.9,245.7,288.5,89.8,50.9,98.4,153.6,392.7,169.5,159.8,329.3,2442.6,538.7,25.1,64.6,628.5,89,143.7,112.9,345.6,132.9,42.2,175,192.4,70.1,38.1,69.5,69.7,247.4,94.1,104.1,198.2,1787.2,322.3,NA,NA,365.4,57.6,95.9,40.5,194,77.9,36.3,114.2,131.3,43.2,25.8,41.7,63.1,173.8,67.4,79.7,147.2,1125.8,142.6,11.4,19,173,29.5,38.4,24.6,92.5,31.3,12,43.4,86.6,13.6,14,14.8,23.8,66.2,25.1,36.1,61.3,523,196.4,25.1,18.8,240.3,29.8,51.4,27.9,109.1,41.3,17,58.4,76.1,17.3,16.2,22.9,30,86.3,35.6,27.1,62.7,632.9,52.8,NA,NA,57.7,9.1,8.7,4.6,22.3,10.5,2.9,13.4,NA,8.4,3,7,NA,NA,6.5,7.9,14.5,151.2,29,NA,NA,30.2,1.8,2.5,1.2,5.6,3.4,0.9,4.2,NA,2.5,1.4,1.8,NA,NA,3.7,4,7.7,61.1,29.6,3.5,2.9,36,8.3,7.5,5.1,20.8,6.7,4.5,11.2,18.5,4.6,2.1,4.6,4.8,16.1,8.8,6.6,15.4,118,1888.2,152.7,274.2,2315.1,340.2,526.6,325.7,1192.5,473.9,191.6,665.5,817.6,249.5,151.3,260.7,353.4,1015,410.8,425.3,836.2,6841.9
32905,596.2,86.4,122.8,805.5,112.1,182.2,104,398.3,167.9,76.4,244.4,281.5,92,52.6,99.4,154.5,398.5,170.1,157.6,327.7,2455.8,536.6,26.6,63.4,626.6,89.9,148.1,106.4,344.4,129.3,41.6,170.9,192.7,71.4,36,70.6,66.5,244.5,96.9,101.2,198.2,1777.3,338.5,NA,NA,381.6,57.6,101.6,42.1,201.3,72.9,36.2,109.2,132.5,45.3,27.2,42.1,64.6,179.3,56.4,81.2,137.6,1141.3,141.9,11,19,172,29.1,37.2,25,91.3,29.9,11.8,41.7,87.7,13,13.9,14.8,23.4,65.1,27.2,36.3,63.5,521.3,195.1,26.2,18.5,239.8,30.2,52.8,24.9,107.9,38.9,17.2,56,74.8,17.7,16.7,23.4,31.3,89.1,32.8,25.1,57.9,625.5,54.2,NA,NA,59.4,8.9,9.1,4.7,22.8,10.4,2.7,13.1,NA,8.8,3.1,6.7,NA,NA,6.7,8.8,15.6,154.6,29.7,NA,NA,30.9,2,2.4,1.3,5.7,2.7,0.9,3.6,NA,2.5,1.4,1.8,NA,NA,4.1,4.1,8.2,61.8,31.2,3.1,2.8,37.1,7.9,7.4,4.9,20.2,6.3,4.4,10.7,17.7,5.5,2,4.6,4.6,16.9,8.9,6,15,117.6,1923.5,154.9,274.6,2352.9,337.8,540.8,313.3,1191.9,458.4,191.3,649.7,811.1,256.3,152.9,263.3,353.7,1026.1,403.2,420.4,823.6,6855.3
32933,592.4,85,123,800.4,118.6,183.3,107.6,409.6,175.2,78.2,253.4,289.8,93.6,52.2,104.5,159.5,409.7,169.4,157.4,326.8,2489.6,538.8,26.7,65.1,630.6,85.3,139.2,104.3,328.8,123.7,40.3,164,190.2,57.8,37.1,69.3,65.7,230,103.4,99.6,203,1746.6,337.8,NA,NA,380.5,59.5,96.5,47.6,203.5,77.8,37.4,115.2,136.3,41.8,27.1,43.9,65.6,178.5,64.6,82.4,147.1,1161,144.6,11.8,19.9,176.4,28.8,38.9,23.2,90.9,29.6,12,41.6,87.1,13.5,14.1,15.4,23.9,66.8,25.7,37.3,62.9,525.7,202.7,24.5,19.4,246.6,30.3,56.7,26.2,113.3,39.8,16.2,56,76.4,17.4,15.9,24.4,29.3,87,34.8,28.4,63.2,642.6,57.3,NA,NA,62.4,9.1,9.1,5,23.1,11.5,3,14.4,NA,9.2,3.2,7.1,NA,NA,7.1,7.9,15.1,159,29.5,NA,NA,30.8,2,2.4,1.4,5.7,3.5,1,4.5,NA,2.5,1.6,1.6,NA,NA,3.9,4.3,8.3,62.9,30.4,3.2,2.8,36.5,8,7.6,4.5,20.1,6.2,4.3,10.4,18.4,4.5,2,4.6,4.4,15.5,9.3,6.2,15.5,116.4,1933.5,152.9,277.8,2364.2,341.7,533.5,319.8,1195,467.2,192.4,659.6,821.7,240.3,153.1,270.8,357.3,1021.6,418.2,423.6,841.8,6903.8
32964,592.5,82.6,122.1,797.3,117.4,187.2,108.6,413.2,174.7,76.1,250.8,291.8,90,51.2,106.8,153.2,401.2,171.9,158.5,330.4,2484.6,545.7,27.7,62.9,636.3,86.1,147.1,108.1,341.3,128.7,41.7,170.4,192.7,56.6,37,70.9,65.5,230,94.5,96.9,191.4,1762,340.6,NA,NA,383.8,58.2,99.9,40.7,198.8,78.4,37.3,115.7,130,43,27.6,42.2,66.6,179.5,64.6,81.8,146.4,1154.2,143.8,11.8,19.7,175.3,29.4,42.4,23.8,95.6,30.8,12.7,43.5,88,13.5,14.6,15.5,24.5,68,25,38,63,533.4,204.7,24.8,19.9,249.3,29.6,55.1,26.1,110.9,40.8,16.4,57.2,77.2,20.8,15.3,24,29.4,89.5,35.4,29.7,65.1,649.1,57.6,NA,NA,62.7,9,9,4.7,22.7,11.3,3,14.3,NA,9,3.2,6.8,NA,NA,6.9,8.3,15.2,158.3,31.3,NA,NA,32.6,2.1,2.6,1.4,6.1,3.6,1,4.6,NA,2.5,1.4,1.7,NA,NA,3.6,4,7.6,64.6,30.7,3.3,2.8,36.7,9.8,7.5,5,22.3,6.9,4.4,11.4,18.1,4.7,2,3.9,4.5,15.1,9.7,6.1,15.8,119.4,1946.9,151.7,275.5,2374.1,341.6,550.8,318.4,1210.8,475.3,192.5,667.8,821.3,240.1,152.4,271.8,352.6,1016.8,411.5,423.3,834.8,6925.6
32994,601.6,83.5,124.3,809.4,119.4,184.7,111.7,415.7,176.6,75.7,252.3,287.6,92.2,51.2,110.9,154.1,408.5,160.5,161.9,322.4,2496,545.5,27.2,62.1,634.8,86.2,143.6,108.4,338.3,129.1,40.4,169.5,190,57.1,37.3,71.1,63.5,229,92.5,93.1,185.7,1747.2,344.4,NA,NA,387,61,101.7,40.5,203.2,79.3,39.7,119,130.8,43.3,30.8,45,72.8,191.8,66.5,81.9,148.4,1180.2,145.2,12,19.8,176.9,30.2,41.6,24.1,95.9,30.7,12.5,43.2,86.7,13.5,14.4,15.5,24.4,67.8,25.5,37.8,63.3,533.9,205.5,24.6,20.2,250.2,29.1,53.2,26.6,109,38.8,16,54.8,73.8,18.6,15.4,25.3,29.9,89.2,36,30.5,66.5,643.5,57.4,NA,NA,62.7,9.2,9.5,4.6,23.2,11.6,3,14.6,NA,8.9,3.3,6.9,NA,NA,6.4,8.8,15.2,160.3,30.1,NA,NA,31.5,2.1,2.8,1.4,6.2,3.4,1,4.3,NA,2.4,1.4,1.6,NA,NA,4.3,4.3,8.5,63.9,31.8,3.6,2.8,38.2,8.6,8.8,5.1,22.5,7,4.4,11.5,18.9,4.7,2.2,4,4.5,15.3,9.4,6.2,15.5,121.8,1961.4,152.3,276.9,2390.7,345.9,545.8,322.3,1214,476.5,192.7,669.2,812.2,240.7,155.9,280.4,358.2,1035.3,401,424.5,825.5,6946.9
33025,615.8,85.6,131.5,832.9,120.2,182.3,114.5,416.9,167.8,78.9,246.7,300.7,89.4,51.2,100,155.2,395.8,160.1,159.5,319.6,2512.7,547.3,27.1,65,639.4,84.2,143.8,107.7,335.8,132.4,43.1,175.5,197.8,57.5,37.9,60,66.5,221.9,88.6,101.9,190.5,1760.9,344.1,NA,NA,389.4,61.1,103.5,36.1,200.7,82.2,38.7,120.8,137,46.2,30.3,45.1,70.1,191.8,66.1,83.7,149.8,1189.5,146,12.7,20.7,179.4,29,43.6,23.5,96.1,31.2,12.3,43.5,89,14.1,13.9,15.1,23.7,66.8,25.8,39.5,65.3,540.1,205.8,23.8,20.3,249.9,28,55.1,28.4,111.5,40.1,16.5,56.6,84.1,19.5,16.2,24.4,30.5,90.6,41.9,32.2,74,666.7,57.4,NA,NA,62.7,9.1,9.1,4.9,23,11.3,3,14.3,NA,9.7,2.9,7.4,NA,NA,6.6,9.2,15.8,161.6,30.6,NA,NA,31.9,2.4,3.2,1.3,6.9,3.6,0.9,4.5,NA,2.4,1.6,1.6,NA,NA,3.2,4.4,7.6,64.2,33.3,3.7,2.8,39.7,10.5,7.5,5.4,23.4,7.6,4.6,12.2,20,5,2.1,4,4.5,15.6,10.1,5.9,16,126.9,1980.2,154.3,290.8,2425.3,344.5,548,321.8,1214.3,476.1,198,674.1,853.7,243.9,156.1,257.5,359.1,1016.6,402.3,436.3,838.6,7022.6
33055,623.9,80.8,128.2,832.9,120.5,178.9,114.9,414.3,174.7,78.3,253,289.8,92.4,51.5,104.7,157.3,405.8,155.9,155.3,311.2,2507,537.1,26.8,63.9,627.8,86,141.6,105.4,333,133.5,42.9,176.4,188.9,57.5,38.1,62.2,66.4,224.1,95.6,103.7,199.3,1749.4,346.9,NA,NA,390.6,62.4,96.5,35.1,194,75,38.4,113.5,129.5,44.9,30.2,47.8,71.2,194.2,68.4,83.4,151.8,1173.5,144.9,12.9,20.3,178.2,29.6,42.8,22,94.5,31.8,12.4,44.2,90.4,14.2,13.4,14.9,23.8,66.3,26.2,39.8,65.9,539.5,210,23.2,20.6,253.8,28.7,53.6,28.7,111.1,38.5,17,55.5,77.3,17.8,16.1,24.7,31.7,90.2,39.2,33.2,72.5,660.3,57.8,NA,NA,63.1,9.3,9.1,4.7,23.1,11.4,3,14.4,NA,9.4,3,7.8,NA,NA,6.9,9,15.9,161,30.6,NA,NA,31.9,2.3,2.9,1.1,6.4,4,0.9,4.9,NA,2.3,1.7,1.6,NA,NA,2.6,4.8,7.4,64.1,32.8,3.5,2.7,39,9.1,7.3,4.8,21.2,7.3,4.7,12,19.1,4.7,2.1,4,4.5,15.4,10.4,5.7,16.1,122.8,1984,148.5,284.8,2417.3,348,532.7,316.7,1197.4,476.2,197.6,673.8,818.3,243.2,156,267.7,363.9,1030.8,405.3,434.7,840.1,6977.7
33086,624.3,78.2,127.7,830.1,113.3,187.6,112.5,413.4,178,78,256,300.4,102,49.9,103.7,154.5,410.2,160.9,156.5,317.4,2527.5,543.3,26.7,64.3,634.3,83.4,141.1,106.7,331.2,132.8,43.1,175.9,196.6,56.5,38.8,61.2,67,223.5,90.1,101.6,191.8,1753.2,344.3,NA,NA,388.5,62.1,101.8,36.4,200.3,81,39.5,120.6,134.7,44.9,32.1,49.2,72.7,199,67.7,84.4,152.1,1195.1,148.1,12.2,20.6,180.9,29.2,41.8,23.2,94.2,30.6,12.2,42.8,90.7,14.2,13.9,15.8,23.9,67.7,26,39.4,65.3,541.7,210.9,23.3,20.3,254.5,27.3,54,28.9,110.2,38.8,15.4,54.2,79.6,18.1,15.4,24.4,28.2,86.1,39.6,32.3,71.9,656.4,58.9,NA,NA,64.4,9.7,9.4,4.8,23.9,11.4,3,14.4,NA,9.4,3.1,7.7,NA,NA,6.5,9.2,15.7,164.5,31.4,NA,NA,32.8,2.5,2.9,1.1,6.5,3.8,1,4.7,NA,2.2,1.6,1.7,NA,NA,2.4,4.6,7.1,64.9,33.7,3.4,2.6,39.8,9,7.4,4.4,20.8,7.4,4.6,12,19.6,4.9,2,3.9,4.3,15.1,9.9,5.4,15.3,122.7,1994.9,145.6,284.8,2425.2,336.4,546.2,318,1200.5,483.9,196.7,680.7,846.4,252.2,156.8,267.6,359.9,1036.5,403.1,433.5,836.6,7025.9
33117,627.9,72.5,122,822.4,118.8,186.9,108.1,413.8,184,76.9,260.9,297.8,89.6,48.7,113.6,150.1,401.9,169.4,140,309.3,2506.1,545.9,26.7,63.3,635.9,82.5,138.5,106.4,327.5,132.7,42.5,175.2,186.6,55.3,38,64,65.2,222.5,91.3,93.4,184.6,1732.2,349.2,NA,NA,391.3,61.3,101,34.9,197.2,79.5,38.1,117.6,133.1,45.2,29.3,49.4,69.5,193.3,62.1,81.2,143.3,1175.7,144.8,11.6,20.1,176.6,28.3,41.6,23.3,93.2,30.1,12.6,42.7,87.2,13,14.6,15.6,24.3,67.5,27.6,39.2,66.8,533.9,206.3,23.5,20.9,250.7,27.9,53.2,30.3,111.4,36.4,16.7,53.1,76.1,18.4,16.6,23.8,31.3,90.1,39.8,34.8,74.5,655.9,57.4,NA,NA,63.1,9.4,9.9,5.4,24.7,11.1,3.2,14.3,NA,9.3,3.3,8.1,NA,NA,7.5,10.2,17.7,166.2,31.4,NA,NA,32.8,2.8,3,1.8,7.5,4.4,1,5.4,NA,2.2,1.6,1.6,NA,NA,2.9,4.7,7.6,66.8,32.9,3.6,2.7,39.2,9.3,7.3,4.3,21,7,4.6,11.6,19.8,4.5,2,4.2,4.2,14.8,12.4,5.8,18.2,124.5,1995.9,139.2,276.8,2411.9,340.2,541.4,314.6,1196.2,485.3,195.4,680.7,824.7,237.4,154.1,280.2,354.3,1026,412.9,409.2,822.1,6961.5
33147,634.2,74.6,123.6,832.3,118.4,189.2,107.5,415.1,182.4,76.1,258.5,287.8,87.4,49.2,124.5,150.9,412,160,145.6,305.5,2511.2,549.9,28,61.9,639.8,81.1,132.5,100.6,314.2,128.1,40.7,168.8,188.5,53.1,36.9,62.8,61.5,214.2,90.7,94.6,185.3,1710.8,354.2,NA,NA,396.9,59.9,100.5,35.2,195.6,80.2,37.9,118.1,131.2,46.5,29.5,50.5,69.5,196,62.5,81.2,143.7,1181.5,150.4,11.5,20.9,182.8,28.4,41.9,22.4,92.6,29,11.8,40.9,88.4,13.8,13.9,17,23,67.8,29.9,40.2,70.2,542.6,208.8,23.3,21.2,253.3,28.1,52.2,28.9,109.2,35.5,16.5,52,76,16.7,16.1,24.7,31,88.5,39,35.8,74.7,653.6,57.4,NA,NA,63.4,9.1,9.9,5.2,24.3,11.4,3.1,14.5,NA,9.8,3.3,8.2,NA,NA,7.8,10.7,18.4,168,31.2,NA,NA,32.7,2.8,3.1,1.9,7.8,4.4,1.1,5.4,NA,2.2,1.7,1.6,NA,NA,2.9,4.3,7.2,66.6,33,3.7,2.8,39.4,9,7.6,4.5,21.1,6.7,4.4,11.1,18.9,5,2,4.3,4.2,15.6,10.2,6.3,16.4,122.5,2019.1,142.6,278.8,2440.6,336.7,536.9,306.3,1179.9,477.6,191.6,669.2,814.9,234.5,152.6,293.7,350.1,1030.8,402.9,418.7,821.5,6956.9
33178,646.5,78.5,123.2,848.3,112.8,186.8,109.3,408.9,187.5,76.7,264.2,289.3,86.8,49.1,113.8,149.8,399.5,158.7,145,303.7,2513.8,561.2,27.2,61.9,650.3,82.6,132,109,323.6,130.1,42.2,172.3,192,54,36.4,61.2,62.6,214.3,86.2,92.7,178.9,1731.4,357.9,NA,NA,400.2,60.7,101.6,35.2,197.5,81.9,37.7,119.6,134.3,43.8,28.5,46.8,67.5,186.5,61.8,82.8,144.6,1182.7,156.4,11.7,21.6,189.8,30.3,42.6,21.7,94.6,28.9,12.6,41.5,92.3,15.9,14.6,16.9,25.6,73,35.7,41.5,77.2,568.4,212.4,23.3,21.4,257.2,28.4,51.9,29.1,109.3,35.7,16.2,51.9,76.1,16.9,15.9,24.1,30.4,87.3,39.9,35.1,75,656.8,58.4,NA,NA,64.2,8.8,9.8,5.2,23.8,10.5,3,13.5,NA,9.7,3.2,8.3,NA,NA,7.5,10.4,17.9,166.5,31.9,NA,NA,33.4,2.5,3,2,7.5,4,1.1,5.1,NA,2.1,1.6,1.5,NA,NA,2.8,4.1,6.9,66.5,33.9,3.9,2.8,40.7,9,7.5,4.5,21,6.5,4.6,11.1,19.3,5.4,2.1,4.2,4.5,16.1,10.6,6.2,16.8,125.1,2058.6,146.4,278.9,2483.9,335.1,535.2,316.1,1186.4,485.2,193.9,679.2,827.8,234.6,151.4,276.8,350,1012.8,403.1,417.9,821.1,7011.2
33208,644.5,77.8,121,843.3,113.9,195.3,98.2,407.4,187.5,75.8,263.4,288.8,82.7,48.2,106.8,144.6,382.3,161,152.1,313,2498.2,572.2,27.4,61.8,661.4,87.3,132.1,110.7,330.1,131.9,43.7,175.7,192.9,55.6,32,58.7,60.8,207.1,78.8,98.8,177.6,1744.7,358.3,NA,NA,401,59.1,106.7,35.5,201.4,80.2,39.9,120.2,132.2,40.5,30.1,45.1,72.9,188.6,63.8,85.6,149.4,1192.7,156.9,11.9,21.9,190.7,25.1,42.3,24.1,91.5,28.5,13,41.5,91.3,14.3,14.4,20,25.6,74.3,28.1,41.7,69.8,559.2,215.9,24.9,21.5,262.3,27.4,51.9,33.1,112.4,36,16.2,52.1,77.6,16.8,15.2,25.8,29.6,87.3,39.6,37.2,76.8,668.5,59.5,NA,NA,65.5,9,9.5,5.4,24,9.2,3.1,12.3,NA,8.8,3.2,6.4,NA,NA,7.3,10.4,17.7,164.2,32.2,NA,NA,33.5,2.7,2.9,2,7.5,3.8,1,4.7,NA,1.9,1.4,1.8,NA,NA,2.8,4,6.8,65.9,34.5,3.7,2.9,41,9,7.1,4.7,20.9,6.6,4.5,11.1,19.2,4.7,1.9,3.8,4.4,14.7,10.2,6.7,16.8,123.8,2074,147.4,277.3,2498.7,333.5,547.8,313.7,1195.1,483.7,197.2,680.9,827.1,225.2,146.4,268.4,347.3,987.4,391.5,436.5,828,7017.2
33239,684.9,75.8,119.7,880.4,119.8,190.5,102.5,412.8,185.6,75.9,261.5,288.7,83.3,49.1,105.6,145.7,383.7,164.7,143.4,308,2535,573.8,26.3,63.4,663.5,86,137.4,110.5,333.9,130.2,44.3,174.5,189.7,56.6,37,61.2,63.2,217.9,84.9,97.5,182.4,1761.9,366.2,NA,NA,409.9,58.9,108.1,40,207,80.2,39,119.2,131.6,40.7,30.2,44.8,72.2,188,67.3,85.2,152.5,1208.1,160.9,12.2,21.6,194.6,28,42.1,20.8,90.9,31.3,13,44.3,87.5,13,15.1,20.1,25.7,73.9,28.5,41.3,69.9,561.2,217.1,23.6,21.2,261.8,26.9,51.1,29.1,107.2,36.2,16.2,52.5,76.7,16.5,15.4,22.8,30.6,85.3,41.9,35.6,77.6,660.9,60.3,NA,NA,66.2,9.1,9.9,5.2,24.2,10.4,3,13.5,NA,8.3,3.2,7.6,NA,NA,7.1,10.8,17.9,167,31.9,NA,NA,33.2,2.5,2.8,1.8,7.1,3.9,0.9,4.8,NA,2.1,1.4,1.9,NA,NA,2.6,4.2,6.7,65.2,34.8,3.4,3,41.2,9.4,7.3,5,21.8,6.7,4.6,11.3,19.3,4.7,2.1,4.3,4.6,15.6,10.3,7.1,17.4,126.6,2129.9,142.7,278.2,2550.8,340.6,549.3,315,1204.8,484.5,197.1,681.7,818,225.1,153.5,268.3,351.3,998.3,407.3,425.1,832.5,7086
33270,657.9,76.8,120.3,855,121.1,194.5,107.3,422.9,185.4,77.4,262.8,292.8,90.2,49.4,112,149.1,400.8,156.2,144,300.2,2534.4,569.1,25,61.9,656,85.2,129.6,131.7,346.6,132.6,45.1,177.7,191.8,55.1,37.3,61.9,63.4,217.6,87.6,92.6,180.2,1769.9,365.3,NA,NA,409.4,61.2,110,47.4,218.7,82.9,39.6,122.4,134.7,43.5,30.4,45.9,73,192.9,68.2,91.8,160.1,1238.3,161.8,13.8,21.5,197.2,28.3,41.2,20.2,89.7,30.3,13.2,43.5,91.7,13.5,15.5,21.2,26.1,76.3,26.7,41.3,68,566.5,217.2,23.7,21,262,28.4,52.6,29.8,110.8,37.1,15.8,52.9,79.4,16.8,14.9,23.5,29.3,84.6,42.3,35.4,77.6,667.3,59,NA,NA,64.8,8.9,9.9,4.9,23.8,13,3.2,16.2,NA,8.1,3.3,7.6,NA,NA,6.6,11,17.7,168.1,33.1,NA,NA,34.3,2.9,3.1,1.8,7.7,3.9,0.9,4.8,NA,2,1.5,1.8,NA,NA,2.3,4.1,6.4,66.6,35.1,3.4,3.1,41.7,9.2,7.4,5.1,21.6,6.4,4.6,11,19.8,4.7,2.2,4.7,4.7,16.4,12.3,7.8,20,130.5,2098.6,144.1,277.7,2520.5,345.2,548.3,348.2,1241.7,491.6,199.8,691.4,835.4,234.1,154.5,278.7,355.1,1022.5,402.3,428,830.3,7141.7
33298,659,76.3,121.6,856.8,126.3,187,133,446.3,185.4,76.4,261.8,289.6,89.8,50.2,113.7,149.9,403.6,155.9,144.5,300.4,2558.5,570.7,24.9,61.1,656.7,89.2,130.2,107.7,327.1,131.4,44.1,175.5,192.8,52.7,35.4,63.9,60.9,212.9,78.4,96.5,174.9,1740.1,367,NA,NA,411.2,58.1,108.3,31.5,197.9,78.9,39.3,118.1,130.2,45.1,30.8,45.1,73.3,194.2,65.5,86.9,152.4,1203.9,163.6,12.3,21.7,197.5,30.3,41.7,21.1,93,32.8,13.1,45.9,88.4,14,15,17.6,25.4,72,27.1,41.8,68.9,565.6,224,22.9,21.2,268.1,27.6,45.6,26.2,99.4,37.4,17,54.4,77.2,18.4,15.1,22.7,30.8,87,41.9,34.3,76.2,662.4,60.1,NA,NA,66.1,9.3,9.9,6.4,25.6,11.3,3.2,14.5,NA,8.3,3.2,7.7,NA,NA,9.9,11.6,21.5,172.9,35.1,NA,NA,36.5,2.2,3.1,2.5,7.8,4.2,1,5.2,NA,2,1.7,1.8,NA,NA,2.9,4.1,7.1,70.1,37.2,3.5,3.3,44,10.1,7.6,5.2,22.8,6.4,4.6,11,19.8,4.8,2.2,5.6,4.6,17.2,10,8.2,18.1,132.9,2116.6,141.2,279,2536.8,353.1,533.3,333.5,1219.9,487.8,198.7,686.5,822.8,235.1,153.7,277.9,354.2,1020.8,391.7,427.9,819.6,7106.4
33329,655.7,77.5,123.2,856.3,125.4,185.1,136.3,446.9,193,80.8,273.8,295.3,85.6,51.2,116,154.2,407.1,155.5,148.4,303.9,2583.3,564.2,25.2,61.9,651.3,84.4,134.8,106.2,325.5,129.5,43.8,173.2,194.1,52.5,35.6,61.4,62.8,212.3,79.7,96,175.7,1732.2,364,NA,NA,406.8,60.5,107.6,31.5,199.6,78.7,40.7,119.4,135.7,45.1,31.9,44.9,75.1,197.1,68.8,85,153.8,1212.3,159,12.3,20.9,192.3,28.5,41.1,22.7,92.3,32.7,12.9,45.7,90.1,13.3,14.2,17.3,23.8,68.6,27.9,40.4,68.3,557.3,223.4,24.6,20.9,269,29.1,47,26.3,102.4,39.9,17.1,57,78,15.8,16,22.6,31.7,86,42.2,34.8,77.1,669.5,56.7,NA,NA,62.5,8.9,9.5,6.1,24.5,10.6,3.1,13.7,NA,8.2,3.3,7.6,NA,NA,8.5,11.6,20.1,165.7,33.2,NA,NA,34.5,2.4,3,2.2,7.6,4.2,1,5.2,NA,2,1.7,1.6,NA,NA,3.2,4,7.2,67.8,36.5,3.1,3.3,42.9,10.6,7.3,5.3,23.3,7.3,4.8,12.1,20.7,4.7,2.2,5.1,4.7,16.7,10.2,8.3,18.5,134.1,2092.8,144,278.8,2515.6,350,535.5,336.6,1222,495.9,204.2,700.1,838.3,227.1,156.2,276.6,361.7,1021.6,396.2,428.5,824.6,7122.2
33359,657.9,78.9,123.5,860.3,127.8,184.9,132.9,445.6,190.6,79.7,270.2,289.5,89.9,50.3,118.8,152.4,411.3,160.5,148.9,309.4,2586.5,577.5,26.2,62.3,666,81.3,129.4,102.7,313.4,127.5,43,170.5,190.1,53.6,36,59.9,63.9,213.5,81.3,100.5,181.8,1735.2,369.3,NA,NA,411.8,61.5,103.8,30.8,196.1,76.5,39.6,116.1,131.1,45.3,31.1,45.1,74.8,196.4,67.7,85.1,152.8,1204.3,164.9,12.3,21.8,199,27.5,40.3,22.5,90.4,31.1,12.6,43.7,87.8,13.4,14.2,17.8,24.6,69.9,28,42.7,70.7,561.5,225,24.1,20.8,269.9,29.9,44.2,26,100.1,39.3,16.9,56.2,75.1,16.9,15.3,22.1,31.7,85.9,43.2,33.3,76.5,663.8,59.3,NA,NA,65.2,8.4,9.1,5.8,23.2,10.8,3,13.8,NA,8.3,3.2,7.7,NA,NA,8.6,11.2,19.8,166,33.3,NA,NA,34.7,2.5,2.9,2.2,7.6,4.6,1,5.5,NA,2.2,1.6,1.6,NA,NA,3.3,3.9,7.2,68.1,37,3.3,3.3,43.7,9.7,7.3,4.9,21.9,6.6,4.6,11.3,20,4.7,2.1,5.2,4.6,16.6,10.8,8.4,19.2,132.5,2124.3,146.3,280.1,2550.6,348.5,522,327.7,1198.3,486.9,200.4,687.3,817.4,234.2,153.8,278.2,360.8,1027,403.3,434.1,837.3,7117.9
33390,648.2,75.5,126.2,849.9,116.8,185.1,131,432.9,188.4,78.6,267,268.7,97.6,50.6,130.1,159.5,437.8,161.1,147.8,308.9,2565.2,574,26.1,62.7,662.8,91,129,103.8,323.8,116.2,42,158.2,183,53.4,34.4,65.2,63.9,216.8,84.9,101.9,186.8,1731.4,371,NA,NA,414.7,60.1,103.2,32.6,195.9,78.5,40.2,118.7,127.1,46.5,30.8,41,76,194.3,65.1,88.7,153.7,1204.5,163.1,12.6,21.8,197.6,27.4,36.6,23.7,87.6,28.2,12.5,40.7,87.1,12.3,13.8,18,24.3,68.4,28.4,40.7,69.1,550.4,228.4,25.4,21.5,275.3,31,45.9,26.9,103.8,41.7,16.7,58.4,74.6,14.6,15.1,23.2,30.1,83,45.2,36.3,81.5,676.6,58.5,NA,NA,65,9.4,9.7,6,25.1,11.7,3.1,14.9,NA,8.3,3.5,7.6,NA,NA,8.1,11.8,19.9,169.2,33.9,NA,NA,35.2,2.4,3,2.5,7.9,4.5,1,5.5,NA,2.3,1.6,1.8,NA,NA,3.4,4,7.4,69.6,36.4,3,3.4,42.8,9.5,7.9,6.3,23.6,6.5,4.9,11.4,18.9,4.8,2.3,4.9,5.2,17.3,10.7,9,19.7,133.8,2113.6,144.2,285.5,2543.3,347.5,520.4,332.8,1200.7,475.7,199,674.7,782.9,239.8,152.2,291.8,368.4,1052.2,406.8,440.2,847,7100.9
33420,673.2,75.8,127,876,121.5,191.1,128,440.7,218.8,83,301.8,322.7,100.8,51.5,137.2,164.6,454.1,163.9,148.3,312.2,2707.5,583.7,26.5,63.3,673.4,94.4,131.1,114.3,339.8,129.2,43.3,172.5,209.4,56.6,33.6,76.3,63.3,229.8,82.4,100.9,183.4,1808.4,380.6,NA,NA,424.1,64.7,106.4,34.7,205.9,83.2,41.3,124.5,140.1,42.2,31.9,44.2,75.3,193.7,64.3,88,152.3,1240.6,169.8,13,22.1,204.9,26.7,39.3,27.8,93.8,30.6,13.1,43.7,92.8,11.3,14.6,19.2,24.9,69.9,29.3,42.6,71.9,576.9,234,25.1,22.5,281.6,31.7,49,27,107.8,44.2,16.4,60.6,84.4,14.2,14.9,24.5,28.8,82.4,46.3,38.9,85.2,701.9,61.9,NA,NA,68.3,9.8,10.4,7.1,27.4,13.9,3.5,17.4,NA,9.9,3.8,8.2,NA,NA,8.1,11.7,19.8,181.7,34.5,NA,NA,35.9,2.3,3,2.8,8.1,4.7,0.9,5.6,NA,2.1,1.6,1.8,NA,NA,3.7,3.9,7.6,70.4,38.5,3,3.4,44.8,9,7.8,6,22.8,6.7,4.9,11.6,22.1,4.7,2.3,5,5,16.9,10.5,8.5,19,137.2,2176.1,145.1,287.8,2609,360.2,538.1,347.8,1246.1,531.3,206.4,737.7,895.8,241.7,154.2,316.3,372.3,1084.5,408.5,442.9,851.4,7424.6
33451,689.2,76.3,128,893.5,128.6,201.2,127,456.8,203,81.2,284.3,296.1,100.3,52.5,139.2,164.8,456.8,169.3,150,319.4,2706.8,586.2,28.3,62.8,677.3,93.8,130.2,111.8,335.8,127.9,43.7,171.6,196.8,52.8,34.7,69.5,62.4,219.4,84.6,101.8,186.4,1787.3,379.1,NA,NA,423.6,64.5,111.2,33.9,209.6,81.9,39.9,121.8,134.9,44.5,31.7,46.3,74.4,196.8,65.8,90.1,155.9,1242.6,168.1,12.8,22.5,203.4,27.1,40.6,25.7,93.3,27.3,12.4,39.8,91.4,12,14.8,18.2,24.5,69.4,29.2,44.2,73.4,570.7,234.8,25.2,22.6,282.6,31.5,47.8,29.2,108.6,44.9,17.7,62.6,80.3,13.6,16.3,25.3,31.4,86.6,47.1,39,86.2,706.8,60.6,NA,NA,66.9,9.5,10.8,6.2,26.5,11.6,3.1,14.8,NA,9.4,3.8,7.7,NA,NA,7.7,11.6,19.3,174.4,34,NA,NA,35.3,2.5,3,3.1,8.6,4.7,1,5.7,NA,2.1,1.6,1.8,NA,NA,3.2,3.9,7.2,70.3,40.2,3,3.5,46.7,9.5,8.5,6.3,24.3,6.6,5,11.6,21,5,2.4,4.8,5.3,17.4,11.1,8.6,19.7,140.6,2192.3,147.4,289.5,2629.2,367,553.2,343.2,1263.5,507.9,204.2,712.1,844.8,239.7,157.7,312.8,372.6,1082.8,418,449.3,867.3,7399.6
33482,672.2,74.7,124.6,871.4,126.6,191,127,444.5,196.1,82.3,278.4,294,102.2,53.9,115.5,168,439.6,189.8,147.7,337.5,2665.6,585.1,26.5,64.1,675.7,92.4,126.4,103.4,322.2,122.1,45,167.1,204.1,47.5,36.9,67,64.1,215.6,83.7,103.3,187,1771.6,375.2,NA,NA,419.7,70.8,103.7,36.5,211,85.4,40.3,125.8,136.5,48.8,30.8,34.8,73.6,188,70.8,91.8,162.5,1243.5,164.9,14,21.9,200.9,26,40.6,23.9,90.5,25.6,12,37.6,88.6,12.4,14,18.1,24.2,68.8,29,47.7,76.7,562.9,233.2,25.5,21.9,280.7,32.7,45.7,39.4,117.8,39.9,17.5,57.4,79,14.5,15.9,22,31.7,84.1,46.2,34.6,80.8,699.8,59.1,NA,NA,66,9,9.1,5.9,24,10.5,3,13.4,NA,10.5,3.2,8.2,NA,NA,7.8,11.7,19.5,170.4,33.4,NA,NA,34.7,2.4,2.8,3.1,8.3,4.1,0.9,5,NA,2.3,1.6,2,NA,NA,3.3,4.5,7.8,69.4,38.6,2.5,3.3,44.4,10.1,7.2,6.2,23.5,6.9,5.1,11.9,20.6,4.9,2.4,4.6,5.5,17.4,12.6,7.1,19.7,137.5,2161.8,144.8,286.9,2593.5,370.1,526.3,345.3,1241.7,490.6,206,696.6,847,243.2,158.7,272.3,376,1050.2,443.1,448.4,891.6,7320.6
33512,692.5,76.2,126.4,895.1,129.5,193.7,117.4,440.7,211.9,85.4,297.3,303.8,92.1,53.7,117.9,166,429.7,212.5,149.3,361.7,2728.4,590.4,26.9,64.8,682.1,96.6,123.5,121.8,341.9,128.4,47.6,175.9,198.9,51.5,44.4,70.5,68.8,235.2,78.3,103.6,181.9,1816.1,381.8,NA,NA,427.4,73.6,104.4,36.1,214.1,84.5,40.6,125.1,135.8,50.5,31.1,34.8,75.4,191.8,71.4,96.1,167.6,1261.9,162.7,14.8,22,199.5,26.9,40,24.5,91.4,25.4,12.1,37.5,97.2,12.4,14.1,18.5,23.9,68.8,28.2,48.2,76.4,570.8,237.4,25.4,22,284.8,35.2,49.2,40.9,125.3,43.4,18.5,61.9,81.3,14.1,16.9,22.8,33,86.8,48,34.5,82.5,722.7,59.3,NA,NA,66.4,9,9.5,6.6,25.1,10.5,2.9,13.4,NA,10.6,3.3,8.9,NA,NA,7.7,11.6,19.3,172.3,34.1,NA,NA,35.3,2.2,2.8,3,8.1,4.3,1,5.3,NA,2.4,1.5,1.9,NA,NA,3.1,4.5,7.6,69.9,38.5,2.5,3.4,44.4,10.1,7.9,6.2,24.2,7.7,5.3,13,21.9,4.8,2.6,4.6,5.5,17.7,13.5,7.8,21.4,142.5,2196.8,147.5,290.8,2635.1,383.3,531,356.6,1270.8,516,213.3,729.4,863,238.3,167.7,280,381.7,1067.8,462.9,455.6,918.4,7484.6
33543,686,74.2,126.4,886.6,129,190.1,113.8,432.9,199.4,82.7,282.1,294.3,101.9,53.7,116.1,169.7,441.4,208.2,152.4,360.5,2697.8,598.9,27.5,64.3,690.7,92.8,123.5,111.5,327.8,122.7,46.5,169.2,197.6,49.5,40.3,68.5,64.7,222.9,81,105.5,186.5,1794.7,382.6,NA,NA,429,73.3,107.3,37.6,218.2,85.8,41.7,127.6,137.7,47.7,31.1,36.9,76.5,192.1,74.6,96.9,171.5,1276.1,163.7,14.3,22,200,25.7,39.3,24.7,89.6,24.8,11.9,36.7,88.8,12.3,13.5,18.7,24.2,68.8,27.9,49.7,77.6,561.5,234.6,26.2,21.9,282.7,35.6,48.5,43.7,127.8,41.7,17.9,59.6,78.9,14.8,16.4,23.4,33.6,88.1,48.7,34.4,83.1,720.3,59.4,NA,NA,66.6,9.2,9.3,6.6,25.1,11.2,3,14.2,NA,10.8,3.2,9.1,NA,NA,7.5,11.7,19.3,174,34.2,NA,NA,35.4,2.4,2.9,2.8,8,4.2,0.9,5.1,NA,2.4,1.5,1.9,NA,NA,3.1,4.8,7.9,70.3,39.7,2.3,3.4,45.4,9.4,7.5,5.8,22.8,7.8,5.2,13,21.3,5,2.5,4.6,5.5,17.7,13.3,8.2,21.5,141.7,2199.1,146.3,290.9,2636.3,377.4,528.4,346.4,1252.2,497.7,209.9,707.7,842.9,244.5,162.1,279.3,383.6,1069.4,464.3,463.6,927.9,7436.5
33573,689.1,74.4,125.1,888.5,118.8,181.2,97.2,397.2,212.2,85.9,298.2,306.7,99.2,54.5,114,169.4,437.1,188.8,154.5,343.3,2671,591.3,25.8,64.5,681.6,95.6,123.6,114.4,333.5,121.9,45.2,167.1,202.2,50.9,32.7,73.3,63.2,220.1,77.3,117.1,194.4,1798.9,376.4,NA,NA,422.4,70.3,107.4,39.5,217.2,87.1,42.5,129.6,138.4,47.8,27.4,43.1,74.9,193.3,76.2,101.1,177.3,1278.3,156.9,14.1,20.6,191.7,27.4,43.4,27,97.8,22.7,11.3,34.1,90.3,10.7,11.5,18,22.5,62.6,26.9,45.9,72.9,549.2,238.6,26.2,22.3,287.1,32,49.1,32.2,113.3,42.1,20.4,62.5,82.9,14.2,19.1,22.3,38,93.6,49.1,34.9,84,723.4,60.9,NA,NA,68.3,9.7,9.9,7.2,26.9,11.8,3.2,15,NA,11.3,3.4,9.6,NA,NA,7.5,12,19.5,179.8,33.7,NA,NA,34.9,2.5,2.8,2.5,7.8,4.5,1,5.5,NA,2.6,1.7,1.9,NA,NA,3.3,4.8,8.1,70.4,40.4,2.2,3.2,45.9,9.1,7.5,5.7,22.3,7.7,5.2,12.9,21.3,5.2,2.2,4.4,5.4,17.2,12.5,7.7,20.3,139.7,2187.3,145.1,288.1,2620.4,365.5,524.8,325.6,1215.9,510.2,214.7,724.8,865.7,241.9,152.3,286.7,383.2,1064.1,441.7,478,919.8,7410.7
33604,696.2,75,130.6,901.8,119.3,195,110.7,425,216.9,89.8,306.7,305.3,100.4,57,110.6,175.6,443.6,178.2,156,334.2,2716.6,581.9,28.8,61.9,672.5,95.7,132.1,91.5,319.3,122.5,47.1,169.6,203.8,50.9,36.4,80.3,63.1,230.7,82.4,103.3,185.7,1781.7,376.9,NA,NA,422.3,70,105.3,37.5,212.9,87.8,41.5,129.3,137.7,49.3,30.2,41.8,76.6,197.9,77.6,96.6,174.2,1274.3,159.1,14.7,21,194.8,26.8,45.4,22.9,95.2,21.5,11.6,33.1,91.7,12.2,14.2,17.4,24.9,68.7,28.8,45.1,73.9,557.2,242.6,27.5,23.3,293.4,32.6,49.8,42.4,124.8,41.9,18.6,60.5,82.2,13.7,16.9,25.8,33.8,90.2,47.9,38.2,86.1,737.2,60.6,NA,NA,67.6,10,10.8,7.8,28.6,12.1,3.3,15.4,NA,11,3.7,9.5,NA,NA,8.7,12.1,20.8,182.7,33.9,NA,NA,35.1,2.5,2.7,3,8.2,4.3,1,5.3,NA,2.7,1.6,1.9,NA,NA,3.6,4.9,8.5,71.3,40.6,2.1,3.1,45.8,10.9,8,6.4,25.3,7.6,5.3,12.9,22.4,5.4,2.6,4.2,5.7,17.9,11.6,7.1,18.7,143.1,2191.8,149.9,291.6,2633.3,367.8,549.2,322.3,1239.2,514.8,218.2,732.9,867.1,245.5,162.5,291.6,389.9,1089.5,438.8,463.3,902.1,7464.1
33635,691.2,72.7,130.3,894.2,119.9,200.8,113.2,433.9,217.3,92.1,309.4,306.7,95.8,58.6,115.2,180.2,449.8,174.8,157.5,332.4,2726.3,582.8,29.1,63.2,675,93.9,122.7,114.3,331,121.5,43.9,165.4,208.4,49.1,36.5,78.1,59.4,223.1,81.3,109.7,191.1,1793.9,384.5,NA,NA,430.7,68.3,107.4,38.4,214.1,90.7,41.6,132.3,138.3,50.6,31.3,38.9,78,198.8,72.1,98.5,170.6,1284.9,162.4,14.3,20.7,197.4,27.9,41.6,22.7,92.2,23.4,11.4,34.8,89.7,12,14.1,16.9,23.4,66.4,26.3,46.2,72.5,553,247.6,27.2,23.2,298.1,32.4,49.8,41.7,123.8,43.3,18.5,61.8,83.7,11.6,17.2,25.6,33.9,88.3,47.5,37,84.5,740.2,61.6,NA,NA,67.9,9,9.3,7.3,25.6,11.4,3.1,14.4,NA,11,3.4,8.7,NA,NA,8,10.7,18.7,175.2,34.2,NA,NA,35.5,2.1,3,2.8,7.9,4.7,1,5.7,NA,2.8,1.7,1.9,NA,NA,3.4,4.7,8.1,71.7,41.4,2.2,3.1,46.7,10.1,8,5.3,23.5,7.7,4.8,12.5,21.2,5.4,2.2,3.8,4.9,16.4,10.4,7.1,17.5,137.8,2205.7,147.2,292.5,2645.5,363.6,542.7,345.7,1251.9,520,216.3,736.4,872,238.4,165,289.1,389.4,1081.9,423.8,471.6,895.3,7483.1
33664,716.2,78.3,136.6,931.2,115.2,199.3,114.5,429.1,207.7,92.4,300.1,293.6,94.6,57.4,99.5,182.5,434,191.4,164.5,356,2744.1,600.5,30.6,66.1,697.1,90.6,126.1,119.7,336.4,123.5,45.5,169,201.6,51.6,37.2,84.4,63.3,236.5,82.1,117.3,199.4,1840.2,388.9,NA,NA,435.5,73.3,106.6,36.7,216.6,85.9,41.3,127.2,141.9,51.5,30.6,44.7,76.8,203.6,83.3,97.9,181.1,1306,161.1,14,20.1,195.3,28.1,40.5,23,91.6,24.1,11.7,35.8,90.3,12,14.2,20.4,23.6,70.2,30.7,43.2,73.9,557.1,241.8,28.5,23.3,293.7,34.5,58.3,47.4,140.2,46,18.4,64.5,82.8,14.1,17,27.2,33.8,92.1,47.8,38.5,86.3,759.5,61.3,NA,NA,68.3,9.6,9.6,7.8,27,11.3,3.2,14.5,NA,11.2,3.7,9.2,NA,NA,8.4,10,18.5,178.8,35.1,NA,NA,36.4,2.4,2.8,3.2,8.3,4.1,0.8,5,NA,3.3,1.3,1.9,NA,NA,3.5,4.7,8.2,72.4,41.6,2.1,3.2,46.9,10.2,8.2,5.7,24,7.7,5.4,13,19.6,5.6,2.8,3.9,5.7,18.1,12.6,7.5,20.1,141.7,2246.6,155.3,302.6,2704.4,363.9,551.4,358,1273.4,510.3,218.8,729.1,854.2,243.8,164.4,291.1,396,1095.3,459.8,483.6,943.4,7599.8
33695,721.9,76.1,136.4,934.4,121.5,197.6,115.4,434.6,205.6,93,298.6,306,101.5,58,100.9,182.3,442.7,196.2,162.2,358.4,2774.6,599.6,30.3,66,695.9,95.8,121.1,126,342.9,128.1,46.4,174.5,207,50.8,36.4,89.5,62.2,238.9,82,116.4,198.4,1857.6,394,NA,NA,441.2,77.6,103.7,38.9,220.2,86,40.9,126.9,141.4,49.7,29.8,45.3,75.8,200.6,77.7,102.5,180.2,1310.5,160.3,14,19.3,193.6,28.5,40.2,32.2,100.9,23.1,11.7,34.8,89.1,11.8,14.7,20.4,23.8,70.7,33.4,44.1,77.5,566.6,246.5,28.8,22.9,298.2,35.2,59.8,46,141,44.3,20.1,64.4,82.5,15.8,18.1,28.1,37,99,49.4,37.5,86.9,772.1,62.4,NA,NA,69.8,9.9,9.6,9,28.5,12.4,3.3,15.7,NA,11.7,3.6,9.5,NA,NA,8.6,11,19.6,184.7,35.5,NA,NA,36.8,2.8,3.1,3.5,9.4,5,1,5.9,NA,3.1,1.5,1.8,NA,NA,3.4,4.8,8.3,74.9,42.6,2.3,3.1,47.9,10.8,8.7,5.6,25.1,6.9,5.1,12,21,5.2,2.5,3.7,5.6,17,13,7.5,20.4,143.4,2262.8,153.3,301.7,2717.8,382.1,543.8,376.6,1302.5,511.4,221.5,733,871.5,249.5,164.6,299.3,396.7,1110,463.6,486.1,949.7,7684.5
33725,719.9,72.9,138.6,931.4,115.7,195.1,106.3,417.2,209.5,94.7,304.2,311.3,96.1,57,94.6,185.1,432.9,199.3,170.1,369.4,2766.4,602.4,28.8,66.7,697.9,93.8,121.4,116.2,331.4,128.7,47,175.7,204.7,51,34.5,89.7,60.6,235.8,79,121.5,200.5,1846.1,395.4,NA,NA,443.5,73.4,107.2,38.3,218.9,87.8,41.4,129.2,145.8,49.2,29,43.3,75.5,197.1,80.9,102.3,183.3,1317.7,163.5,12.2,18.9,194.7,28.1,40.1,30.9,99.2,24.8,11.8,36.6,91.6,11.7,14.2,20.9,22.9,69.7,30,41.6,71.6,563.4,250.1,28.8,24,303,34.3,58.1,46,138.5,47.9,18.9,66.8,85.6,12.6,18,27.9,34.4,92.9,48.9,37.9,86.7,773.5,62.4,NA,NA,69.5,9.4,9.5,9.2,28.1,11.6,3.2,14.9,NA,12,4,9.3,NA,NA,8.6,11.3,19.9,184.3,35.7,NA,NA,36.9,2.6,3.1,3.4,9.1,5,0.9,5.9,NA,3.3,1.4,2,NA,NA,3.6,4.8,8.3,75.2,41.6,2.1,3.2,46.8,11.1,8.2,5.5,24.8,7.1,5.3,12.5,22.3,5.3,2.6,4,5.6,17.5,13.1,8,21.1,144.9,2271,146.5,306.1,2723.6,368.4,542.8,355.9,1267.1,522.5,223.2,745.8,885.9,241.3,160.8,291.7,394.5,1088.4,463.4,497.4,960.8,7671.5
33756,723.4,76,135.6,935.1,116.2,200,107.5,423.7,218.1,89.8,307.9,310.6,94.6,54.7,101.6,175.7,426.6,194.9,154.8,349.7,2753.5,604.3,30,63.7,698.1,97.3,115.3,116,328.7,123.5,45.1,168.6,203.9,48.3,32.6,92.5,58.5,231.9,79.9,98.8,178.7,1809.8,404.3,NA,NA,451.6,77.2,104.4,38.3,220,83.7,39.9,123.6,141.9,47.2,28.2,44.5,72.8,192.6,85.9,102.7,188.6,1318.3,161.9,13.9,18.2,194,28,36.8,27.9,92.7,23.8,12.2,36,88.5,11.3,14.9,22.9,23.5,72.6,31.2,39.4,70.6,554.6,248.1,28.1,23,299.2,36.2,54.3,44.4,134.8,46.7,18,64.7,82.7,13.4,16.9,26.2,32.4,88.8,47.6,36.2,83.8,754.1,62.7,NA,NA,69.9,9.3,10.1,8.9,28.3,11.4,3.2,14.7,NA,11.2,4,9.1,NA,NA,7.6,10.9,18.5,182.8,36.7,NA,NA,38,2.7,3.2,3.3,9.2,4.9,1,5.9,NA,3.1,1.6,1.9,NA,NA,4,5.6,9.6,77.7,42,2.2,3.3,47.5,10.6,9.4,5.7,25.8,7.2,5.1,12.3,22.8,5.3,2.6,3.7,5.4,17,13.3,8.1,21.3,146.8,2283.4,152,297.9,2733.4,377.6,533.6,352,1263.2,519.3,214.3,733.7,875,234.4,155.4,302.3,379.4,1071.5,464.4,456.4,920.8,7597.5
33786,733.4,75.9,135.1,944.4,119.3,203.9,112.9,436.2,222.6,89.9,312.5,294,98.5,54.8,101.7,178.1,433.1,191.1,148.6,339.7,2759.9,604.4,30.8,63.4,698.5,94,121.4,118.7,334.1,122.7,45.2,167.9,206.3,49.6,32.3,92,58.3,232.2,77.9,103.1,180.9,1819.9,406.9,NA,NA,455.9,73.6,106.8,36.4,216.8,82.4,39.1,121.5,147,47.7,28.4,44.7,71.9,192.6,76.5,107,183.5,1317.3,159,12.7,17.7,189.5,30.8,37.8,32.4,101,24.5,11.9,36.3,86.6,11.9,14.3,24.3,22.9,73.3,29.4,37.1,66.4,553.2,248,28.2,23.1,299.3,37.2,56.9,45.3,139.4,47,16.8,63.8,83,13.4,15.7,26.1,30.7,85.9,48.6,36,84.6,756,63.5,NA,NA,70.7,9.9,11.6,9.8,31.3,11.5,3.3,14.8,NA,11.6,4,8.9,NA,NA,7.5,11.3,18.8,187,36.7,NA,NA,38,2.7,3.3,3.4,9.4,5.1,1,6.1,NA,3.1,2,1.9,NA,NA,4.7,5.4,10.1,79,42.2,2,3.3,47.5,11.2,8.4,6,25.5,7,5.3,12.3,21,5.6,2.6,3.6,5.7,17.5,12.6,8.8,21.5,145.3,2294.1,151.4,298.3,2743.8,378.7,549.9,364.9,1293.6,522.9,212.4,735.2,862.4,241.3,154,303.1,378.7,1077.1,448.3,457.1,905.5,7617.6
33817,728.5,76.1,136.8,941.4,115,195.6,101.8,412.3,197.8,88.6,286.4,286.1,102.3,54,94.7,179.2,430.2,189.1,148.4,337.5,2693.9,599.9,30.2,63.9,694,94.3,123.6,112.7,330.5,121.5,44.4,165.8,204.4,47.6,33,90,56.4,227,79.1,102,181.1,1802.8,403.3,NA,NA,451.3,83.3,104.3,36.6,224.2,79.3,37.7,116.9,143.5,48.8,27.1,45.6,69.8,191.4,71.1,106.2,177.4,1304.7,156.2,13.4,17.5,187.1,29.1,36.9,27.8,93.7,24.8,11.9,36.6,88.7,12.1,14.2,22.9,22.1,71.3,29.1,37.8,66.9,544.3,249.4,28.9,23.3,301.5,38.1,58.6,44.7,141.4,47.8,18.4,66.2,82.7,13,16.9,26.2,32.5,88.6,50.2,36.8,87,767.4,63.3,NA,NA,70.4,9.5,10.6,8.7,28.8,10.8,3.1,13.9,NA,11.5,4,9.6,NA,NA,9.1,11.2,20.3,185.4,37.2,NA,NA,38.6,2.5,3.3,3.3,9.2,4.8,1,5.7,NA,3,1.6,1.6,NA,NA,4.9,5.4,10.4,78,42.6,2.1,3.4,48.1,11.3,8.4,5.9,25.6,7.2,5.2,12.4,22.2,5.5,2.6,4,5.6,17.7,12.8,8.8,21.5,147.5,2280.4,152.5,299.5,2732.4,383,541.3,341.4,1265.7,493.9,210.2,704.1,851.4,243.9,153.3,294.7,376.3,1068.2,445.4,456.6,902,7523.9
33848,735,77.7,137.8,950.5,121.3,198,115.1,434.5,189.6,91.8,281.4,308.4,92.1,55.9,105.4,179.8,433.2,177.3,150.8,328.2,2736.2,596.8,31.2,63.4,691.3,92.9,130.7,116.8,340.4,121.7,45.4,167.1,208.4,50.5,35.6,89,60.7,235.8,84.2,108.5,192.7,1835.8,404.7,NA,NA,453.9,70.8,107.2,38.1,216.1,78,38.9,116.9,147,45.8,29.8,52.8,73,201.4,79.4,113.4,192.8,1328.1,158.2,12.8,18,188.9,29.4,38.4,28.4,96.2,22.8,12.4,35.3,92.2,11,14.8,23.2,24.2,73.2,28.5,36,64.4,550.3,250.8,29.7,23.5,304,34.4,67,49.8,151.1,53.5,18.3,71.8,82.4,17.7,17.9,24.1,32.1,91.7,51.3,38.1,89.4,790.5,68.6,NA,NA,75.5,9.4,10.4,8.3,28.1,11,3.2,14.2,NA,11.1,4,6.9,NA,NA,8.9,10.5,19.4,185.4,37.7,NA,NA,39,2.7,3.3,3.7,9.7,4.3,0.9,5.3,NA,2.9,1.6,1.8,NA,NA,5.2,5.3,10.4,78.9,45.8,2.1,3.5,51.3,11.4,8,6,25.4,6.5,5.2,11.7,22.6,5.9,2.6,4.3,5.5,18.2,12.7,9.3,21.9,151.2,2297.6,155.3,301.5,2754.4,372.3,563.1,366.2,1301.6,487.4,216.2,703.6,885.1,237,162.2,307.4,385.7,1092.4,447.5,471.8,919.3,7656.5
33878,729.4,75.9,135.6,940.9,120.3,200.2,115.6,436.1,189.9,93,282.8,303.4,92.1,55.5,104.9,179.7,432.2,172.8,149.8,322.7,2718.1,598.2,30.5,62.9,691.6,95.5,132.3,130.1,358,130.3,46.9,177.2,207.4,50.2,40.3,89.6,62.3,242.5,84.6,106.1,190.7,1867.3,405.4,NA,NA,454.8,77.9,109.5,40.2,227.6,78.5,39.6,118.1,146.8,44.4,30.9,55.3,75.1,205.7,76.6,110.5,187.1,1340.1,158.8,13,17.9,189.7,29.2,37.9,28.5,95.7,23.5,12.5,36,96.6,11.1,16,23.1,24.2,74.4,27.5,34.3,61.8,554.2,256.2,30,24.5,310.7,37.5,66,51.7,155.2,56.6,19.8,76.4,87,19.1,18.5,24,34.1,95.6,58.8,40.9,99.7,824.6,69.9,NA,NA,76.7,9.5,10.9,7.5,27.9,11,3.5,14.5,NA,11.2,5.2,6.9,NA,NA,8.7,10.6,19.3,189.2,38.1,NA,NA,39.4,2.8,3.3,3.7,9.8,4.4,0.9,5.2,NA,2.9,1.3,1.9,NA,NA,6,4.6,10.6,79,45.3,2,3.6,50.9,10.9,7.8,5.8,24.5,8.1,5.3,13.4,22.8,5.7,2.5,4.2,5.5,18,12.2,9.6,21.8,151.4,2301.3,153.2,300.1,2754.6,383.5,568,383.3,1334.8,502.2,221.4,723.6,887.8,236.7,170.3,309.9,392.4,1109.3,447.2,466.5,913.7,7723.9
33909,725.6,74.2,136.4,936.2,122.2,200.5,111.7,434.4,194.5,94.5,289,313.2,89.2,56,105.8,183.2,434.2,170.1,149.2,319.3,2726.3,598.5,28.9,63.8,691.1,93.6,133.3,123,349.9,121.9,46.6,168.5,213.6,51.3,38.2,94.3,63,246.7,86.2,108,194.3,1864.1,407.6,NA,NA,457,73.8,110.4,42.1,226.2,76.3,41.9,118.2,154.9,46.3,33,57.8,81.6,218.8,78,112.8,190.8,1365.9,159.4,13.1,18.1,190.5,28.6,37.5,29.7,95.8,23.1,12.3,35.4,91.8,10.8,14.4,23.3,24.3,72.8,28.1,34.2,62.2,548.5,255.1,29.3,23.8,308.1,36.7,65.6,50.9,153.2,56.6,19.8,76.5,85.6,18.3,18.4,24,35.8,96.6,53.6,38.7,92.3,812.3,68.7,NA,NA,75.5,9.5,11.6,8.5,29.7,11.3,3.2,14.5,NA,11.3,4.2,6.9,NA,NA,8.4,10.5,18.8,188.4,37.3,NA,NA,38.6,2.7,3.4,3.6,9.8,4.5,0.9,5.5,NA,2.9,1.6,1.8,NA,NA,5.8,5.4,11.2,79.5,45.7,2.4,3.7,51.8,10.8,8.2,6.1,25.1,7.6,5.4,12.9,22.9,5.9,2.5,4.4,5.5,18.3,12.3,10.2,22.4,153.5,2297.8,149.5,301.4,2748.8,378,570.6,375.5,1324.1,495.9,224.6,720.4,907.4,236.2,168.3,318.4,403.5,1126.4,442.4,468.9,911.3,7738.4
33939,727.2,73.3,133.4,934,124.6,198.8,102.6,426,184.4,87.5,271.8,292.7,98.5,52.1,105.1,169.6,425.2,182,143.7,325.7,2675.4,588.3,30.7,63.3,682.3,94.7,137.5,119.7,351.9,118.5,47.2,165.7,199.5,51.2,36.1,88.3,63.4,239,87.8,109,196.8,1835.2,405.6,NA,NA,456,74.6,107.5,40.9,223.1,81.7,47.6,129.3,143.2,47.2,34.3,55.6,92,229.1,75,105.6,180.7,1361.4,163.5,15,17.8,196.3,28.7,37.1,30.4,96.3,22.1,12.8,34.9,89.1,12,14.5,24.8,25.1,76.4,26.7,33.6,60.3,553.3,248,30.1,24,302.1,37.3,62,43.4,142.8,56.3,19,75.3,81.7,17.5,16.3,23.3,32.1,89.3,53.8,37.4,91.2,782.3,67.8,NA,NA,75.3,10.2,11.1,8.5,29.7,11.4,3.1,14.6,NA,12.5,3.9,6.8,NA,NA,7.8,10.7,18.5,187.8,38.7,NA,NA,39.9,3.7,3.5,3.9,11.2,4.5,0.9,5.4,NA,3.3,1.6,1.8,NA,NA,5.9,5.3,11.2,82.8,45.7,2.4,3.7,51.8,11,8.5,7.4,26.9,7.8,5.5,13.3,22.1,6.1,2.2,4.8,5.6,18.8,12.4,10.1,22.5,155.3,2284.8,153.9,299,2737.7,384.8,566.1,356.9,1307.8,486.7,223.7,710.4,853,248.3,161,310.7,397.8,1117.7,451.5,455.4,906.8,7633.4
33970,736.8,77.2,128.3,942.3,123.2,204.1,114.4,441.7,186.2,89.4,275.6,304.9,101.1,53.1,109.3,169.7,433.2,160.5,136,296.5,2694.2,617.9,30.6,65.1,713.6,99.9,135.1,140.6,375.5,120.5,50.6,171.1,224.9,48.2,35.9,91.7,61.8,237.7,90.2,110.8,201,1923.8,410,NA,NA,460.6,76.3,104.4,45.5,226.2,80.6,42.2,122.8,148.8,43.1,32,52.2,80.8,208.1,78.1,109.4,187.4,1353.9,164,13.7,18.1,195.8,29.5,36.8,31.3,97.6,22.4,12.8,35.2,93.5,11.5,15.5,22.4,25.2,74.6,29.4,32.8,62.3,559,250.3,30.9,24.1,305.3,39.3,65.2,51.2,155.6,55.1,18.5,73.7,90.1,18.3,16.7,23.2,31.6,89.9,54.6,38.5,93.1,807.6,69.7,NA,NA,77.2,11.7,11.8,8,31.6,11.7,3.3,15,NA,12.2,4.2,6.9,NA,NA,7.9,11.2,19.1,193.9,39.6,NA,NA,41,3,3.4,4.2,10.5,4.4,0.9,5.3,NA,2.8,1.6,1.8,NA,NA,6.9,5,12,83.2,47.1,2.5,3.9,53.5,10.6,8.4,5.6,24.6,7.4,5.5,12.9,23,5.3,2.6,4.8,5.5,18.3,12.1,10.5,22.6,154.9,2335.3,156.9,296.9,2789.2,393.4,569.1,400.9,1363.3,488.3,223.2,711.5,910.9,242.5,161.6,312.3,385.3,1101.7,439.7,454.2,893.9,7770.5
34001,758.8,78.8,130.1,967.7,122.3,201.8,109.1,433.2,191.1,85.2,276.4,306.9,97,51.5,112.1,167.6,428.3,170.2,136.1,306.4,2718.8,607.5,30,64.3,701.8,98.6,133,137.5,369,120.4,44.9,165.4,205.8,53.9,35.6,85.3,61.9,236.7,87.5,110.1,197.6,1876.2,415.2,NA,NA,465.4,76.7,105.3,46.6,228.6,81.7,41.5,123.2,147.5,45.7,31.5,51.2,79.6,208,77.1,107.8,185,1357.8,163,13.8,19,195.7,28.8,38.5,28.5,95.8,22.6,12.4,35,92.9,10.7,15.6,20.6,24.5,71.5,28.3,36.6,64.9,555.7,253.2,30.5,25.2,308.9,36.2,65.5,51.7,153.4,54.9,19.1,74,85.6,20.2,17.7,23.4,33.9,95.2,57.7,40,97.7,814.9,70.1,NA,NA,77.4,9.9,12,8.4,30.2,11.8,3.1,15,NA,12.8,4.1,6.7,NA,NA,8.1,11.2,19.3,192.4,39.5,NA,NA,40.8,3,3.4,4.9,11.3,4.4,0.8,5.3,NA,3,1.5,1.9,NA,NA,5.7,5.1,10.8,82.9,46.4,2.5,3.9,52.7,10.9,8.3,5,24.2,7.5,5.4,12.9,23.4,6,2.6,4.9,5.7,19.2,12.6,10.9,23.5,156,2353.6,157.3,299.5,2810.5,386.4,567.6,391.7,1345.8,494.5,212.7,707.2,886.9,249.2,160.2,306.3,383.5,1099.2,447.2,457.9,905.1,7754.6
34029,759.7,75.1,127,961.9,122,205.1,110.7,437.8,187.3,86.9,274.2,309.3,102.8,52.8,117.8,170.4,443.8,160.1,119.3,279.5,2706.4,607.6,29.6,63.4,700.5,101.6,136.6,145.7,383.8,121.7,43.7,165.4,212,55.4,36.5,94.3,61.7,248,86.2,104.4,190.5,1900.3,416.6,NA,NA,467.4,86.6,107.5,43.7,237.7,84.3,41,125.3,146.2,45.7,30.8,47.6,77.4,201.6,78.4,105.7,184.1,1362.3,170,13.2,19.4,202.5,29.9,38.1,27.8,95.8,21.5,12.7,34.2,92.5,13.6,16.2,22.7,26.1,78.5,28.7,36.4,65,568.6,251.9,31.7,24.5,308.1,39.8,71.2,51.9,162.9,51,19.6,70.6,89.1,19.8,18.4,24,35.2,97.4,59.8,39.4,99.2,827.2,69.2,NA,NA,76.7,9.6,11.1,7.6,28.3,10.2,3.3,13.5,NA,11.5,4.6,7.6,NA,NA,7.1,11.4,18.5,190.1,39.7,NA,NA,41,3.1,3.6,4.2,10.9,4.7,0.9,5.6,NA,2.7,1.6,2.1,NA,NA,5.7,4.9,10.6,82.9,47.1,2.4,3.8,53.3,10.7,10,5.4,26,7.8,5.5,13.3,23.1,6.1,2.9,5.1,5.8,19.9,11.8,10.1,21.9,157.6,2361.8,153.8,295.8,2811.4,403.2,583.1,396.8,1383.2,488.5,213.7,702.1,898.8,257.6,163.9,321.1,388,1130.7,437.7,431.6,869.3,7795.4
34060,758.4,76.7,130.1,965.1,119.7,200.4,106.8,427,178.7,85.3,264,306.7,102.7,51.3,118.7,167.2,439.8,157.3,131,288.2,2690.9,616.3,29.4,63,708.6,105.2,136.5,163.6,405.3,111.2,42.6,153.8,207.5,56.5,36.6,97.4,61.7,252.3,87.6,104.8,192.5,1920,419.9,NA,NA,470.8,72.3,108.2,41.6,222,83.7,42.4,126.1,146,45.7,31.6,46.8,81.3,205.4,78.2,102.4,180.6,1351,170.5,14.9,18.2,203.6,29.7,37.6,26.4,93.7,19.7,12.7,32.4,90.7,14.2,16.5,24.3,27.5,82.5,28.4,35.3,63.8,566.7,255.4,31.4,25.1,311.9,39,69.7,53,161.7,50.5,19.4,69.9,88,19.5,17.5,24.3,34.4,95.7,59.3,40.8,100.1,827.2,67.3,NA,NA,75.1,9.3,10.9,7.5,27.7,9.7,3.3,12.9,NA,13.9,4.8,8.3,NA,NA,7.1,12.1,19.1,192.8,40.1,NA,NA,41.4,3.1,3.7,4.3,11.1,4.6,1,5.5,NA,2.6,1.7,2.1,NA,NA,6.1,4.7,10.8,83.7,47.4,2.7,3.9,54,10.1,11.5,5.5,27.1,7.8,5.2,13,22.9,6.2,3,5.4,6,20.6,11.6,10.6,22.2,159.8,2375.1,156.9,298.4,2830.5,388.4,578.5,408.7,1375.6,465.8,211.8,677.6,889.6,261.2,163,327.3,389.9,1141.4,435.7,441.7,877.4,7792.1
34090,766.7,75.9,131.5,974.1,122,199.9,101.7,423.5,190.9,88.9,279.8,315.7,105,52.3,120.7,172.3,450.3,157.7,128.9,286.6,2730.1,611.3,28.9,62.6,702.8,104.9,135.9,159.9,400.7,122,43.7,165.8,215,53.2,36.4,98.1,61.7,249.4,91.9,106.5,198.5,1932.2,418.4,NA,NA,468.6,81.7,106.4,38.9,227,84.8,41.9,126.7,146.9,46.9,30.1,47.4,79.9,204.3,77.3,101,178.3,1351.8,171.7,14.8,18.2,204.8,30.7,36.3,25.7,92.7,22,12.6,34.6,93.8,13.9,16.4,24.9,25.5,80.7,26.9,34.5,61.4,568,263.3,31.9,25.7,320.9,39,72.8,54.8,166.5,49.3,19.5,68.8,88.6,19.4,18.7,25.9,35.5,99.5,62.7,40.9,103.5,847.9,69.2,NA,NA,76.9,9.4,10.4,7.5,27.3,10.1,3.2,13.3,NA,11.8,4.4,8.5,NA,NA,7.4,11.5,18.9,190.4,39,NA,NA,40.3,3.1,3.7,4.5,11.3,4.9,1,5.9,NA,2.4,1.7,2,NA,NA,6.1,5.2,11.3,83.8,48.3,2.6,3.8,54.7,10.1,11.7,5.6,27.4,8.5,6,14.5,24.6,6.4,3.3,5.4,6.8,21.9,11.5,9.9,21.4,164.6,2387.9,155.9,299.2,2843,400.9,577.1,398.5,1376.5,492.6,216.8,709.4,912.4,258.9,163.3,333,392.3,1147.6,441.5,438.4,879.9,7868.8
34121,758.7,76.2,132.2,967.1,120,203.1,100.8,423.9,192.3,90.3,282.6,330.7,89.4,52.2,108.6,167,417.2,155.6,136.2,291.9,2713.3,620,25.8,62.6,708.5,99.9,138.5,155.2,393.5,124.2,45.3,169.5,216.2,49.8,38.3,111.2,62.1,261.4,90.8,104.5,195.3,1944.3,416.5,NA,NA,464.7,74,110.4,35,219.4,83.1,43,126,148,49.5,29.6,48.5,80.3,208,77.3,100.1,177.3,1343.5,170.6,14.2,18.6,203.4,30.7,39.9,26,96.6,23.7,12.4,36.1,95.7,15.4,15.8,24.3,25.2,80.7,28.3,35,63.3,575.8,269,33.1,25.8,327.9,39.4,76.2,54.6,170.1,49.5,21.5,71.1,89.2,20.1,21.2,25.5,40.5,107.4,59.6,40.8,100.4,866,69.9,NA,NA,79.4,9.5,9.5,6.3,25.2,14.4,3.8,18.2,NA,10.1,5,7.2,NA,NA,8.4,10.1,18.5,194.6,37.3,NA,NA,38.5,2.9,3.5,4.5,10.9,4.8,0.9,5.7,NA,2.5,1.3,1.9,NA,NA,5.8,4.3,10.1,79.4,47.8,2.6,3.8,54.2,10.4,8.9,5.3,24.7,7.7,5.6,13.3,25.5,6.7,2.8,5.4,6.1,21,9.8,10.2,20,158.7,2389.7,153.6,300.2,2843.5,386.8,590,387.6,1364.4,499.8,222.7,722.5,931.7,243.7,166.4,332.5,394,1136.6,435.6,441.2,876.8,7875.6
34151,745.7,77.3,135.5,958.5,114.8,204.2,97.4,416.4,187.4,85.7,273.1,274.5,82.8,52.6,112.6,164.7,412.6,164.4,138.6,303,2638.1,620.6,27.6,63.3,711.4,97.9,152.1,152.1,402.2,125.8,44.1,169.9,191.2,53.9,40.1,110.6,62.6,267.2,94,108.6,202.6,1944.5,426.5,NA,NA,474.1,71.5,114.6,33.9,220.1,85.3,43.1,128.3,143.2,51.6,30.7,46.2,80.4,208.9,77.1,98,175.1,1349.7,173.9,14.6,18.5,207,30.8,41.6,25.6,98,23.2,12.1,35.3,88.3,16.1,15.8,24.2,25.1,81.2,28.9,35.2,64.2,574.1,270.4,35.5,26.4,332.3,40,82,56.2,178.3,49.7,22.3,72,85.9,19.7,21.9,26.3,41.6,109.5,58,41.4,99.5,877.5,70.8,NA,NA,80.6,9.9,9.8,6.8,26.5,10.5,3.4,13.9,NA,11.5,4.8,7.7,NA,NA,8.5,11,19.5,194.7,39.1,NA,NA,40.4,3,3.3,4.3,10.6,4.9,1,5.9,NA,3.1,1.5,2,NA,NA,5.4,4.2,9.6,81.6,48.6,2.5,3.9,55,10.3,8.7,5.5,24.5,7.7,5.6,13.3,21.1,7.4,2.7,5.4,6.1,21.6,12.9,10.2,23.2,158.6,2395.5,159.2,304.7,2859.4,378.2,616.5,381.8,1376.6,494.4,217.2,711.6,831.4,246.2,170,335,392,1143.2,449.3,447.3,896.6,7818.8
34182,741.3,79.8,128.8,950,120.5,209.3,99.5,429.3,185.1,89.6,274.7,305.5,78.9,54.4,113.5,165.4,412.2,158.2,142.1,300.3,2671.9,612.7,28.1,62.8,703.5,98.6,144.2,149.4,392.2,120.7,43.8,164.4,193.1,54.1,40.3,104.5,62.9,261.8,94.3,107.5,201.9,1916.9,423.8,NA,NA,471.6,71.4,109.6,34.1,215.2,86,43.1,129.1,146.7,51.5,31.5,47.8,81.2,211.9,75,98.5,173.5,1348.1,172.5,14.3,18.7,205.4,31.4,41.6,27.5,100.4,23.2,12.3,35.5,91.2,16,15.6,24.7,24.6,80.8,28,33.6,61.5,574.8,261.6,33.7,26.2,321.6,39.8,82,56.9,178.7,48.4,23.2,71.5,87.8,19.8,22.8,26,42.6,111.3,59.4,43.8,103.2,874.1,68.3,NA,NA,78.1,9.3,9.8,7.1,26.2,10,3.1,13.1,NA,11,4.5,8,NA,NA,8.2,11,19.3,189.6,38.9,NA,NA,40.2,3.2,3.5,4.4,11.1,4.8,0.9,5.7,NA,2.2,1.5,2,NA,NA,5.8,4.3,10,81.1,47.4,2.6,3.8,53.7,9.4,9.1,6,24.5,7.4,5.7,13.1,22.6,7.3,3,5.5,6.4,22.2,13,9.9,22.9,159,2366.5,160.3,297.3,2824.1,383.6,609.2,384.9,1377.6,485.5,221.7,707.2,873.3,240.8,173.5,331.9,394.6,1140.9,441.8,450.8,892.6,7815.7
34213,751.2,76.3,132.1,959.6,119.1,215.3,101.9,436.3,187.6,85.7,273.3,307.5,86.2,54.8,111.4,163.7,416.1,163,149.1,312.1,2704.8,619.6,27.8,63.4,710.7,97.9,144.8,147.1,389.8,114.6,42.2,156.8,205.6,54.7,38.8,115.2,59.3,268,91,103.8,194.8,1925.7,427.6,NA,NA,475.8,74.4,127.4,40.1,241.8,84.5,49.6,134.1,145.7,45.6,41.9,47.5,97.1,232.1,77.3,96.7,174,1403.6,173.4,14.5,18.3,206.2,34.1,42.7,27.2,104,24.9,12.3,37.2,92.6,17.5,15.6,26.2,24.3,83.6,29.4,32,61.4,585.1,261.6,33.3,27.4,322.3,39.8,83.9,48.5,172.1,47.1,22.2,69.3,90.7,19.6,21.8,27.8,40.8,110,59.1,49.7,108.8,873.2,71.3,NA,NA,81.2,9.6,10.2,8,27.8,11,3.9,14.9,NA,11.1,5.4,9.1,NA,NA,8.3,11.5,19.8,201.1,38.8,NA,NA,40.1,3.3,3.5,4.2,11,5.5,1.1,6.5,NA,3,1.9,2,NA,NA,5.3,4.2,9.5,83.1,49.3,2.6,4.1,55.9,9.7,9.1,4.7,23.5,7.5,5.7,13.2,23.2,7,3.1,5.3,6.2,21.5,12.5,10.7,23.2,160.6,2392.7,156.3,302.9,2851.8,387.7,636.9,381.7,1406.4,482.7,222.7,705.4,892.4,244.7,183.2,344.6,405.1,1177.6,445.9,457.7,903.6,7937.1
34243,752.5,77.6,132.2,962.3,119.7,236.1,99,454.8,191,85.5,276.5,313.7,89,57,120.3,168.1,434.5,167,153.6,320.6,2762.4,618.5,27.7,62.9,709.1,95.4,148.2,145.2,388.8,112.5,40.4,152.9,206.9,55.3,41.6,116.8,59.2,272.9,92.7,100.1,192.8,1923.4,432.6,NA,NA,480.4,81.2,119.4,41.3,241.9,82.9,49.2,132.1,149,43.9,41.2,49.1,98.5,232.6,79.6,98.7,178.3,1414.5,174.1,14.9,17.7,206.8,32.4,42.3,29.4,104,24.1,12.4,36.5,91.8,17.7,15.9,25.4,24.7,83.7,33,30.9,64,586.8,262.4,33.5,26.2,322.1,37.6,75.6,54.3,167.5,45.7,22.2,67.9,90.2,18.7,21,27.5,40.8,108,59.8,45.5,105.3,861,71.3,NA,NA,81.2,10.1,10.5,8.5,29.1,10.8,3.7,14.5,NA,11.9,5.5,9.1,NA,NA,8.8,11.1,19.9,202,38.7,NA,NA,40.1,3.5,3.3,4.2,11,5.4,1,6.4,NA,2.5,1.7,2,NA,NA,5.2,4.6,9.8,82.4,49.4,2.4,4.1,56,10.4,9.2,4.6,24.2,7.6,5.2,12.7,23.2,7.6,3,5,5.5,21.2,15.2,10.9,26.1,163.3,2399.6,157.9,300.3,2857.8,390.4,644.5,386.5,1421.4,479.9,219.6,699.5,901.5,246.6,186.9,355.2,410,1198.6,461.3,455.5,916.8,7995.8
34274,772.5,78.9,132.6,984,123.7,217.3,97.4,438.4,188.1,90,278.1,312.7,89.2,57.6,119.3,175.2,441.3,175.4,154,329.4,2783.9,626.4,27.8,64,718.2,105.2,153.7,149.1,407.9,116.4,44.6,161,207.4,57.2,44.2,122,61.6,285,98,102.3,200.3,1979.7,432.1,NA,NA,481.2,83.4,126.8,43,253.2,84.6,52.4,137,146.3,42.4,41.7,50.5,102,236.6,77.6,99.8,177.5,1431.8,177.7,14.5,18.1,210.3,32.5,43.8,30.5,106.8,25.1,12.9,38,92.7,17.5,16.2,26.2,25.8,85.6,34.4,34.4,68.8,602.2,261.6,33,27.1,321.7,38.3,80.9,53.9,173.1,48.6,22.8,71.4,92.4,19.7,20.9,26.6,42.1,109.3,60.5,49.3,109.7,877.7,72.9,NA,NA,82.9,10.3,11,9.2,30.4,12.2,4,16.2,NA,11.3,5.6,9.7,NA,NA,9.2,11.6,20.7,208.3,39.5,NA,NA,40.9,4,3.5,4.8,12.3,6.1,1,7.1,NA,2.6,1.6,2.1,NA,NA,5.8,4.9,10.7,86.3,50.1,2.4,4.1,56.6,10.8,9.2,5,25,7.8,5.5,13.3,23.1,7.4,3,5.3,6.1,21.8,13.2,10.9,24.1,164,2432.9,158.4,304.5,2895.8,408.1,646.2,392.9,1447.2,488.8,233.2,722,901,247.2,190.9,361.6,426.8,1226.5,474.1,467.2,941.3,8133.8
34304,767.3,80.6,135.6,983.5,136.8,203.3,118.6,458.6,186.7,94.8,281.6,310.1,79.3,56.3,139.2,179.8,454.6,178.1,152.1,330.2,2818.5,611.7,28,65.2,704.9,94.7,149.8,128.9,373.3,113.6,41.5,155.1,200.7,55.8,38.8,116.3,59.2,270.1,94.7,106,200.7,1904.9,442.1,NA,NA,489.7,86.5,128.4,44.4,259.3,85.6,58,143.7,144.9,52.4,41.8,48.1,112.7,254.9,83.4,100.7,184,1476.6,178.9,14.5,17.6,211,33.3,43.6,26.4,103.3,24.3,13.1,37.4,91.5,15.3,16.2,25.2,25.2,81.8,32.2,35.6,67.9,592.9,265.4,31.8,27.2,324.5,40.7,88.9,53.4,183,55.6,24.2,79.8,88.1,21,22.9,26,44.6,114.4,62.3,50.3,112.6,902.3,72.4,NA,NA,81.7,10,10.8,7.2,28,9.7,3.8,13.5,NA,10.6,5.5,10.1,NA,NA,9.6,11.4,21,201.8,39,NA,NA,40.4,3.5,3.4,4.4,11.3,4.7,0.9,5.7,NA,2,1.6,2,NA,NA,5.1,5.7,10.9,82.8,49.9,2.3,4.6,56.8,9.7,9.4,7.5,26.6,8.3,6.1,14.4,22.8,7.9,3.1,5.8,6.8,23.6,18.2,11.7,29.9,174,2426.8,159.2,306.6,2892.5,415.1,637.4,390.9,1443.5,488.5,242.6,731.1,884.9,244.2,186.1,372.6,441.6,1244.5,483.5,473.6,957.2,8153.7
34335,773.7,82,146,1001.7,137.4,208.7,120.7,466.8,191.1,87.1,278.1,305.6,84.1,57.4,127.2,171,439.7,170.8,164.5,335.3,2827.2,615.5,27.4,67.1,710,93.7,149.1,122.2,365,109.6,41,150.6,205.2,57.3,36.1,116.8,59.7,269.8,84.9,103.9,188.7,1889.3,422.9,NA,NA,466.2,83.4,132.5,40.6,256.5,85.8,48.8,134.6,145.3,49.5,38.8,53.2,93.3,234.8,89.8,104.2,194,1431.4,173.3,13.7,18,204.9,32,48.1,30.9,111,23.2,13.2,36.4,90.2,16.8,18.7,24.1,27.2,86.7,35.1,35.2,70.3,599.4,255.4,31.4,26,312.8,39.9,86.6,58.2,184.7,55.5,23.1,78.6,89.7,22.5,22.1,26.2,42.9,113.7,65.1,49.9,115,894.5,70.1,NA,NA,80.2,10.1,10.9,7.6,28.6,11.3,3.6,14.9,NA,11.1,5.8,10.5,NA,NA,8.9,11.8,20.6,202.5,38.9,NA,NA,40.3,3.5,3.4,5.2,12.1,5.4,0.9,6.3,NA,2.1,1.7,1.9,NA,NA,5.2,4.7,9.9,83.3,50.5,2.1,4.2,56.7,10.5,9.2,5.1,24.8,8.3,5.5,13.9,22.9,8.1,2.8,5.7,6,22.6,17.1,9.3,26.4,167.4,2400.3,158.5,314,2872.8,410.3,648.5,390.6,1449.5,490.2,223.3,713.4,885.9,251.5,183.4,365.7,412.6,1213.2,476.8,483.4,960.2,8095
34366,786.8,80.8,140.2,1007.8,142.1,210.3,129.7,482.1,186.8,89.6,276.4,318.2,88.8,59.3,127.7,176.9,452.8,173.7,156.7,330.3,2867.6,622,28.9,69.1,720.1,98,157.2,123.6,378.8,110.5,39.9,150.4,208.8,58.6,40.2,115.4,60.4,274.6,91.2,110.7,201.9,1934.7,440.6,NA,NA,485.7,85.8,130.8,49.1,265.6,86.2,49.8,136,150.2,52.7,39.2,52.8,93.9,238.6,88.9,104.8,193.6,1469.8,180.6,14.6,18.3,213.5,32.2,46.2,32.6,111,24.3,13.3,37.6,95.7,17.8,17.1,28,25.9,88.8,36.3,34.2,70.5,617.2,261.8,31.8,28.2,321.8,42.7,89.6,60.5,192.8,57.2,23.8,81,94.2,22.3,23.1,26.6,43.5,115.5,67.2,53.8,121,926.3,73.3,NA,NA,83.6,9.9,11.3,7.6,28.9,11.7,3.8,15.5,NA,11,5.6,9.9,NA,NA,8.5,12.4,20.9,206.1,38.9,NA,NA,40.1,3.5,3.3,5.6,12.4,6.1,0.9,7.1,NA,2.1,1.8,2,NA,NA,5,5.4,10.4,84.7,50.9,2.2,4.2,57.2,10.8,9.1,5.5,25.4,8.5,5.7,14.2,23.9,8.2,2.9,5.5,6.2,22.8,15.9,9.9,25.7,169.3,2454.9,160.2,314.7,2929.9,425,657.9,414.2,1497.1,491.4,226.8,718.2,917.6,261.5,189.2,367.9,419.8,1238.5,486.6,487.9,974.4,8275.7
34394,783,80.5,140.3,1003.8,147.3,210.8,123.3,481.4,195.4,92.1,287.5,327.1,98,58.4,130.6,177.8,464.8,182,160.3,342.3,2906.9,636.8,30.3,72.4,739.6,87.2,153.3,118.4,358.9,112.4,42.3,154.7,210.7,56.4,42.2,112.5,61.1,272.2,90.1,100.4,190.5,1926.6,440.2,NA,NA,488.4,83.5,132.2,50.9,266.5,96.1,50.8,146.9,156.2,54.5,38.5,54.2,92.7,239.9,87.7,113.2,200.9,1498.8,175.3,14.6,17.9,207.8,31.5,44.8,33.7,110,23.9,12.1,36,91.1,15.6,15.4,28.5,23.8,83.3,33.6,33.6,67.2,595.5,263.3,31.3,29,323.5,41,80.4,59.7,181.2,52.7,22.5,75.2,92,20.1,19.4,26.6,41.2,107.3,75.2,54.3,129.5,908.7,72,NA,NA,81.8,10.5,10.9,7.9,29.3,12.2,3.6,15.8,NA,10.6,4.9,11,NA,NA,9.2,11.9,21.2,204.5,36.2,NA,NA,37.7,3.4,3.5,5.8,12.7,5,1,6,NA,2.3,1.7,2.6,NA,NA,5.4,6.2,11.6,84.1,51,2.6,4.4,58.1,11,8,5.6,24.5,7.8,6,13.8,24.2,7.6,3.4,4.3,6.7,22,16.7,10.2,26.9,169.5,2457.9,161.2,321.5,2940.7,415.4,643.9,405.3,1464.6,505.6,230.2,735.8,928.9,265.2,183.9,370.2,414.9,1234.3,500,490.1,990.1,8294.3
34425,782.3,78.4,139.1,999.8,151.7,210,130.1,491.7,199.5,88.1,287.6,311.1,99.2,55.2,122.7,171.5,448.6,184.9,154.3,339.2,2878.1,633.4,30.1,62.2,725.7,88.9,153.6,113.3,355.9,109.7,42.2,151.9,208.6,58.5,44.1,116.6,61.1,280.3,89.7,94.4,184.1,1906.5,438.9,NA,NA,491.3,87.4,131.6,51.3,270.3,93.4,50,143.4,151.1,52.9,36.6,58,93.8,241.2,87.5,118,205.5,1502.9,177.3,14.3,18.4,210.1,31.8,45.9,29.6,107.3,27.4,12.7,40,93.7,15.4,15.4,28.6,23.9,83.3,32.8,32.8,65.6,600.1,253.5,30.9,30.9,315.3,42.7,83.3,56.9,182.8,53.1,23.6,76.7,90.7,19.4,23,26.2,43,111.6,66.2,54,120.2,897.4,69.3,NA,NA,79,11.8,11.1,7.7,30.6,13.1,3.5,16.6,NA,11.2,4.6,11.3,NA,NA,9.3,11.1,20.5,202.7,37.3,NA,NA,38.7,3.1,3,6,12.2,4.5,1.1,5.6,NA,2.4,1.7,2.3,NA,NA,5.8,6.1,12,84.5,50,2.3,4.6,56.9,10.7,8,5.5,24.2,7.6,5.7,13.3,23.3,7.7,2.9,3.7,6.6,20.9,15.9,9.8,25.7,164.4,2442,157.8,317,2916.8,428.1,646.5,400.5,1475,508.3,226.9,735.2,905.5,266.7,183.6,369.3,411.5,1231.1,492.3,480.5,972.9,8236.5
34455,794.4,79.8,138.6,1012.8,150.6,219.2,132.8,502.6,188.9,88.5,277.4,321.6,100.4,56.2,127,174,457.7,182.3,153.9,336.2,2908.3,637.1,29.8,62.7,729.6,89.2,159.7,115.9,364.8,109.1,42.1,151.2,218,60.5,45,115.7,62.6,283.9,89.5,97.3,186.8,1934.3,440.4,NA,NA,491.5,86.7,132.4,54.3,273.4,90.5,50.9,141.5,155.4,53,37.4,57.7,93.2,241.3,84.7,120.4,205.1,1508.2,177.6,14,18.9,210.5,31,44.6,29.3,104.9,24,12.9,36.9,93.6,15.7,15.8,29.3,24.3,85.1,35.4,31.7,67.1,598,261.7,31.1,31,323.8,44.1,83.9,55.8,183.8,53.9,24.2,78.1,94.8,20,22.7,26,44.2,112.9,62.6,56.7,119.3,912.8,72.9,NA,NA,82.4,11.5,11.4,7.4,30.3,13.5,3.7,17.2,NA,11.1,5.1,10.5,NA,NA,8.8,11.2,20,207,37.9,NA,NA,39.3,3.2,3.4,5.7,12.3,4.4,1,5.4,NA,2.4,1.8,2.3,NA,NA,5.9,6.1,12,85.4,51.5,2.3,4.4,58.2,12,8.4,5.1,25.6,7.3,5.6,12.9,24.1,7.9,3,3.7,6.4,20.9,15.9,9.7,25.6,167.3,2473.4,158.9,315.6,2948,428.3,663.2,406.4,1497.9,491.6,228.9,720.6,935.5,271,187,372.3,416.9,1247.2,485.2,486.9,972.1,8321.2
34486,796.5,83.7,134.3,1014.6,148.8,216.7,131.7,497.2,180.7,91.3,272,328,105.4,58,122.3,177.2,462.9,189.7,155.6,345.4,2920.1,644.3,29.9,63.7,737.9,93.5,164.1,115,372.6,99.8,41.3,141.1,213.3,62.5,47.1,116.6,63,289.1,85.3,102.6,187.9,1941.9,449.5,NA,NA,498.6,87.4,132.1,55.6,275,89.6,50.2,139.8,155.8,54.2,37.9,58.1,93.9,244.1,87.7,118.8,206.4,1519.8,177.8,14,18.6,210.4,31.5,46.5,30.9,108.9,24.3,12.5,36.8,95.9,15.9,15.9,29.3,23.6,84.6,33.9,29.7,63.7,600.2,262.2,31,31.3,324.5,41.9,85.8,55.9,183.7,55.2,26,81.1,95.6,19.9,26,26.5,49.2,121.4,64.4,56.7,121.1,927.5,72.8,NA,NA,82.2,11.7,12.1,8.1,31.9,11.5,3.5,15,NA,11.5,4.7,10.6,NA,NA,9.1,10.9,19.9,204.8,36.9,NA,NA,38.3,3.3,3.7,5.8,12.9,4.5,1,5.6,NA,2.4,1.9,2.3,NA,NA,5.9,5.7,11.5,84.7,51.3,2.3,4.2,57.9,9.8,7.7,5.1,22.7,6.8,5.5,12.3,24.2,7.8,3.1,3.9,6.4,21.2,16.6,10.6,27.2,165.5,2491.3,162.8,310.2,2964.2,427.8,668.7,408.3,1504.8,472.4,231.4,703.8,939.7,279.6,194.5,369.5,425.3,1268.9,492.6,490.6,983.1,8364.4
34516,815.8,84.7,133.1,1033.6,144.7,218.1,135.2,498,183.7,85.3,269,298.4,103.6,58.9,124.7,176.3,463.4,202.1,159.6,361.7,2924,648.4,28.5,64,740.8,91.4,162.9,112.4,366.8,104.7,41.2,145.9,192,64.6,48.9,116.2,66.8,296.5,92.2,107.1,199.3,1941.3,457,NA,NA,503.7,89.1,123.7,57.9,270.7,91.5,52,143.5,149,55.6,38.6,61.3,91.5,247,96.8,120.6,217.4,1531.3,180.1,14.5,18.1,212.7,33.4,44.3,28.2,106,24.2,13.3,37.5,89.2,15.1,16.7,29.3,25.2,86.4,35.8,34.4,70.2,601.8,268.1,33.9,30.3,332.3,41.6,82.2,52.4,176.2,55.6,24.3,79.9,86.1,21,24.2,28.2,44.6,118,72,58.9,130.9,923.4,72.5,NA,NA,81.6,10.9,11.2,7.7,29.8,12.1,3.7,15.8,NA,10.3,5.1,10.9,NA,NA,9,10.3,19.2,202,39.1,NA,NA,40.5,3.5,3.9,6.1,13.5,4.8,1.1,5.9,NA,2.6,2,2.5,NA,NA,5.7,6.5,12.2,89,50.4,2.5,4.2,57.1,10.7,9.1,5,24.8,6.8,5.8,12.6,23.1,7.1,3.3,3.7,6.7,20.8,16.3,9.1,25.4,163.7,2531.3,166,305,3002.3,425.3,655.5,405,1485.7,483.3,226.7,710,864.6,279.9,197.7,376.8,423.3,1277.7,529.7,506.5,1036.2,8376.6
34547,812.9,85.1,138.2,1036.2,165,254.8,131.4,551.2,189.3,92.3,281.6,323.5,94.2,61.7,127.8,182.3,466,206.4,159,365.4,3024,654.6,27.9,64.7,747.2,91,169.2,117,377.1,108.3,43.3,151.6,216.8,67.2,50.5,115.4,68.5,301.5,94.5,106.8,201.3,1995.5,458.8,NA,NA,506.9,88.4,127.7,58.1,274.3,94.1,53.9,148,156.7,55.5,37.9,60.6,98.1,252.1,97.2,120.6,217.8,1555.7,179.5,14.7,18.3,212.5,33.3,45,26.6,104.8,25.6,13.5,39.1,95.1,14.8,17.1,30.5,25.5,88,35.6,34.5,70.1,609.5,272.8,32.1,30.9,335.8,40.8,77.5,52.4,170.7,58.9,23.1,81.9,92.6,20.8,23.1,29.3,41.5,114.6,67.7,55,122.7,918.3,73.9,NA,NA,83.1,11.4,12.2,7.5,31.2,12.1,3.7,15.7,NA,10.5,5.3,10.4,NA,NA,9.2,10.4,19.5,204.7,39.2,NA,NA,40.6,3.3,3.7,6,13.1,4.8,1.1,5.9,NA,2.7,2.1,2.4,NA,NA,7.8,6.9,14.7,91.6,52.4,2.3,4.1,58.7,12.1,11.1,5.5,28.7,7,5.9,12.9,23.8,7,3.5,3.6,6.8,20.9,17.3,9.8,27,172.1,2544.2,164,312.8,3021,445.4,701.3,404.4,1551.1,500,236.8,736.8,935.9,272.7,201.2,379.9,434.4,1288.2,535.6,502.9,1038.5,8571.5
34578,824.3,88.1,142.5,1054.9,154.2,217.8,134.6,506.7,193.3,95,288.3,331.3,96.7,53.2,122.5,191.6,464,200,160,359.9,3005.1,655.5,27.9,65.9,749.2,92.1,172.4,117.8,382.3,109.1,43.1,152.2,221.1,66.1,47.4,116.4,69.8,299.7,96.2,110.8,207,2011.4,463.7,NA,NA,511.5,88,129,56.8,273.8,92.8,53.2,146,157.5,57,38.8,59.8,98.2,253.8,97.8,123.9,221.7,1564.3,180.2,15,18.1,213.3,33.7,46.5,27.8,108,28.2,13.6,41.8,96.3,13.5,17.2,30.8,25.7,87.2,36.2,34.1,70.3,616.9,274.2,32.9,31,338.1,44.3,79.5,50.9,174.6,61,24.4,85.4,96.5,20.4,23.9,32,43.6,120,72.8,54.3,127.1,941.6,72,NA,NA,81.2,10.9,12.5,7.3,30.8,11.3,3.4,14.7,NA,12,5.1,10.2,NA,NA,9.3,10,19.3,202.5,39.5,NA,NA,41,3.2,4,5.9,13.2,4.7,1.1,5.8,NA,2.6,2,2.4,NA,NA,6.7,6.9,13.6,90.8,53.3,2.4,4.2,59.9,11.4,8.9,5.7,26,7.3,6,13.3,24.3,7.1,3.3,3.6,6.8,20.9,16,9.5,25.5,170,2562.7,168.2,318.3,3049.2,437.9,670.6,406.9,1515.4,507.8,239.7,747.5,954.3,275.3,191.1,377.7,447.6,1291.8,534.9,509.5,1044.4,8602.5
34608,808.3,90.9,153.3,1052.6,154.2,238.5,134.4,527,190.6,98.2,288.8,324.5,92,54.7,122,203.3,472,192.9,144.9,337.8,3002.6,650.6,28.7,71.8,751.1,75.7,172.3,117.3,365.3,111.6,44.3,155.9,220.1,70.7,45.3,115.3,78.9,310.2,105.9,119,224.8,2027.5,480.7,NA,NA,531.4,79.8,124.2,56.7,260.7,95,53.9,148.9,164.5,59.9,40.7,59.5,97.9,258,99,128.1,227.2,1590.7,182.1,14.7,17.7,214.5,34.2,48.5,25.9,108.6,27.3,14.1,41.4,95.2,13.7,19.3,30.2,25.7,88.9,35.2,37.5,72.6,621.1,272.8,32.9,31.4,337,46.1,75.8,48,169.9,58.4,23,81.3,94.9,21.3,24.1,30.8,41.4,117.7,68.5,55.8,124.2,925.1,70.6,NA,NA,80.2,10.9,11.6,6.9,29.4,11.4,3.3,14.7,NA,10.3,4.7,9.9,NA,NA,9.6,11,20.6,199.1,43.5,NA,NA,45,3.2,4.1,6.2,13.5,4.9,1.1,6.1,NA,3.2,2,2.5,NA,NA,6.3,7.1,13.4,96,54.9,2.5,4.6,61.9,13.8,8.9,6.1,28.8,7.2,6.3,13.5,23.7,7,3.4,3.7,7.8,21.9,14.7,9.2,23.9,173.7,2563.4,171.6,338.7,3073.6,417.8,683.9,401.4,1503.2,506.3,244.3,750.6,950.1,278.3,194.3,373.9,467.3,1313.8,532,512.5,1044.5,8635.8
34639,807.5,94.2,150.7,1052.4,155.9,246.7,131.9,534.5,190.1,94.8,284.9,319.3,92.4,53.9,121.6,185.2,453.1,206.8,147,353.8,2998.1,651.6,28,68.4,748,80.1,177.2,115.7,373,106.9,44.3,151.2,208.6,70.1,45.4,114.4,73.9,303.8,98,118.8,216.8,2001.5,480.9,NA,NA,531.5,80.6,122.9,58.4,261.9,95.5,52,147.5,156.6,64.5,39.3,57.7,95.1,256.7,91.7,129.3,220.9,1575.1,181.7,14.9,17.1,213.7,36.5,48.8,24.9,110.3,26.6,13.9,40.5,92.8,14.4,18.5,31,25.3,89.1,33.5,36.7,70.3,616.8,276.3,33.3,31.1,340.7,48.1,79.2,47.5,174.7,63.6,22.8,86.4,92.2,21.4,24.8,31.1,39.5,116.9,69.3,56.4,125.6,936.6,70.4,NA,NA,80.2,10.1,11.7,6.4,28.2,10.6,3.1,13.8,NA,10.3,4.6,9.9,NA,NA,9.3,11.1,20.5,196.6,41.1,NA,NA,42.7,3.5,4,5.9,13.5,5.1,1.2,6.3,NA,3.3,2.2,2.3,NA,NA,6.1,6.8,13,93.6,54.9,2.4,4.5,61.8,11.2,8.7,5.9,25.8,7.4,6.1,13.5,22.9,7,3.6,3.6,7,21.3,15.6,9.1,24.7,169.9,2564.4,174.8,331.8,3071,426,699.3,396.6,1521.9,505.7,238.3,744.1,919.6,283.5,192.3,371.7,438.5,1286,530.3,515.3,1045.6,8588.1
34669,815.2,92.7,154.5,1062.4,152.7,246.1,125.5,524.3,187,93.5,280.5,320.7,87,55.2,120.2,182.4,444.7,201.1,152.7,353.9,2986.5,671.1,27.8,70.1,769,77.2,183.3,114.4,374.9,114.3,43.3,157.6,210.1,68.7,50.9,114.9,76,310.5,92.8,118.3,211.1,2033.1,481.1,NA,NA,532.5,79,116.7,57.3,253.1,88.9,50.3,139.2,157.8,67,40.2,59.6,93.9,260.7,94.2,132.5,226.8,1570.1,185.8,14.4,18.3,218.5,32,47.7,24.4,104,29.1,13.1,42.2,94.5,14.9,18.7,31.6,25,90.1,34,36.9,70.9,620.2,277.5,33.6,30.6,341.8,46.9,82.3,44.9,174.1,57.6,21.7,79.3,92.6,21.3,25.3,30.4,38.5,115.5,65.6,53.6,119.3,922.6,71.5,NA,NA,81.3,9.9,14.3,7.3,31.5,10.4,3.2,13.6,NA,9.3,5.6,9.8,NA,NA,9.2,11,20.2,200.2,40.9,NA,NA,42.8,3.3,3.8,5.8,12.9,4.9,1.2,6,NA,3.6,1.9,2.6,NA,NA,5.6,6.7,12.3,92.5,54.8,2.3,4.5,61.6,12.2,9.1,5.2,26.5,6.8,5.7,12.5,23.2,7.2,3.8,3.6,6.6,21.1,16.3,9.2,25.5,170.4,2597.9,173.1,338.8,3109.8,413.3,703.3,384.6,1501.3,499,232,731,925.5,279,201.5,372.6,435.1,1288.2,518.9,520.9,1039.8,8595.6
34700,812.1,93.8,159.9,1065.7,148.1,241.6,130.4,520.1,195.4,94.3,289.7,317,85.2,54.3,124.3,190.7,454.5,220.5,157.8,378.2,3025.2,664.1,29.1,75.3,768.6,81.6,192.2,116,389.8,117.1,45.9,162.9,207.2,64.8,50.4,114.5,77.2,306.9,99.4,119.7,219,2054.4,494.1,NA,NA,546.9,73.1,124.4,60.2,257.7,95,50.6,145.6,152.8,66.8,42.8,57,97.3,263.9,90.4,125.2,215.6,1582.4,187.5,13.5,18,219,39.1,47.6,25.4,112,28,13,41,89.2,15.5,18.3,33,25.3,92.1,32.5,38.7,71.2,624.5,275.4,35.8,37.6,348.8,44.9,88.7,48.9,182.5,56.2,22.8,79,92.7,21.2,26.9,30.3,39,117.4,66.4,48.9,115.4,935.8,70.4,NA,NA,80.1,12.6,11.8,9.1,33.5,9,3.2,12.3,NA,9.6,4.6,9.5,NA,NA,10.7,10.5,21.2,200.7,40.2,NA,NA,41.8,3.4,4.3,6.3,14,5.6,1.2,6.9,NA,3.8,2,2.5,NA,NA,5.7,7.2,12.8,94.3,54.2,2.9,4.8,61.9,11.5,8.8,5.9,26.2,7.3,5.5,12.8,22.8,7.5,3.6,3.1,5.8,20,14,9.6,23.7,167.3,2598,177.1,357.7,3132.9,414.2,719.4,402.1,1535.8,513.7,236.4,750.1,909.4,274.4,202.8,374.2,448.2,1299.6,539.6,517.5,1057.1,8684.8
34731,807.1,94,166.9,1068,157.3,237,131.2,525.5,194.7,98.6,293.3,332.7,82.1,50,122.3,188.1,442.5,219.3,161,380.3,3042.4,680.7,28.6,71.3,780.6,82.2,200.3,122.5,404.9,113.3,49.4,162.7,213.2,68,50.5,117.8,81.8,318.1,105.7,121.3,227,2106.5,501.8,NA,NA,555.6,72.1,128,62.7,262.8,95.7,53.2,148.8,162.7,63.4,41.3,57.6,101.9,264.3,85.3,124.7,210,1604.2,190.3,16.7,19,226,35.7,49.5,25.6,110.9,29.2,14,43.2,92.9,16.1,18.2,33.1,26.5,93.9,33.8,37.1,70.9,637.8,282,32.9,37.4,352.3,45.3,79.3,50.4,174.9,58.1,22.8,80.9,93.8,18.3,24.3,28.8,38.7,110.1,63.7,51.4,115.1,927.2,71.8,NA,NA,81.6,11,13,9.3,33.3,10.3,3.5,13.7,NA,9,5.2,9.5,NA,NA,10,10.5,20.5,202.9,41.1,NA,NA,42.8,3.5,4.3,6.3,14.1,5.7,1.4,7.1,NA,3.8,2,2.6,NA,NA,5.5,7.4,12.8,96,56.4,3.2,5.1,64.6,12.1,8.7,5.6,26.4,7.7,5.6,13.4,23.7,7.5,3.5,3.6,6.2,20.8,16.2,10.4,26.6,175.5,2631.2,177.3,363,3171.6,419.2,720.2,413.6,1552.9,514.7,248.4,763.1,946,268.3,195,375.3,456.9,1295.5,539.5,523.8,1063.3,8792.4
34759,824.3,94,165.1,1083.3,157.1,235.3,132.4,524.8,200.4,97.4,297.9,330.2,79.6,53.2,126.8,188.5,448.1,225.1,164.3,389.4,3073.7,669.1,28.7,70.2,768,81.7,202.4,120.4,404.5,105.7,49.9,155.6,216.6,68.9,51.1,117.8,85.4,323.3,108.6,123.5,232.2,2100.2,505.2,NA,NA,559.3,73.3,126.3,66.6,266.1,95.6,52.4,148,161.5,59.8,43.8,57.5,101.5,262.6,83.2,132,215.2,1612.8,189.9,14.2,19.1,223.3,35.9,49.8,26.8,112.5,28.7,14.3,43,99.9,15.1,18.8,33.9,26.8,94.6,34.3,36.2,70.4,643.7,279.6,33.5,38.2,351.3,47.2,80,51.6,178.8,58.7,22.7,81.3,87.8,19.5,24.7,29.5,40.3,113.9,63.7,53.8,117.6,930.7,73,NA,NA,83.7,10.8,13.5,9.8,34.2,10.7,3.4,14.1,NA,9.6,4.9,9.5,NA,NA,10.3,10.5,20.8,206.9,42,NA,NA,43.7,4.1,4.1,6.5,14.6,6,1.3,7.3,NA,3.7,2.1,2.5,NA,NA,6.1,7.3,13.5,97.9,56,2.7,5.4,64.1,12.1,9.2,5.4,26.7,7.6,5.7,13.3,24.2,7.5,3.5,3.6,6,20.6,17.2,10.1,27.3,176.1,2639.3,175.2,362.3,3176.8,422.1,720.7,419.4,1562.2,513.4,247.2,760.6,947,263.8,202.1,381.1,462.3,1309.3,548.6,537.7,1086.3,8842.2
34790,834.6,95.9,164.5,1095.1,154.7,243.1,128.7,526.5,214.4,100.9,315.3,334.4,73.9,54.8,132.7,192,453.4,225.5,168.4,393.9,3118.6,681.3,28.9,72.8,783.1,80.2,204.2,120.4,404.8,108.5,52.5,161.1,220.8,71.1,52.6,116.8,91.5,332,103.7,126.5,230.3,2132,513.8,NA,NA,568.3,72.2,135.5,68.9,276.6,97.4,51.9,149.3,165.9,59.3,51.5,55.3,98.2,264.3,87.6,130.7,218.3,1642.7,191.7,14.9,19,225.6,37.1,53,28.6,118.7,29.4,14,43.3,95,16.1,19.4,34.5,27.2,97.2,32.2,37.2,69.4,649.3,284.3,29.8,40.7,354.8,44.8,81.6,52.5,178.8,59.5,22.5,82,97.5,19.2,25.2,29.5,38.2,112.1,61.7,57,118.7,944.1,74.8,NA,NA,83.1,10.7,16.8,8.8,36.4,12,3.6,15.5,NA,9,5.3,9.4,NA,NA,9.9,11.2,21.1,211.8,42.5,NA,NA,44.2,3.4,3.7,6.3,13.4,6.4,1.3,7.7,NA,3.2,2.1,2.5,NA,NA,5.8,7.5,13.3,97.3,56.8,2.5,5.6,64.9,11.9,9.3,5.1,26.3,8.1,5.6,13.7,24,8.9,3.4,3.8,6,22.1,16.7,9.8,26.5,177.5,2679.9,174.2,365,3219.1,415,747.3,419.3,1581.7,535.6,252.3,787.9,966,260.8,214.2,384.6,467.3,1327,543.2,548.3,1091.5,8973.2
34820,845.8,93.7,164.9,1104.4,158.1,249.9,115.5,523.5,190.7,100.4,291.1,326.5,81.5,56.8,132.1,189.2,459.6,235.8,172.4,408.1,3113.2,690.3,30.5,75.4,796.1,80.6,213,117.1,410.6,99.6,49.6,149.1,213.8,73.8,56.3,120.6,88.9,339.6,101.8,126.7,228.5,2137.7,532.2,NA,NA,587.1,73.8,133.7,69.5,276.9,94.1,52.9,147,161.2,61.3,48.6,56.8,102,268.7,88.2,128.8,217,1657.9,192.8,16.2,19.2,228.2,37.4,55.8,29.1,122.3,28.6,14,42.6,95.5,16.7,21,34.5,27.8,100.1,32.3,39.5,71.9,660.5,286.8,30.4,39.5,356.7,45.8,86,55,186.8,60.8,22.6,83.5,97.2,19.6,24.9,30.3,39.4,114.2,61.8,58.7,120.5,958.9,75.7,NA,NA,84.1,11.2,16.3,8.7,36.2,10.2,3.6,13.9,NA,9.8,5.1,10,NA,NA,10.9,11,21.9,212.1,43.8,NA,NA,45.5,4,4,6.5,14.4,6.7,1.4,8.1,NA,3.7,2,2.5,NA,NA,6.4,7.5,13.9,100.9,57.8,2.5,5.8,66.2,11.6,9,4.4,25,7.3,5.6,12.9,22.9,8,3.2,4.2,5.9,21.3,16.8,9.6,26.4,174.6,2725.1,175.4,367.7,3268.2,422.4,767.7,405.7,1595.7,498.1,250.2,748.2,944.7,274.6,217.8,391.1,467.4,1350.8,554,554.2,1108.1,9015.9
34851,857.2,95.6,164.2,1117,159.6,235.5,134.6,529.7,199.6,104.2,303.7,329.1,78.9,55.3,135.3,194.3,463.8,229.7,168.2,398,3141.3,688.8,31.1,74.3,794.2,78.4,221.2,128.3,427.9,102.9,51.3,154.2,219.2,76.8,59.3,114.8,90.5,341.4,104,127.8,231.8,2168.7,531.4,NA,NA,587,80.6,148.3,74.6,303.6,102.7,54.3,157.1,165,62.1,50.6,57.3,103.3,273.2,87.2,129,216.2,1702.1,193.6,17.6,18.6,229.8,40.7,55.8,29,125.5,27.5,14.5,42,94.7,16.3,19.9,35.9,27.6,99.8,31.6,38.2,69.7,661.5,287.6,30.7,41.6,359.9,44.9,82.6,54.5,182,59.4,21.5,80.9,96.6,19.3,26,30.6,37,112.8,61.7,61.6,123.3,955.5,75.4,NA,NA,83.8,11.8,16.1,9.4,37.3,10.4,3.8,14.1,NA,9.7,5.2,9.9,NA,NA,11,11.6,22.6,213.7,43.9,NA,NA,45.5,3.9,4.1,6.6,14.5,7.1,1.4,8.5,NA,3.8,2.2,2.5,NA,NA,6.4,7.7,14.1,102,57.7,2.7,5.9,66.3,11.5,9.5,5.1,26.2,8.3,5.7,14,24.1,7.9,3.3,4.4,5.9,21.5,15.6,9.4,24.9,176.9,2735.7,179.8,368.1,3283.6,431.4,773.1,442.2,1646.7,517.8,256.6,774.5,956.5,274.8,221.8,390.6,472.7,1359.8,547.1,553.6,1100.6,9121.7
34881,858.4,97.3,164.2,1119.9,160.5,230.3,138.5,529.3,198,107.7,305.7,331,83.7,55.9,134.4,202.7,476.7,234.8,180,414.8,3177.3,699.7,31.2,76.4,807.3,83.2,216.5,120.4,420.1,101.4,52.6,154,216.2,76.7,58.3,112.3,88.6,335.9,100.1,130,230.1,2163.4,531.6,NA,NA,587.1,72,132.4,76.1,280.4,87.7,53.2,140.9,163.5,63.7,47.1,57.5,104.9,273.2,85,126.9,212,1657.1,195.3,15.9,19.4,230.5,42.7,53.1,28.1,123.9,28.1,13.9,42,95.8,16.4,19.9,39.1,26.9,102.3,32.9,36.6,69.5,664.1,289.1,31.3,43,363.4,48.7,79.9,54.6,183.2,60.8,22.9,83.7,94.6,20.9,26.8,29.5,40.1,117.3,62.9,61.7,124.6,966.9,78.1,NA,NA,87,11.4,16.6,9.4,37.4,10.3,3.6,13.9,NA,10,5.3,9.2,NA,NA,12,12.5,24.6,218,44,NA,NA,45.7,4,4.1,6.7,14.7,6.7,1.5,8.2,NA,3.8,2,2.5,NA,NA,7.3,7.4,14.7,102,56.7,2.9,5.6,65.2,11.4,9.3,4.9,25.6,8,5.2,13.2,26.6,9.6,3.4,4.6,5.2,22.7,15.5,9.2,24.7,178.1,2752.9,180.7,372.5,3306.1,433.9,742,438.7,1614.6,501,260.6,761.6,954.5,284.8,218.6,389.2,482.7,1375.2,550.6,564.3,1114.9,9126.8
34912,871.4,98.7,169.4,1139.5,157.6,228.8,147.4,533.7,203,108.2,311.2,341.5,88.6,56.6,135.1,204.9,485.2,230.4,180.8,411.2,3222.3,702.3,31.1,77.1,810.4,80.1,208.7,122.9,411.8,99.1,51.1,150.3,227.9,74.8,56.1,116.4,85.4,332.6,97.3,135.4,232.8,2165.8,533.5,NA,NA,588.4,70.8,132.2,76.9,279.8,93.1,53.4,146.5,170.6,60.2,47.2,56.9,103.6,267.8,91,126.9,217.9,1671.1,199.3,15.9,19.7,234.9,39.2,54.7,27.9,121.9,30.1,13.8,43.9,95.4,16.8,19.6,39.9,27.3,103.6,32.3,37.4,69.8,669.5,291.7,31.3,44.9,368,51.8,77.2,54.4,183.3,61.6,25.4,87,99.7,21.8,26.5,29.6,44.5,122.4,62.2,63.7,126,986.4,76.7,NA,NA,85.6,10.5,16,9,35.6,11,3.7,14.6,NA,10.3,5.2,9.2,NA,NA,11.7,12.4,24.1,215.4,44.2,NA,NA,45.9,4.2,4,6.6,14.8,7.2,1.8,9,NA,3.6,2.1,2.5,NA,NA,6.8,7.6,14.4,104,58,2.9,5.8,66.8,11.6,8.9,4.8,25.3,8.3,5.3,13.6,23.7,8.5,3.2,4.7,5.5,21.9,14.8,9.3,24.1,175.4,2777.1,182.1,380.2,3339.4,425.8,730.6,449.8,1606.2,513.5,262.7,776.2,986.7,284.7,216.4,394.2,485.9,1381.2,546.5,573.6,1120.1,9209.9
34943,863.7,100.1,169.2,1133,167.7,233.6,139.3,540.7,198.5,112.7,311.1,320.9,87.5,57,141.4,210.2,496,245.6,185.5,431.1,3232.9,709.2,32,77.2,818.4,83.3,218.2,121.6,423.2,100.6,52.1,152.7,216.4,74.9,55.1,115.8,87.3,333.1,99.3,136.6,235.9,2179.7,543.6,NA,NA,598.2,71,131.4,79.5,281.9,95.2,54.5,149.7,157.8,65.2,47,56.6,108.3,277,85,125,210,1674.7,201.8,16.3,20.8,238.8,38.7,51.8,27.8,118.2,29,13.8,42.7,92.5,16.9,19.9,43,27.8,107.7,33,38.5,71.4,671.4,294.8,32.1,45.2,372.1,52.8,83.5,57.4,193.7,64,24,88,95.1,21.4,27.2,30.2,42.1,120.8,63.5,63.3,126.8,996.5,76.8,NA,NA,85.4,10.7,15.9,9.1,35.7,10.5,3.6,14.1,NA,9.7,5.1,9.1,NA,NA,11.9,12.6,24.6,212.3,44.5,NA,NA,46.2,3.9,4.3,6.6,14.8,6.8,1.7,8.5,NA,3.5,2.1,2.5,NA,NA,7.1,7.2,14.4,102.8,57.7,3,6.1,66.8,11.2,9.1,5.3,25.6,8.7,5.6,14.3,22.9,8.9,3.3,4.8,5.7,22.8,15.1,9.3,24.4,176.7,2792,185.7,381.4,3359,439.3,747.8,446.6,1633.7,513.2,268,781.2,931.6,288.1,216.7,403.3,494.8,1402.9,560.5,578,1138.5,9247
34973,886.9,95.4,181.7,1164,157.7,230.4,157.6,545.7,198.6,109.8,308.4,339.6,92.1,57.7,129.2,210.8,489.8,248.7,196,444.7,3292.2,702.6,28.4,77.2,808.1,84.1,201.4,124.8,410.3,101.2,49.7,150.9,215.9,71.1,53.3,116.5,81.5,322.4,90.5,140.3,230.8,2138.4,549.6,NA,NA,602.9,66.3,133.2,67.6,267.1,94.7,51.7,146.5,164.3,59.3,46.4,57.4,105.5,268.7,88.6,116.3,204.9,1654.2,202.9,15.2,21,239.1,39,52.4,26.9,118.4,30.4,12.7,43.1,96.2,17.5,20.4,44.4,26.2,108.4,33.6,37.9,71.5,676.8,294.9,33.1,47,375.1,54.9,84.4,58.1,197.4,62.2,23.8,86,95,21.1,26.9,30,40.8,118.8,70,64.9,135,1007.2,78.7,NA,NA,86.7,12.3,15.4,9.8,37.5,10.5,4,14.5,NA,9.6,5.5,9.6,NA,NA,12.3,12.5,24.9,220.3,45.4,NA,NA,47.2,4.2,3.6,6.8,14.5,7.1,1.8,8.9,NA,3.5,2.1,2.5,NA,NA,7.1,7.2,14.3,104.1,58.2,2.9,5.5,66.6,11.4,9,4.9,25.3,8.5,5.6,14.1,24.2,8.5,3.2,5.1,5.8,22.6,15.4,9.3,24.7,177.5,2819.2,177.2,393.2,3389.6,430,729.8,456.5,1616.2,513.3,259,772.3,963.5,282.7,215.5,394.8,485.5,1378.5,566.2,584.4,1150.6,9270.7
35004,886.3,97.3,192.3,1175.9,148,241.1,158.5,547.5,202.3,108.6,310.9,327.5,91,60.9,130.4,208.2,490.6,247,202.9,449.9,3302.4,706.8,31.1,79.9,817.8,81.7,202.4,127.7,411.7,101.2,49.4,150.6,221.3,70.5,49.8,117.8,79,317.1,100.2,135,235.3,2153.7,547.9,NA,NA,600.5,61.8,132,66.4,260.2,96.9,50.5,147.5,162.5,60.5,48.6,59.6,102.9,271.6,95.4,120.9,216.3,1658.6,208.2,15.8,20.9,245,36.8,52.3,27.3,116.4,31.4,12.2,43.6,92.5,18.1,20.7,41.8,25.6,106.3,35.3,38.3,73.7,677.3,292.8,34.2,48.3,375.3,52.3,86.5,59,197.9,63.1,23.4,86.5,96.3,20.9,28.1,29.8,40.6,119.3,62.6,63.6,126.3,1001.6,79.1,NA,NA,87.8,10.9,14.1,9.3,34.3,10.5,4.3,14.8,NA,9.4,5.2,9.6,NA,NA,12.8,12.2,25,219.1,46.9,NA,NA,48.8,3.9,3.5,6.7,14,7.3,1.7,9.1,NA,3.5,2.2,2.5,NA,NA,6.3,7,13.3,104.5,57.8,3,5.4,66.2,10.9,8.8,4.7,24.4,8.6,5.5,14,23.6,8.9,3.3,5.3,5.7,23.2,14.1,9.4,23.6,175,2825.9,183.7,407.7,3417.3,406.2,740.6,459.6,1606.4,521.2,255.7,776.9,951.3,282.8,218.9,396.7,478.6,1376.9,573.8,589.4,1163.2,9292.1
35034,893.7,97.2,189.7,1180.5,151.2,240,158.9,550.1,208.8,112.2,321.1,340,90.1,62,127.1,215.7,495,252.9,209,461.9,3348.6,718.4,31.5,77.2,827.2,84.4,209.4,130.7,424.5,102.6,51.2,153.8,227.9,71.7,56.8,116.8,88.4,333.7,93.6,134.5,228.1,2195.2,557.5,NA,NA,607.6,62.6,132.5,66.2,261.2,94.3,49.5,143.7,162,62,50.4,61,97.9,271.3,104.1,119.5,223.6,1669.4,207.4,15.6,21.1,244.2,36.3,52.7,28.9,117.9,33,12.6,45.6,96.7,18.1,20.6,42.7,26.5,108,34,37.5,71.5,684,294.6,34.3,45.8,374.7,59.1,91.8,59.8,210.8,60.3,26.6,86.9,99,21.6,30.4,29.3,47.4,128.6,61.6,58.4,119.9,1019.9,78.2,NA,NA,86.7,10.8,14.8,10,35.6,9.8,4.3,14.1,NA,9.2,5.4,10.5,NA,NA,12.4,12.3,24.8,220.7,47,NA,NA,48.9,3.8,3.8,6.6,14.3,7.6,1.8,9.4,NA,3.4,2.2,2.5,NA,NA,7.2,7.1,14.4,106.4,58.6,3.1,5.4,67.1,11.9,8.5,4.9,25.2,8.7,5.6,14.3,24.3,7.6,3.4,5.3,5.6,21.9,14,9.3,23.3,176.1,2855.4,184.1,397.2,3436.8,420.1,753.5,466,1639.6,525.1,263.8,788.9,978,283.7,231.2,395.3,499.2,1409.4,579.8,587.6,1167.5,9420.2
35065,894.1,98.3,168.1,1160.5,153.3,243.8,162.4,559.4,214.1,111.5,325.5,347.5,96.6,59,123.3,215.3,494.1,258.4,215.9,474.3,3361.4,716.9,30.1,78.4,825.4,84.6,188.5,131.6,404.7,103.5,48.8,152.2,228.2,84.8,59.9,113.6,82.7,341,98.6,135.9,234.5,2185.9,550.9,NA,NA,599.9,69.3,132.9,65.2,267.4,96,50.8,146.8,165.3,58.4,49.7,64.6,98.7,271.4,92.7,123.4,216.1,1666.9,191.5,12.5,19.3,223.3,38.3,49.9,31.1,119.3,31.7,12.4,44.1,94.7,18.7,20.4,44.3,25,108.4,32.4,36.7,69,658.8,298,34.2,46.3,378.4,44.1,84,60.7,188.8,59.2,26.6,85.7,98.4,22.1,27,32.9,46.7,128.6,61.4,63.6,125,1005,78.7,NA,NA,87.1,10.9,14.6,10.8,36.3,10.3,4.2,14.5,NA,10.2,5.4,10.3,NA,NA,12.1,14.3,26.4,223,46.8,NA,NA,48.8,4,3.7,7,14.7,6.8,1.8,8.6,NA,3.3,2.1,2.7,NA,NA,7.6,7.3,14.9,106.4,57.9,3.3,5.5,66.7,11.3,9.4,4.7,25.4,9.1,5.9,15,23.9,7.5,3.6,5.2,5.8,22.1,13.3,9.8,23.1,176.2,2834.7,181.1,374.3,3390.2,415.7,726.8,473.6,1616,530.7,261.8,792.5,986.4,301.5,227.2,397,489.7,1415.4,576.4,606.8,1183.3,9383.7
35096,900,99.8,170.4,1170.3,154.2,252.1,157.8,564.2,216.8,120.2,336.9,336.7,91.6,61.3,121.6,222.3,496.9,258.8,215.2,474,3379,723,30.9,79.9,833.8,83.1,199.7,128.7,411.5,93.4,48.6,142,223.7,75.6,59.7,112.2,80.8,328.3,96.5,135.2,231.6,2170.9,564.8,NA,NA,614,68.7,130.4,66.3,265.4,93.9,49.6,143.5,162.7,53.4,51,66.6,94.1,265.1,89.5,126.5,216,1666.7,198.6,12.3,18.6,229.4,38.3,51,29.5,118.8,30.9,13.1,44,94.1,18.2,20.8,44.1,25.2,108.3,31.1,37.2,68.2,662.8,301.2,34.2,45.6,381,44.3,85.8,57.5,187.6,57.2,26.3,83.4,97.6,22.1,25.4,33.5,46.3,127.3,60.9,60.6,121.5,998.4,78.8,NA,NA,86.5,10.4,14.7,10.1,35.2,10,4,14,NA,9.3,5.4,10.3,NA,NA,12.2,13.4,25.6,218.1,47.1,NA,NA,49.1,3.6,3.5,7.7,14.9,6.5,1.9,8.4,NA,3.2,2,2.5,NA,NA,8.4,7.5,15.9,107.2,59.2,3.2,5.7,68.2,10.3,8.9,5,24.2,8.3,5.9,14.3,23.3,7.4,3.5,5.3,5.7,22,13.5,9.8,23.3,175.1,2872.5,183.1,376.6,3432.2,412.9,746.2,462.7,1621.8,516.9,269.5,786.5,966.2,280.7,229.2,396.2,489.6,1395.6,570.8,605.3,1176.1,9378.3
35125,905.4,103.4,169.1,1177.9,148.2,262.3,162.6,573.2,215.1,119.4,334.5,337.3,89.1,63.4,112.1,221.9,486.5,254.9,218.9,473.7,3383,727.7,31.5,78.6,837.9,84.9,202.4,129,416.3,96.4,48.8,145.2,220.7,71.1,60.9,111.2,80.2,323.4,95.3,138.2,233.5,2177,558.1,NA,NA,604.5,75.8,135,63.4,274.2,93.6,52,145.6,160.5,52.2,53.8,68.1,96.6,270.7,88.7,125.6,214.3,1669.8,200.3,12.4,19.2,232,39.4,52.5,30.3,122.1,28.2,12.2,40.4,94.4,18,20.5,45.2,24.9,108.7,30.9,37.8,68.7,666.2,301.1,34.2,44,379.3,43.7,80.3,58.1,182.1,59.7,26,85.7,97.4,23.8,25.4,34,46.1,129.4,59.6,59.7,119.3,993.2,78,NA,NA,86,10.8,15.6,9.8,36.1,10.2,4.1,14.3,NA,8.7,5.8,10,NA,NA,11.8,13.7,25.4,218.3,48.1,NA,NA,50.1,3.7,3.3,7.4,14.4,7.3,1.9,9.2,NA,3,2,2.5,NA,NA,8.3,7.3,15.6,108.2,60.4,3.3,5.5,69.1,10.4,9.2,5.2,24.8,8.8,5.9,14.7,23.1,7.3,3.5,5.6,5.7,22,13.9,9.9,23.8,177.5,2879.1,187.5,370.2,3436.8,416.8,760.6,465.7,1643.2,519.1,270.3,789.5,961.3,273.2,235.3,388.6,490.9,1388.1,563.3,611.1,1174.4,9393.2
35156,912.4,104.9,164.3,1181.7,157.8,260,166.1,584,213.5,118.6,332,333.5,90.5,62.3,119.1,224.4,496.3,257.4,217.9,475.3,3402.8,727.7,34,84,845.7,87.3,217,121.9,426.3,100.3,48.9,149.2,230.5,69.4,61.5,104.8,82.3,318,98.3,139.6,237.9,2207.7,562.4,NA,NA,611,61.1,128.3,64.1,253.5,90.2,50.2,140.5,160.3,51.9,53,65.4,95.2,265.5,98.2,134.6,232.8,1663.6,203,12.8,21.9,237.6,38.7,50.5,30.4,119.5,25.6,12.5,38.1,96.8,17.6,20.6,44.9,24.7,107.9,32.6,36,68.6,668.5,302.2,35.2,42.8,380.2,46.3,81,58.9,186.2,62.4,29.3,91.7,97.7,25.4,23.9,34.3,49.7,133.3,60.8,55.5,116.3,1005.5,78.1,NA,NA,87.3,9.2,15.9,10.1,35.2,10.3,4,14.4,NA,8.2,5.6,10,NA,NA,11.4,14.1,25.5,218.2,47.4,NA,NA,49.6,3.9,3.6,6.6,14.1,6.6,1.8,8.4,NA,3,2.1,2.4,NA,NA,8,7.3,15.3,106.4,60.4,3.3,6,69.7,11.4,10.7,5,27.1,8.8,6.3,15.1,24,6.8,3.6,6,5.6,22.1,14,9.9,23.9,181.9,2893.7,193.3,376,3463,415.7,767,463.1,1645.8,517.8,271.6,789.4,970.9,272.8,232.6,387.1,497.2,1389.7,580.7,615.1,1195.7,9454.5
35186,924.5,105.9,170.8,1201.1,140.9,258.6,176.3,575.7,204.4,117.2,321.7,339.6,88.4,63.6,119.6,222.2,493.9,234.9,217.1,452,3384,731.4,31.9,79.4,842.8,83.9,216.2,129.2,429.2,96.6,50,146.7,225.5,68.9,61.5,103.6,84.2,318.2,97.7,139.5,237.1,2199.6,569.9,NA,NA,618.9,65.5,138,68.3,271.9,93.8,49.7,143.5,164.3,49.2,56.8,67,92.4,265.4,88.3,127.8,216.1,1680.1,206,12.7,23,241.7,36.4,50.9,30.4,117.8,23.8,12.9,36.7,93,17.2,20.7,46.2,25.1,109.3,32,39.8,71.7,670.2,301.8,35.1,43.9,380.7,42.7,80.7,61.4,184.8,61.7,31.3,93.1,96.2,24.8,24.3,31.5,59.1,139.8,59.1,52,111.1,1005.6,77.2,NA,NA,86.2,10,15.7,10.3,36.1,10.1,4,14.2,NA,7.9,5.9,10.5,NA,NA,12.3,14.7,27,219.3,45.3,NA,NA,47.4,3.6,3.6,7.9,15.1,6.1,1.8,7.9,NA,2.9,2.1,2.5,NA,NA,8.3,7.7,15.9,105.6,60.9,3.3,6.1,70.3,10.6,9.2,5.2,25.1,8.5,6.3,14.8,23.6,6.7,3.5,5.9,5.6,21.8,14.2,10.3,24.5,180,2916.8,192.1,380.4,3489.3,393.7,772.8,489,1655.6,505.2,273.3,778.5,970.1,266,238.6,386.9,504.1,1395.6,546.6,608.8,1155.4,9444.4
35217,928.1,106.4,182.9,1217.4,152.3,263.7,177.3,593.3,208.1,117.4,325.5,344.8,92.4,65.4,121.4,224.6,503.8,246.2,213.6,459.8,3444.6,730.7,33.6,81.3,845.5,87.7,222.1,130.7,440.5,98,50.9,149,225.6,69,60.5,103.7,84.1,317.4,103,136,239,2217.1,573.9,NA,NA,623.9,70.1,136,72.3,278.4,90.9,51.4,142.3,159.4,53.4,52.6,67.6,94.4,268.1,93.1,131.1,224.2,1696.3,206,13.1,23.9,243,37,50.5,29.8,117.2,24.8,13.8,38.7,95.5,16.9,21.3,43.5,25.9,107.5,36.3,38.7,75,677,303.4,34.4,42.3,380,39.4,89.1,57,185.6,64.2,34.1,98.3,98.4,24.6,23,32.2,63.1,142.9,62,50.5,112.5,1017.7,76.7,NA,NA,85.8,11,15.2,10.7,37,10.1,4.5,14.6,NA,7.9,5.5,11.6,NA,NA,12.2,14,26.2,220.5,46.9,NA,NA,49,4,3.5,7.2,14.7,5.8,1.8,7.6,NA,2.8,2.2,2.6,NA,NA,8.4,7.6,16,105.9,61.1,3.4,6.4,70.8,11.5,9.7,5.1,26.2,8.9,6.2,15.1,25.9,6.2,3.7,6,5.7,21.7,14.2,10.4,24.5,184.1,2926.7,193.9,394.9,3515.5,413.1,789.8,490.1,1693,510.9,280.2,791,977.8,273.2,234.3,388.6,512.5,1408.5,575.3,601.9,1177.3,9563.1
35247,937.1,103.2,173.6,1213.9,153.5,261.9,189.9,605.3,220,127.3,347.4,336.1,87.8,65.7,117.8,234.2,505.4,237.7,205.2,443,3451.1,732.2,37.4,78.8,848.4,89.7,224.2,130.6,444.6,96.1,50.1,146.1,225.5,68.3,59.2,108.1,84.5,320.1,101.7,132.2,233.9,2218.6,587.4,NA,NA,637.7,67.2,152.4,67.4,287,90.2,51.9,142.1,165.8,45.8,51.8,68.3,95.8,261.7,94.1,140.6,234.8,1729,211.5,13.5,24.6,249.6,36,51.6,31.6,119.2,26.2,12.7,39,94,17.9,21.1,38.1,26,103.1,29.1,36.1,65.2,670,295.6,35.4,44.6,375.5,50.5,104,51,205.6,63.4,29.7,93.1,102.1,23.3,23.1,30.6,52,129,59,53.1,112.1,1017.4,75.6,NA,NA,84.5,9.7,14.8,9.9,34.4,10.1,4.1,14.3,NA,7.6,5.2,10.8,NA,NA,11.5,14.8,26.4,214.7,46.2,NA,NA,48.2,4,3.5,7.2,14.7,5.5,1.5,6.9,NA,2.7,2.4,2.5,NA,NA,6.9,7.5,14.5,102,60,3.4,6.6,69.9,9.6,9.9,4.9,24.4,8.8,6,14.8,23.7,4.8,3.8,5.7,5.6,19.9,13.8,9.8,23.6,176.4,2945.5,198.3,384,3527.8,420.2,822.4,492.5,1735.1,520.4,283.2,803.7,974.9,258.2,232.2,381.9,512.1,1384.5,553.9,599.4,1153.3,9579.2
35278,934.8,101.8,173.2,1209.7,149.8,260.2,172.8,582.9,213,130.3,343.3,334.2,98.4,65.9,114.4,243.7,522.4,242.9,207.3,450.2,3442.7,736.4,38,79.2,853.6,94.5,223.6,130.3,448.4,94.6,50.8,145.4,222.5,69.1,60.6,102.8,86.7,319.2,97.6,132.9,230.5,2219.5,586.6,NA,NA,637.7,67.9,143,68.4,279.2,90.8,53,143.8,166.2,44,45.9,65.9,94.6,250.3,88.5,134.9,223.4,1700.5,211.1,13.4,24,248.5,38,50,32.1,120.1,22.2,12.9,35.1,95.2,17.4,21.1,38.9,25.7,103,29.2,36.6,65.9,667.9,296.6,36.8,40.2,373.6,55.3,101.3,53.5,210.1,61.1,28.7,89.7,101.3,23.4,22.9,31,47.9,125.2,58.6,53.3,111.9,1011.9,75.4,NA,NA,84.3,10.2,13.9,10.8,34.9,10.2,4.1,14.2,NA,7.8,5.5,11.1,NA,NA,12,15.5,27.5,217.9,46.4,NA,NA,48.3,4,3.6,7.1,14.7,5.4,1.4,6.8,NA,2.7,1.9,2.5,NA,NA,6.8,7.2,14,101.1,60.5,3.6,6.7,70.8,11.2,10.9,5,27.1,9,6.1,15.1,23.9,5.4,3.9,6,5.9,21.2,14.1,10.1,24.2,182.3,2947.7,199.6,379.2,3526.5,430.9,806.4,480.2,1717.5,506.3,287.2,793.5,972.3,268.1,227.6,372.6,518.4,1386.6,549.8,597.8,1147.5,9543.9
35309,951.7,102.8,172.4,1226.9,151.9,259.1,161.1,572.2,211.8,124.5,336.3,330.9,96.5,63.6,115.7,231.1,506.8,231.6,204.1,435.7,3408.8,733.3,38.8,79.7,851.9,88.7,218.8,122.8,430.4,94.7,51.5,146.2,215.4,68.1,60.9,103.9,86.1,319,96.3,128,224.4,2187.2,594.3,NA,NA,643.7,65.7,144.9,64.4,275,91.7,54.8,146.5,162.9,42,46.2,68,97.4,253.5,93.9,136.3,230.2,1711.9,211.8,12.9,24.7,249.4,34.6,50.2,31.3,116.2,22.1,12.8,34.9,92,18,20.5,36.1,26.2,100.8,30.2,36.8,67,660.3,298.2,35.9,39.3,373.5,50.9,92.3,50.6,193.7,58.3,27.2,85.5,97.5,23.3,22.5,31.8,45.3,122.9,54.9,53.2,108.1,981.2,76.1,NA,NA,85.2,10.5,15,9.7,35.2,9.9,4.1,14,NA,7.5,5.5,11,NA,NA,11.5,13.7,25.3,213.5,47.1,NA,NA,49.1,4.3,3.6,7,14.9,5.3,1.4,6.7,NA,2.6,2,2.6,NA,NA,6.8,7.1,13.9,101.9,59.9,3.5,6.7,70.2,11.2,12.4,4.9,28.5,9.2,6.3,15.5,23.8,4.9,4.2,6.1,6.3,21.6,14.6,9.9,24.5,184,2972.6,200.2,377.1,3549.9,417.9,796.2,451.9,1666,503,282.7,785.7,949.2,263,225.4,375.1,505.5,1368.9,539.8,589.2,1129,9448.8
35339,932,103,173.4,1208.4,155.2,257.6,174.3,587.1,206.8,123.5,330.3,323.7,94.6,60.9,125.4,227.7,508.5,230.4,205.9,436.3,3394.4,759.7,39.1,77,875.8,94.7,225.2,131.5,451.3,101.3,54.7,156,209,71.7,68.1,105.6,92.7,338.1,97.9,125.6,223.5,2253.5,584,NA,NA,631.8,66.7,133.4,63.6,263.7,90.3,53.9,144.1,163.1,40.3,44.9,66.6,94.1,245.9,88.5,133.9,222.4,1671.1,216,12.9,25.7,254.6,32.7,43.4,31.5,107.6,19.9,13.2,33.1,92.8,18.5,19.9,35.2,26,99.5,25.5,34.7,60.2,647.8,306.7,36.4,38.5,381.6,52.3,110.1,50.2,212.6,59.9,29.5,89.4,98.9,22.3,25.3,33.8,46.5,127.8,54.3,52.9,107.1,1017.4,76,NA,NA,84.7,14.1,15,11.6,40.8,10,4.2,14.2,NA,7.5,5.3,11.4,NA,NA,11.4,12.9,24.3,220.1,45.6,NA,NA,47.5,3.8,3.6,7.4,14.9,4.7,1.4,6.1,NA,2.6,1.8,2.6,NA,NA,8.3,6.5,14.7,100.7,58,3.6,6.5,68.1,11,11.4,5.2,27.6,9.1,5.5,14.6,23.2,4.8,4.1,6.2,6,21.2,13.8,9.9,23.7,178.3,2978.1,201.3,373,3552.4,430.5,799.7,475.4,1705.6,501.8,285.9,787.7,938.9,262.2,230.3,386.9,507,1386.4,530,582.3,1112.2,9483.3
35370,947.9,103.1,171.7,1222.7,151.1,248.6,174.8,574.5,204.6,124.2,328.8,333.8,97.1,61.2,120.2,231.7,510.1,219,207.9,426.9,3396.7,755.1,40,84.1,879.2,89.6,221.3,139.7,450.6,93.9,55.2,149,228.6,70.3,67.3,106.6,95,339.2,99.4,129,228.4,2275,593.1,NA,NA,640.4,66.7,143.7,61.9,272.3,88.3,53.9,142.2,166.1,38.5,48.9,67.4,94.3,249.1,88.1,133.4,221.6,1691.7,216.1,12.4,23.8,252.3,34.4,42.7,31.5,108.7,19.8,13.4,33.2,94.2,18.1,20.1,35.4,24.6,98.2,25.5,33.6,59.1,645.7,306.8,35.4,39.2,381.3,49.2,110.9,50.6,210.7,57.5,28.6,86.2,98.3,20.8,24.3,34.2,44,123.4,55,52.5,107.5,1007.4,77.8,NA,NA,86.3,14.1,15.2,11.6,40.9,10.3,4,14.3,NA,7.9,5.4,11.5,NA,NA,11.6,12.6,24.3,222,44.3,NA,NA,46.2,4.1,3.4,7.2,14.8,4.4,1.5,5.9,NA,2.5,1.7,2.6,NA,NA,8.5,6.6,15.1,101,59.5,3.6,6.5,69.6,11.8,12.1,5.5,29.4,8.3,6.2,14.5,23.5,4.9,4.4,6.5,6.5,22.3,14.8,9.8,24.5,183.8,3000.5,200.8,376.7,3578,421,798.1,482.8,1701.9,487.1,287.1,774.2,974.1,260,233.2,384.4,510,1387.7,521.8,585.5,1107.3,9523.2
35400,944,100.2,165.1,1209.3,155.7,248.5,176.9,581.1,206.1,126.9,333.1,336.3,98.3,61.2,117.6,228.3,505.4,215.7,205,420.6,3385.8,760.7,39.7,80.2,880.7,90.4,226,140.6,457,93,56.7,149.7,233.9,77.3,69.4,109.3,100.3,356.2,103.8,125.6,229.4,2306.8,584.4,NA,NA,630.2,69.4,143.3,61.4,274.1,93.3,55.9,149.2,166.8,38.3,47.5,67.6,95.6,249.1,84.9,134.6,219.5,1688.9,215.2,13.7,26.5,255.4,35.3,44.6,33.2,113.2,20.9,14,34.9,95.5,16.9,22.9,42.5,25.9,108.2,30.2,35.2,65.4,672.5,308,37,41.1,386.1,49.3,106.4,50.9,206.6,59.3,27.5,86.8,98.5,18.9,23.4,33.5,42.8,118.6,56.1,53.7,109.8,1006.3,78.5,NA,NA,87.3,14.8,14.9,11.3,41,10.3,4,14.4,NA,8.3,5.3,11.6,NA,NA,11.8,12.4,24.1,223.7,44.7,NA,NA,46.6,4,3.4,6.9,14.4,4.4,1.6,6.1,NA,2.3,1.7,2.5,NA,NA,8.3,6.3,14.6,99.5,58.7,3.7,6.3,68.7,11.8,12.9,5.3,30,8.4,6.2,14.6,23.9,7.3,4.6,6.3,6.5,24.8,14.2,9.8,24,185.9,2994.2,200.1,369.9,3564.2,430.6,800.1,486.6,1717.3,495.9,292.9,788.7,983.1,267.5,236,390.9,514.4,1408.8,525,582.4,1107.4,9569.5
35431,955.1,97.2,163.3,1215.6,153.1,228.7,173.1,554.9,212.3,133.5,345.8,329.5,97.4,58.1,100.7,239.6,495.8,221.1,211.6,432.7,3374.3,793,41.4,78.7,913.1,94.4,226,142.3,462.7,99.1,56.8,156,235.4,71.4,60.1,107.6,97.5,336.6,101,134.1,235,2338.9,584.6,NA,NA,630.7,67.5,136.7,61.7,265.8,84.1,60.7,144.8,162.8,43,48.3,66.9,113,271.2,98.4,135.7,234.2,1709.5,215.5,13.1,28,256.7,33.5,40.5,30.9,104.9,21.5,13.5,35,93.4,15.6,20.1,35.3,26.9,97.9,29.7,34.1,63.8,651.7,314.3,37.9,41.9,394.2,53.1,126.5,50.8,230.5,58.2,28.1,86.3,100.7,19.2,28.7,35,44.1,127,59.4,56.1,115.5,1054.1,81.1,NA,NA,89.9,13.4,11,11.2,35.7,9.8,4.2,14,NA,8.6,4.9,12.4,NA,NA,11.2,12.1,23.4,221.2,44.4,NA,NA,46.2,3.9,3.5,6.8,14.2,4.3,1.6,5.9,NA,2.5,1.9,2.6,NA,NA,8.7,6.1,14.8,98.6,58.3,3.5,4.4,66.3,12.6,12.2,6.3,31.1,8.1,6.8,14.9,23.7,7.7,4.4,6.7,6.8,25.6,14.9,9.1,24,185.4,3046.4,198.9,367.4,3612.6,431.6,785.1,483.1,1699.8,497.5,305.1,802.6,973.2,265.5,226.4,367,543.2,1402.2,544.4,598.9,1143.3,9633.8
35462,964.5,104,159.2,1227.7,153,271.5,172.3,596.7,211.5,128.7,340.2,354.1,98.4,61.4,108.8,237.6,506.2,227.2,207.3,434.5,3459.4,791.6,42.1,76.7,910.5,97.4,249.2,143.7,490.3,90.9,58.5,149.3,241.4,71.2,68.4,112.4,100.5,352.5,101.2,136.7,237.9,2382,581.3,NA,NA,629.2,69.4,142.2,65.9,277.5,84.9,62.6,147.5,166.4,42.5,49,66.6,120.9,279,94.6,136.4,231,1730.6,216.6,13.8,27.5,258,34.2,47.5,29.6,111.3,21.1,13.5,34.6,95.4,14.6,20.2,35.7,26.6,97.1,30.1,35.4,65.4,661.8,311.6,38.3,45.1,395,53.6,118.7,50.9,223.2,57.4,28.6,86.1,104.7,19.2,28.7,38.2,46.5,132.6,62.6,56.8,119.4,1061,80.1,NA,NA,88.7,13.3,10.5,13.7,37.5,9.3,4.1,13.4,NA,8.7,5,12.6,NA,NA,12.6,12.2,24.8,224,43.9,NA,NA,45.8,4.1,4,6.7,14.8,4.2,1.5,5.8,NA,2.4,1.8,2.7,NA,NA,9.1,6,15,99.3,58,3.7,4.3,66,12.6,13.2,5.4,31.2,8.2,6,14.2,25.2,6.7,4.2,6.9,6.5,24.4,14.8,9.2,24,184.9,3047.6,207.9,365.3,3620.8,437.5,856.8,488.2,1782.6,487.5,303.5,791,1015.8,263.6,238.7,384.1,554.2,1440.7,552.1,600,1152.2,9803
35490,970.2,104.4,163.8,1238.4,156,248.9,175.1,580,201.6,132.1,333.6,331.4,97.7,59,108.7,241.9,507.2,227.7,212.8,440.6,3431.3,788.6,42.4,79.2,910.3,99.3,229.1,144.3,472.7,100.9,57.5,158.4,238.4,72.7,70.2,114.3,98.1,355.3,113.5,131.3,244.8,2379.8,594.5,NA,NA,639.8,63.9,144.2,64.2,272.2,84.6,61.1,145.7,164.7,41.3,56.5,67.2,116.9,281.9,94.4,136.8,231.2,1735.5,213.7,13,28.9,255.6,33.6,44.8,34.1,112.4,21.9,14.1,36,94.5,15.3,19.8,36.7,27.6,99.5,27.6,35.8,63.4,661.5,319.2,40,43.1,402.3,51.9,117.3,51.8,221,56.7,28.9,85.6,100.3,19.2,28,34.2,45.8,127.2,62.5,55.4,117.9,1054.3,81.9,NA,NA,91,12.5,10.6,12.6,35.7,9.7,4.6,14.3,NA,7.5,5,12.7,NA,NA,11.7,12.3,24,224.9,43.1,NA,NA,45,4.1,3.6,6.8,14.5,4.2,1.5,5.7,NA,2.4,1.7,2.5,NA,NA,8.5,6.1,14.6,97.1,58.1,3.5,4.2,65.8,12.9,12,5.6,30.5,8.1,6.3,14.3,23.7,7,4.3,6.5,7,24.8,12.1,9.2,21.3,180.4,3069.3,209.5,369.3,3648.1,434.3,810.3,494.5,1739,487.6,306.1,793.6,981.7,263,244.7,382.9,553.9,1444.5,558,599.8,1157.9,9764.8
35521,957.6,103.4,165,1226,138.9,243.6,172,554.5,202,129.3,331.3,317.2,94.3,59,108.6,237.4,499.3,218.3,208.9,427.2,3355.6,783.8,44.3,81.5,909.6,100.4,224.1,139.7,464.2,96.7,56.2,152.9,229.2,78.8,68,114.1,97.5,358.4,108.9,142.9,251.7,2366.1,568.5,NA,NA,621.5,63.5,140,65.2,268.7,87.4,58.3,145.7,159.5,43.7,48.1,68.7,114.6,275.2,96.5,136.5,233.1,1703.6,210.2,12.5,30.7,253.4,35.2,44.1,33.2,112.5,22.9,14.6,37.5,91.5,15.9,20.7,38.9,27.8,103.4,26.4,36.5,62.9,661.1,310.6,39.8,37.1,387.4,60.2,117,51.1,228.3,53.2,32,85.2,97.4,20.4,30.1,34.5,50.9,135.9,68.8,48.3,117.1,1051.2,81.9,NA,NA,91.4,13.5,10.4,12.1,36,9,4.2,13.2,NA,9,5.4,13.8,NA,NA,12.6,12.5,25.1,225.8,43.8,NA,NA,45.8,3.9,3.3,7.1,14.3,4.5,1.5,6,NA,2.6,1.8,2.5,NA,NA,8.9,5.8,14.7,97.9,57.8,3.5,4.2,65.4,11.6,13.4,5.7,30.8,7.8,6.5,14.3,21.6,7,4.5,6.7,7.4,25.5,13.9,9.6,23.5,181.2,3014.2,209.7,376.8,3600.6,427.3,795.8,486.2,1709.3,483.6,302.5,786.1,943.7,271.7,237.6,387.9,550.4,1447.5,554.2,601,1155.3,9642.5
35551,973.3,107.5,166.7,1247.5,143.4,258.2,180.9,582.5,209,133.3,342.2,331,97.3,61,109,242.2,509.5,218,213.4,431.4,3444.2,786.6,45,83.6,915.3,103.5,221.5,139.4,464.3,98.6,60,158.6,238.9,70,70.7,114.5,101.8,357,108.3,145.9,254.2,2388.4,580.7,NA,NA,631.3,62.9,146.5,67.3,276.7,100.7,60.1,160.8,164.9,43.8,48.6,69.7,116.5,278.6,99.5,143.3,242.8,1755.1,208.8,12.8,28.3,249.9,37.8,43.8,33.2,114.8,23.9,14.6,38.5,95.5,16.1,20.1,39,28.4,103.7,26.7,36.7,63.4,665.7,319,40.7,38.8,398.5,53,117.5,50,220.5,52.2,30,82.2,101.9,20.8,30,35.6,50.2,136.6,70,49.9,119.9,1059.6,82.4,NA,NA,91.9,15.4,9.9,11.2,36.5,9.2,4.4,13.6,NA,8.7,5.4,13.8,NA,NA,11.6,12.2,23.8,227.3,41.9,NA,NA,43.9,4.3,3.2,7.5,15,4.6,1.5,6.1,NA,2.7,1.9,2.3,NA,NA,8.3,6.1,14.4,97.1,58.1,3.5,4.2,65.8,12.3,14.2,6,32.4,8.8,7,15.8,23.8,7.1,4.7,6.7,7.5,25.9,14.1,10,24.1,187.9,3050.8,215.9,377.4,3644.1,432.6,814.7,495.4,1742.7,507.1,310.8,817.9,984.1,266.5,242.4,390.7,562.9,1462.4,556.6,617.5,1174.1,9825.3
35582,967.7,110.9,172.1,1250.6,146.5,257,168.7,572.2,211.4,133.8,345.2,329,95.4,65.2,110.9,245.8,517.3,222.6,209,431.6,3446.1,795.3,44.8,83.2,923.2,102.9,232.1,142.1,477.1,93,59.4,152.4,218.3,69.7,70.5,116.1,102.3,358.7,105.3,142.8,248.1,2377.8,582.7,NA,NA,636.6,59.5,146.4,67,272.8,93.8,57,150.8,160.9,44.9,52,68.7,112.5,278.1,98.5,147.2,245.8,1745,211,13,30.8,254.9,36.3,43.7,33.9,113.9,23.7,14.8,38.5,90.8,16.2,19.7,38.5,28.6,103.1,27.4,36.6,63.9,665.1,319.8,41.3,38.7,399.9,56,110.5,49,215.5,47,30.1,77.1,91.6,21.1,29.8,34.8,50.4,136.1,73.6,54.6,128.2,1048.4,82.3,NA,NA,92.1,15.7,10.2,11.3,37.2,9,4,13,NA,8.9,5.3,13.6,NA,NA,11.6,12,23.6,227.3,42.7,NA,NA,44.7,3.8,3,7.3,14,4.2,1.5,5.8,NA,3.4,1.7,2.4,NA,NA,9,5.5,14.5,97.3,58.1,3.5,4.2,65.8,12.9,14.8,5.8,33.4,8.1,6.4,14.5,23,7.1,4.6,6.8,7.3,25.7,13.7,10,23.7,186.2,3059.7,220.4,387.8,3667.9,433.4,817.6,485.1,1736.2,490.4,307,797.4,941.5,266.8,248.9,392,563.3,1471,561.6,617.7,1179.4,9793.3
35612,970.1,100.6,202,1272.6,145.6,252.5,161.1,559.2,208,130.5,338.5,346.2,88.5,63.1,112.2,245.4,509.3,223.2,208.4,431.6,3457.4,784,45.6,83.4,913,104.7,226.4,136.6,467.8,97.8,61.2,159,241.5,69.1,72.3,117.4,101.1,359.9,109,132.5,241.5,2382.7,576.2,NA,NA,632.9,63.7,143.4,70,277.1,94.6,63.5,158.1,161.4,45.1,53.8,70,119.9,288.9,99.5,150.1,249.6,1768.1,212.6,12.9,33.2,258.6,38.6,48.8,34.2,121.7,27,14.7,41.7,97.7,15.8,19.7,38.7,29.8,103.9,28.8,39.3,68.2,691.9,318.4,39.2,41.4,399,52.1,113.1,56.3,221.5,44.4,29.8,74.2,100.8,20.8,29.2,38.6,48.8,137.4,71.6,48,119.6,1052.4,81.9,NA,NA,92.4,13.9,12.8,11,37.6,9.8,4.7,14.5,NA,10.2,5.7,13.8,NA,NA,9.3,12.3,21.6,230.9,42.6,NA,NA,44.6,4.4,5.2,7.3,16.9,4.2,1.6,5.8,NA,2.9,2.1,2.5,NA,NA,9.1,5.6,14.7,100.4,57.9,3.3,4.3,65.5,13.4,14.9,6.3,34.6,8.5,6.5,15,26.1,7.5,4.5,8.3,7.1,27.3,15.4,10.3,25.7,194.1,3043.6,211,424.1,3678.6,436.6,817,482.7,1736.3,494.2,312.5,806.8,1001.9,260,250.4,401.3,569.9,1481.7,565.9,606.6,1172.5,9877.8
35643,980.7,101.9,202.5,1285.2,144.5,245.1,155.9,545.4,201.7,132,333.7,335.3,94,62,112.3,246.3,514.6,231.6,213.9,445.5,3459.7,789.9,47.7,84.4,922.1,107.8,236.5,133.2,477.5,99.7,63.6,163.3,239.2,70.5,72.6,117.4,107.4,368,112,128,240,2410,579.6,NA,NA,636.2,59.5,137.4,70.8,267.7,99.6,57.9,157.5,161,47.4,55.7,70.3,112,285.3,103.7,148.8,252.5,1760.3,210.4,13.2,33.2,256.8,39.1,48.7,34.7,122.4,24.4,14.3,38.8,92.2,16.4,20.2,39.2,28.7,104.5,29.9,39.1,68.9,683.6,321.4,39.1,41.3,401.8,51.7,123,57.9,232.6,42.9,30.3,73.2,101.1,20.6,28.3,38,48.3,135.3,71.7,47.4,119.1,1063,79.9,NA,NA,90.5,13.2,12.7,10.8,36.7,9.7,4.9,14.5,NA,10.2,5.2,14,NA,NA,10.2,12.6,22.8,229.7,41.8,NA,NA,43.9,3.8,5.2,7.4,16.4,4,1.7,5.7,NA,3.2,2,2.5,NA,NA,8.8,5.5,14.3,99.3,59,3.2,4.2,66.4,13,14.5,6.1,33.6,9.1,6.4,15.4,23.4,7.4,4.1,8.3,6.9,26.7,13,10.5,23.5,189.1,3062.7,214.1,426,3702.9,432.6,823.1,476.7,1732.5,491,311.1,802.1,981,269.7,250.1,402.1,567.8,1489.8,580.9,605.7,1186.6,9894.7
35674,983.8,97.8,205.2,1286.8,143.6,244.1,156.5,544.2,206.8,127.2,334,346.6,94.7,62.8,111.2,243.5,512.1,230.3,214.4,444.6,3468.3,793.9,47.1,85.4,926.4,108.3,227.9,140.6,476.8,103.3,65.3,168.6,250.1,71.7,76.4,117.2,110.5,375.9,112,129.3,241.3,2439.1,586.2,NA,NA,639.3,56.2,144.2,73.2,273.5,104.4,58.2,162.6,167.4,46.3,57.3,69.7,111.2,284.5,97.4,142.9,240.3,1767.6,215.7,13.5,32.8,262,40.7,50.4,34.2,125.3,24.5,14.4,38.9,94.5,16.8,20.7,38.3,29.4,105.3,28.3,39.4,67.7,693.6,326.6,38.8,43.6,409,52.4,120.4,60.7,233.5,40.8,32.1,72.9,107,20.9,29.1,36.3,52,138.3,70.8,47.5,118.4,1079,81.7,NA,NA,92.7,13,12.6,11.6,37.2,10.1,4.8,14.9,NA,10.6,5.3,14.4,NA,NA,10.1,12.3,22.4,233,43.8,NA,NA,45.8,3.6,4.9,7.4,15.9,4.2,1.7,6,NA,3.3,2,2.6,NA,NA,8.5,5.8,14.3,101.9,60.1,3.3,4,67.4,12.5,15.1,6,33.6,7.9,6.1,14,24,7.4,4.3,7.9,6,25.5,12.9,10.7,23.6,188,3091.8,209.6,427.9,3729.4,430.3,819.4,490.2,1739.9,502,309.8,811.8,1019.1,271.7,258,397.6,570.6,1497.8,570.3,602.3,1172.6,9970.5
35704,984.4,101.4,203.6,1289.3,141.3,242.2,154.4,537.9,201.7,136,337.7,343.3,95,61.2,113.4,252.5,522.2,225.8,209.1,434.9,3465.3,794.3,45.6,87.6,927.5,114.1,236.8,141.7,492.6,102.7,63.6,166.3,242.3,72.9,78.2,103.8,108.2,363.1,116.3,120.4,236.7,2428.5,586.9,NA,NA,643.4,68.5,150.5,56.5,275.6,107.7,58.2,165.9,163,45.9,58,69,113,286,103,154.3,257.3,1791.3,214.1,14.2,31.9,260.2,43.3,50,35.5,128.8,25.8,15.4,41.2,95,15.2,22.4,41.6,30.4,109.5,27,37.7,64.8,699.5,330.6,39.5,43.7,413.7,53.3,116.7,62.1,232.1,43.2,32.1,75.3,102.6,20.9,27.6,34.9,51.2,134.6,62.8,47.1,109.9,1068.2,84.1,NA,NA,95.5,13.1,13.7,10.9,37.8,10,4.7,14.7,NA,10.3,5.4,13.9,NA,NA,8.6,12.5,21.1,233.8,42.6,NA,NA,44.7,4.1,5.2,6.9,16.2,3.8,1.8,5.6,NA,3.5,1.8,2.6,NA,NA,8.7,6.1,14.8,100.7,60.1,3.4,4.7,68.2,12.2,15.3,6.5,34,7.7,6.2,13.8,24,7.1,4.4,8.1,6.9,26.5,13.1,10.8,24,190.5,3097.1,213.8,431.6,3742.5,449.9,830.6,474.5,1755,502.8,317.9,820.7,999.1,270.9,259,387.3,579.8,1497.1,565.3,598.1,1163.5,9977.8
35735,995.2,100.6,206.2,1302,141.9,232.7,161.6,536.2,209.4,136.5,346,340.9,94.4,60.3,111.3,267.6,533.6,232.7,208.9,441.6,3500.2,804.2,48.9,88.4,941.5,114,240.1,143.9,498,106.6,62.6,169.2,245.5,72.5,78.2,104.5,101.6,356.8,115.4,121.5,236.9,2447.9,593.5,NA,NA,650.6,72.7,153.2,58.3,284.2,112.3,58.8,171.1,164.1,44.1,55.3,69,113.7,282.2,101.1,154.7,255.8,1808,217,14.3,32.4,263.7,44.9,49.9,37,131.8,26.2,15.4,41.6,93,14.8,23.1,42,31,110.9,28.5,39,67.6,708.6,332.3,40.9,43.2,416.4,55.4,118.1,63.3,236.8,42.2,31.9,74.1,100,21,27,33.4,51.3,132.6,64.1,47.6,111.7,1071.6,85.4,NA,NA,96.9,13.3,14,11.5,38.8,9.9,4.7,14.6,NA,10.3,5.7,14.9,NA,NA,9,12.4,21.3,237.8,41.4,NA,NA,43.4,4.1,5.2,6.8,16.1,4.6,1.8,6.3,NA,3.7,2,2.7,NA,NA,9.3,6.3,15.6,101,60.9,3.3,4.7,68.9,13,15.6,6.6,35.3,8,6.6,14.6,24.2,6.8,4.4,8.2,7,26.5,13.1,10.9,23.9,193.4,3130,217.1,436.5,3783.5,459.2,828.9,489,1777.1,519.2,318.3,837.5,996.5,267.6,256.1,385.9,590,1499.6,573.2,601.3,1174.5,10068.6
35765,998.9,102.8,211.4,1313.1,139.9,243.6,174.1,557.5,207.9,138.3,346.1,341.3,95.5,60.2,111.1,261.4,528.2,224.4,208.1,432.6,3518.8,798.3,51.2,84.7,934.2,111.8,236.4,146.8,495.1,102,64.6,166.6,241.2,73,74.1,105.5,107.4,360,117.5,119.6,237.1,2434.2,595.5,NA,NA,653,68.4,154.7,57.8,280.9,109.1,60.1,169.2,165.9,40.9,55.8,66.6,116.9,280.2,102.5,160.6,263.1,1812.2,219.4,14.4,32.7,266.5,44.6,50.9,38.1,133.7,24.9,14.9,39.8,87.8,13.2,24.8,45.5,30.8,114.3,27.7,40.3,68,710.1,336.2,43.4,43.2,422.8,55.1,112.1,63.4,230.5,43,31.8,74.9,101.5,20.9,26.1,33.2,50,130.2,65.1,47.8,112.9,1072.9,78.2,NA,NA,89.6,15.7,14.3,11,41.1,10.3,4.5,14.7,NA,11.1,5.8,13.3,NA,NA,7.2,12.3,19.5,230.1,41.1,NA,NA,43.2,4.3,5,6.9,16.1,4.1,1.7,5.8,NA,3.8,2.1,2.7,NA,NA,9.8,6.6,16.4,101.4,59.2,3.4,4.8,67.4,13.6,15.6,6.5,35.8,8,6.7,14.6,23,7.7,4.5,8.4,7.4,28,12.6,11.1,23.7,192.4,3126.7,224.9,438.1,3789.7,453.5,832.6,504.6,1790.7,509.3,322.7,831.9,990.1,266,253.4,386.4,590.7,1496.6,566.8,606.4,1173.2,10072.2
35796,1006.5,102.1,230.4,1339,148.2,243,162.4,553.6,199.3,132.7,332.1,357,94.9,62,120.7,251.6,529.3,220.2,201.8,422,3532.9,811,49,86.3,946.2,119.7,189.5,142.2,451.4,101.2,66,167.2,246,70.8,71.4,106.9,117.4,366.5,120.3,118.2,238.5,2415.8,598.1,NA,NA,669.7,65.6,152.6,58.1,276.3,117.1,58.6,175.7,164.7,42.5,56,66.1,118.1,282.7,95.2,157.4,252.6,1821.7,226.5,13.8,35.5,275.8,45.3,53.3,38.8,137.3,26.6,16.3,42.9,106.5,16,22.1,44.7,34,116.8,24.6,41.8,66.4,745.7,353.9,41.7,40.7,436.2,62.1,109.3,69.6,241,45.5,31.9,77.4,99.6,20.6,26.7,31.2,49.9,128.4,63,49,112,1094.7,79.2,NA,NA,90.3,12.7,11.7,9.7,34,9.6,4.8,14.4,NA,10.1,5.2,14.6,NA,NA,9.3,12.1,21.4,223.4,42.3,NA,NA,44.3,3.7,5.1,6.9,15.8,3,1.9,4.9,NA,4,2,2.7,NA,NA,9.9,6.2,16.1,100.9,60.9,3.3,4.6,68.8,12.1,14.9,6.2,33.2,7.3,7,14.3,26.2,6.4,4.2,8.7,9.1,28.4,13.2,9.9,23.1,194,3178.4,222.4,469.6,3870.3,469.4,779.3,494,1742.6,509.7,319.3,828.9,1027.4,265.3,249.6,395.6,597.2,1507.6,555.9,596.3,1152.2,10129.1
35827,1010.2,100.2,222,1332.4,147.5,242.9,162.7,553.1,203.7,132.3,336,338.4,94,59.4,123.1,252.7,529.2,201.3,207.2,408.5,3497.6,799.3,49.6,90.2,939.2,124.2,182.4,142.4,449,107.3,66.2,173.5,245,72.3,74,103.2,116.5,365.9,118.1,122.8,240.9,2413.4,598.1,NA,NA,671.5,69.9,153,53.7,276.5,119.8,61.2,181.1,161.3,43.1,52,67.4,123.1,285.6,95.8,159.9,255.7,1831.6,218.3,13.7,35.2,267.1,46.2,51,38.5,135.8,26.1,15.8,41.8,104.5,14.8,21.5,42.4,33.1,111.8,24.6,42.8,67.5,728.5,350.1,42.4,41.9,434.4,59.6,101.4,69.8,230.9,45.7,31.6,77.3,100.5,20.3,26.2,30.3,49.3,126.1,63.1,49,112.1,1081.3,78.1,NA,NA,92.9,12.7,13,9.4,35,10.1,4.9,15,NA,10.1,5,15,NA,NA,8,11.7,19.7,228.4,41.2,NA,NA,43.5,4.6,5.6,7.2,17.3,3.5,1.8,5.3,NA,4.5,1.9,2.7,NA,NA,9.6,6.6,16.2,103.4,61,3.3,4.3,68.6,12.7,13.8,6.4,32.9,7.2,7.3,14.5,24.2,6.5,4.4,9,8.3,28.1,13.7,10.9,24.6,192.9,3156.2,228.5,464.8,3849.5,477.4,763,490,1730.5,523.4,321.1,844.5,1003.5,265.5,244.4,393.1,600.9,1504,534.2,611,1145.1,10077.1
35855,1008,99.7,216.8,1324.6,145.8,251.7,164.6,562.1,198.5,125.6,324.1,339.8,91.5,59.4,122.1,240.5,513.6,207.8,199,406.9,3471,807.3,49.9,89.5,946.6,121.1,183.5,144.8,449.5,110,67.7,177.6,245.5,75.5,72.1,105.9,123.6,377.2,125.1,116.3,241.4,2437.8,599.5,NA,NA,671.5,72.8,140.3,56.3,269.3,118.2,60.6,178.8,162.5,42.3,50.9,69.6,119.3,282,98.1,160.6,258.7,1822.8,222.5,14.1,35.2,271.8,39.9,52.7,35.9,128.6,27.6,16.4,44,91.7,15.1,23.3,42,33.8,114.2,25.4,42.5,68,718.2,349.8,41.8,40.5,432.1,62.7,114.7,67.3,244.7,44.8,31.1,75.9,101.2,20.5,26.5,30.6,48,125.5,62,50.3,112.3,1091.6,77.9,NA,NA,92.3,13,11.9,9.5,34.4,9.1,4.9,14.1,NA,9.8,5.1,15.1,NA,NA,8.3,11.5,19.8,225.2,39.9,NA,NA,42.2,4.8,6.1,7.2,18.1,3.3,2,5.2,NA,4.4,2.1,2.8,NA,NA,10.1,6.7,16.8,103.7,61,3.3,4.5,68.8,12.5,13.7,6.5,32.8,6.9,6.3,13.2,23.5,7.3,4.5,9.6,7.1,28.4,13.5,10.9,24.4,191.1,3165.8,227.7,456.6,3850,472.6,774.8,492.1,1739.5,518.2,314.7,832.9,993.1,266.4,243.7,397.6,590,1497.7,550.4,597.9,1148.3,10061.5
35886,1003.1,97.8,219.9,1320.8,145.8,253.8,157.8,557.4,208.3,136.6,344.8,350.5,91.4,63,118.4,257.6,530.5,202.9,172.2,375.1,3479.1,809.6,50.3,87.4,947.3,120.3,182.3,147.9,450.5,115.9,69.6,185.5,253,66.9,74.5,106.4,125.7,373.5,125.3,109,234.3,2444.2,603.6,NA,NA,673.5,73,145.2,57.8,276,111.9,62.2,174,165.1,49.7,51.4,69,121,291,103,158.8,261.8,1841.5,224.3,14.4,36.7,275.3,43.8,52.7,37.6,134.2,28.2,16.6,44.8,95.7,15.5,22.6,42,36.9,117,28,42.8,70.8,737.8,353.1,41.8,40.7,435.6,64,110,70.7,244.7,43.6,29.9,73.5,105.1,20.3,25.7,30.5,45.9,122.4,63.2,53.1,116.3,1097.7,77.7,NA,NA,92.5,12.8,12.1,9.3,34.1,9.9,4.6,14.6,NA,10.2,4.5,14.2,NA,NA,9,11,20,222.9,41,NA,NA,43.4,5,6,7.2,18.2,3.3,2.4,5.7,NA,3,2.1,2.8,NA,NA,10.1,6.6,16.7,104.6,62,3.3,4.1,69.4,10.4,15.1,6.5,32,7.4,5.7,13.2,24.7,6.3,4.8,9.6,7.1,27.7,13.9,10.6,24.5,191.5,3174.4,226.3,457.2,3857.9,475,777.2,494.9,1747.1,528.5,327.5,856.1,1023.5,263.3,248.4,392.8,610.9,1515.3,555.4,564.2,1119.6,10119.4
35916,1009.4,99.5,223.2,1332.1,147.9,243.2,154.7,545.9,219.6,136.2,355.8,348.8,92.9,59,114.7,257,523.7,223.6,170.4,394,3500.3,823.1,53.1,86.7,962.8,123.8,176.6,151.1,451.5,122.4,67.8,190.2,247.9,65.3,72.3,109.1,117.4,364.2,128.8,112.5,241.4,2457.9,614.5,NA,NA,688.9,73.6,142.5,60.5,276.6,117.9,62.7,180.6,163.1,50.6,48.5,70,123.6,292.7,103.4,162.9,266.3,1868.3,227.1,14.6,35.4,277.1,43,52.2,38,133.2,29,16.2,45.2,89.9,16.1,22,46,34.8,118.9,28.6,42,70.6,734.9,361.4,44.4,42.1,447.9,65.4,97.6,71.1,234.2,41.7,28.8,70.5,100.3,20.3,23.3,31.2,46.2,121.1,65.2,55.2,120.4,1094.4,78,NA,NA,93.3,12.7,11.8,10.1,34.6,10.3,4.5,14.8,NA,10.6,4.5,14.1,NA,NA,8,11,19,224.1,41.5,NA,NA,43.8,5,5.8,7.1,17.9,3.2,2.1,5.4,NA,3.1,2,2.7,NA,NA,10.5,6.5,17,104.3,60.6,3.5,4.1,68.3,12.3,14.5,6.1,32.8,8.2,6.2,14.5,24.5,6.7,4.6,9.6,7.2,28,13.8,10.7,24.5,192.6,3215.6,234.3,464.2,3914.1,483.7,744.3,498.8,1726.8,552.4,324.5,876.9,1003.7,265.6,236.2,397.5,602.8,1502.1,582,571.2,1153.1,10176.7
35947,1020.2,100.2,223.1,1343.5,147.5,242.8,153.7,544,210.4,138.6,349,318.9,92.6,58.8,118.4,264.8,534.7,223.4,176.9,400.3,3490.5,842.5,51.3,90,983.8,123.6,173.8,151.3,448.6,122.7,68,190.7,228.8,62.7,72.6,111.4,120.5,367.3,129.6,110.7,240.2,2459.4,617.4,NA,NA,690.6,73.4,140.6,62.9,277,124.1,63.2,187.3,161.7,52.9,51,69.4,123.8,297.1,107.6,150.4,258,1871.8,229.2,15,36.9,281,45,51.2,38,134.2,29.2,16.1,45.3,89.7,16.8,22.6,42.8,35.3,117.5,28.3,41.9,70.2,738,364,43.9,44.3,452.2,64.8,104.7,69.3,238.8,42.3,30.4,72.8,103.6,20,26.3,29.8,48.9,124.9,63,55.8,118.7,1111,79.4,NA,NA,94,12.7,12.4,9.5,34.7,10.1,4.5,14.5,NA,10,4.9,14.1,NA,NA,7.5,11.1,18.5,224.2,41,NA,NA,43.3,4.9,5.7,7.3,17.9,3.3,2.3,5.7,NA,3.1,1.7,2.8,NA,NA,10.2,6.5,16.7,104,61.9,3.2,4.1,69.3,11.1,13.7,6.8,31.6,7.7,6.5,14.2,23.4,7.3,4.3,9.4,7.2,28.2,14,10.6,24.6,191.3,3255.7,236.2,465.9,3957.8,483,744.8,498.9,1726.7,549.8,329.7,879.4,955.6,265.4,242.3,398,617.4,1523.1,583.6,563.8,1147.4,10190
35977,1011.3,95.1,216.4,1322.7,152,237.4,148,537.4,214,139.3,353.3,373,85.7,60.5,119.7,254.4,520.4,228.2,176.4,404.6,3511.5,836.2,56.3,92.3,984.8,126,179.9,149.9,455.8,131.7,69.4,201.1,272,70.5,76.4,107.9,125,379.8,129.3,116.5,245.8,2539.3,620.6,17.3,56.4,694.3,77.7,143.2,63.6,284.5,124.2,64.1,188.3,167.4,47.7,52.3,68.2,124,292.2,109.5,146.2,255.7,1882.4,225.8,15,37.4,278.1,35,53.5,39.4,127.9,28.9,17.1,46,97.5,15.7,24.2,38.7,35.7,114.3,27.3,42.6,69.9,733.7,371.6,43.5,41.1,456.3,59,95,68.6,222.6,49,30.9,79.9,112,19.6,28.8,31.2,47.2,126.8,65.5,56.6,122.1,1119.7,78.5,NA,NA,92.5,13,15.4,10.3,38.7,9.4,4.2,13.6,NA,8.3,5.1,15.6,NA,NA,7.2,10.6,17.8,225.7,41.1,NA,NA,43.4,4.7,5.2,7.8,17.7,3.5,2.2,5.7,NA,3,1.7,2.8,NA,NA,10.1,7,17.1,103.8,60.7,3.2,5,68.9,12.3,13.9,6.9,33,8.3,6.8,15.1,27.7,7.4,4,9,8.5,28.9,13.3,10.3,23.6,197.2,3245.6,236.6,458.6,3940.9,479.8,743.3,494.6,1717.7,569,334.1,903.1,1080.3,257.8,253,393.1,610.4,1514.4,590.5,566.3,1156.8,10313.2
36008,1025.8,91.1,217.8,1334.7,149.4,237.7,151.4,538.6,220.6,135.3,355.8,346.8,85.1,58.6,123.6,250.6,517.9,227.4,163,390.4,3484.2,845.7,57.5,91.6,994.8,127.9,180.1,152.6,460.6,133,70.2,203.2,252.3,72.2,84,110.2,123.9,390.4,140.1,116.7,256.8,2558,630,19.6,55.7,705.3,81.9,148.6,68.2,298.7,124.2,60.4,184.6,168.4,49.6,57.1,70.6,113.2,290.4,106.4,148.9,255.3,1902.7,228.4,15.5,38.4,282.3,32.7,55.3,39.7,127.7,28.8,16.9,45.7,90.3,16.1,23.2,40.5,35.7,115.4,27.2,41.7,68.9,730.3,375.6,44.9,44.5,464.9,59.8,89.1,70.2,219.1,46.8,31.9,78.7,103.7,19.1,27.2,30.4,46.8,123.5,67.9,59.4,127.3,1117.2,80,NA,NA,94.2,13.3,11.2,10.2,34.7,9.5,4.5,14,NA,8.8,5.1,16,NA,NA,7.4,10.6,18,224.5,41.4,NA,NA,43.8,4.7,5.2,7.5,17.3,3.7,2.4,6.1,NA,3,1.8,2.8,NA,NA,12.7,7.7,20.4,107.8,60.3,3.1,4.4,67.9,11.9,13.8,7.8,33.5,8,7,15,24.1,7.4,4,9.4,7.7,28.4,13.8,10.9,24.8,193.7,3287.2,238.4,462.2,3987.9,481.6,740.9,507.6,1730.1,574.6,328.6,903.2,1015.4,261.4,260.9,403.6,594.1,1519.9,602.9,559,1162,10318.5
36039,1029.9,92.6,220.3,1342.8,147.5,231.6,150.1,529.2,215.8,141.5,357.3,350.6,89.7,59.6,128.5,253.2,530.9,237.5,161.6,399,3509.9,853.7,57.3,92.1,1003.2,136.8,190.2,148.6,475.6,129.6,70.2,199.8,253.5,70.8,89,108.9,125,393.7,138.5,116,254.5,2580.1,635.9,22.4,57.7,716,80,149.3,68.5,297.8,118.7,62.4,181.1,166.8,50.3,61.5,68.7,120.4,300.9,107.4,148.9,256.3,1918.9,228.4,15.6,39.2,283.2,32.7,54.9,41,128.6,29,17,46,91.5,16,24.2,42.5,36,118.7,26.9,42,68.9,736.9,376.9,44.8,43.5,465.2,59.4,84.1,70.9,214.4,48,32.1,80.2,104.2,19.5,25.9,30.5,47.3,123.2,67.3,59.8,127.1,1114.2,78.8,NA,NA,92.7,13.7,12,10.2,35.9,11.2,4.7,15.8,NA,8.9,4.9,15.3,NA,NA,7.5,10.7,18.2,225.6,39.9,NA,NA,42.1,4.7,5.4,7.6,17.8,3.6,2.4,6.1,NA,3.2,1.6,2.8,NA,NA,12,7.3,19.4,105.5,60.7,3.3,5.2,69.2,12.3,14,7.9,34.2,7.8,6.9,14.8,24.5,8,4.2,9.5,7.4,29.1,14.5,10.4,24.9,196.7,3304.2,242.4,467.8,4014.4,487.2,741.5,504.8,1733.5,563.6,337.3,901,1020.9,266.3,270.9,406.6,605.7,1549.7,611.6,556.7,1168.3,10387.8
36069,1061.3,97.8,219.1,1378.3,149.7,225.9,143,518.6,226.8,137.3,364.1,344.9,83.6,63.3,142.4,227.4,516.7,259.6,164.2,423.9,3546.3,861.6,51.1,91.4,1004.1,126.6,200.9,144.6,472.1,127,70.7,197.7,254.6,72.7,80.5,111,127.2,391.4,145.2,119.3,264.5,2584.4,639.4,18.2,56.7,714.4,79.2,152.6,70.9,302.7,120.3,63.6,183.9,168.7,51.5,65.2,70.4,122.7,309.7,107.8,151.9,259.7,1939.2,228.6,17.6,40.1,286.3,33.2,54.1,41.4,128.7,28.9,17.1,46,90.2,16.3,23.9,41.9,37.9,120,27.5,44.3,71.8,743,371.3,46.6,42.6,460.5,60.6,92.9,71.3,224.9,46.2,32.9,79.2,104.4,21.3,25.6,31.6,49.9,128.4,71.6,60.5,132.1,1129.4,78.2,NA,NA,92.1,14.6,12.9,9.1,36.5,9.7,4.6,14.4,NA,9,5.3,15.7,NA,NA,7.4,11.7,19.1,225.4,43.7,NA,NA,46.1,4.9,5.6,7.6,18,3.9,2.5,6.4,NA,3.1,1.7,2.7,NA,NA,11.9,7.3,19.2,109.9,60.5,3.4,4.4,68.3,12.1,14.2,7.7,34,7.7,7,14.7,24.1,8,4.4,9.9,7.7,29.9,14.8,10.1,24.9,196,3344.7,241.5,464,4050.1,480.9,759.1,495.6,1735.5,570.6,335.8,906.4,1015.8,265.6,269.8,425.6,589.6,1550.6,645.9,569.2,1215.1,10473.6
36100,1050.3,99.1,214.4,1363.8,162.7,213.6,136.5,512.9,211.8,136.5,348.3,359.4,85.4,62.8,136.4,227.1,511.6,260.9,167.2,428.1,3524,870.6,57,87.4,1015.1,125.7,189.2,136.3,451.2,132.7,74.2,206.9,261,72.5,83.1,114.6,126.8,397,142.8,113.9,256.6,2587.8,639,23.7,57.1,719.8,79.5,149.1,73,301.5,118.1,64,182.1,168.5,51.2,57.5,68.7,124.4,301.8,100.3,143.7,244.1,1917.8,226.5,16.3,41.6,284.4,32.2,55.8,40.3,128.3,28.8,16.4,45.2,91.4,15.8,22.6,43.6,37.4,119.3,24.8,44.1,68.9,737.5,375.9,44.8,41.5,462.2,60.2,91,74,225.2,48.8,34.5,83.2,106.9,21.1,26.7,33.9,51.6,133.3,73.4,59.2,132.6,1143.4,78.5,NA,NA,92.6,15.2,12.2,8.5,35.9,9.7,4.6,14.3,NA,9.2,5.1,16,NA,NA,6.9,11.7,18.5,225.4,42.7,NA,NA,45.1,4.4,5.6,7.8,17.8,4,2.4,6.3,NA,3.2,1.6,2.6,NA,NA,10.8,7.1,17.9,106.6,59.3,3.4,4.5,67.2,11.1,14.2,7.8,33.1,7.8,7,14.9,24.1,8,4.3,8.9,7.5,28.7,14.6,10,24.6,192.5,3342.8,251.2,456.1,4050.1,491,730.6,484.3,1705.9,561.7,339.6,901.3,1041,266.3,263.8,424.6,590.9,1545.6,634.4,556.8,1191.2,10435.1
36130,1047.7,97.7,214.4,1359.8,152.9,227.5,132.9,513.3,213,133.6,346.7,346,82.1,62.8,136.2,225.6,506.7,243.9,165.7,409.6,3482.1,864.9,56.6,88.4,1009.8,132.1,202.6,136.9,471.6,137.7,71.7,209.4,253.1,70.5,80.6,111,119.8,381.9,142.1,114.5,256.6,2582.4,625,23.9,57.9,706.8,78.7,150.5,77.3,306.5,117.1,65.2,182.3,167.8,48.6,59.7,65.7,127.4,301.3,99,142.7,241.7,1906.4,229.2,15.9,41.9,287,33.3,58.1,39.5,130.9,27.6,16.6,44.2,91.4,14.1,23.6,42.4,37.6,117.7,24.7,43.5,68.3,739.6,367.8,45.5,41.9,455.1,63.6,91.3,73.4,228.3,47.2,34.8,82,103.5,21,27.1,33.5,51.9,133.4,72.6,60.9,133.6,1135.9,77,NA,NA,91.3,15.1,13.9,8.5,37.5,9.3,4.3,13.7,NA,9.2,5.2,14.6,NA,NA,7,11.6,18.6,222.9,43,NA,NA,45.4,4.5,5.1,7.7,17.3,3.2,2.3,5.5,NA,3.3,1.5,2.6,NA,NA,11,7.4,18.3,106.5,60.3,3.5,4.7,68.5,11.1,15.2,8,34.3,7.8,6.7,14.5,24,8.2,4.6,8.6,7.2,28.5,16.5,9.9,26.4,196.2,3314.8,249.8,459.3,4023.9,491.3,764.2,484.1,1739.6,562.8,335.5,898.3,1014.5,256.9,265.1,414.6,586,1522.6,616.8,556.2,1173,10371.9
36161,1081.5,94.7,217.2,1393.4,159.5,239.8,137,536.2,214.4,140.6,355,391.4,86.9,63.4,152.7,228.2,531.2,282.9,164.4,447.3,3654.6,900.5,59.7,88.6,1048.7,123.8,211.6,138.6,474.1,125.5,76.1,201.6,265.9,74.4,79.6,119.8,127.6,401.5,153.9,112,265.9,2657.6,667.4,23.5,55.4,746.3,89.5,162.8,81.9,334.2,120.6,65.5,186.1,174.9,53.3,61.3,72,127.2,313.8,100.9,148.1,249,2004.2,238.2,17.9,42.1,298.2,37.5,61.4,38.2,137.1,26.3,16.3,42.6,92,17.1,19.2,45.3,37.9,119.5,24.5,41.6,66,755.5,377.4,45,46.4,468.8,62.5,90.7,70.9,224.1,49.3,36.1,85.4,110.1,19.5,25.8,33.3,53.4,131.9,73.6,59.3,132.9,1153.2,78.9,NA,NA,92.2,16.5,14.9,8.6,40,9.5,4.8,14.3,NA,9.2,5.2,15.9,NA,NA,7,12.2,19.1,231.4,43.2,NA,NA,45.5,4.7,6.1,7.7,18.5,3.9,3,6.9,NA,3.3,1.9,2.7,NA,NA,9.7,7.5,17.2,110,63.5,3.4,4.2,71.1,9.8,15.4,8.6,33.9,7.7,6.8,14.5,28.7,9.3,4.6,7.7,7.2,28.8,15.2,10,25.1,202.1,3450.5,250.6,463.2,4164.3,503.9,802.6,491.6,1798.1,557.2,349.2,906.4,1094,273,260.8,449.4,599.9,1583.2,667.5,555,1222.5,10768.5
36192,1074.3,94.7,221.3,1390.3,145.7,233.2,136.2,515,215,132.1,347.2,360,87.2,59.5,157.1,223.5,527.3,289.6,163.1,452.7,3592.5,886.8,61.3,89.1,1037.2,131.1,212.9,141.1,485.1,139.1,73.4,212.5,261.7,72.6,82.7,123.3,128.1,406.8,158.3,117.2,275.5,2678.8,660.7,24.6,58.2,743.5,94.4,158.9,86,339.3,126.5,64.3,190.8,167.9,53.2,59.6,72,122.4,307.2,101,145.9,246.9,1995.6,232.9,17.9,43.5,294.3,33.3,57.4,39.4,130.1,28.8,16.8,45.6,90.9,16.7,19,47.5,37.7,120.8,24.6,40.3,64.9,746.7,379.5,46.4,44.2,470.2,65.2,101.6,73.4,240.2,50.1,33.9,84,103.1,21.8,27.4,34.5,50.5,134.1,70.4,59,129.4,1161,79.5,NA,NA,93.1,17.8,14.9,8.6,41.3,9.6,4.8,14.4,NA,9.5,5.2,15.8,NA,NA,6.6,12.4,19,233,44.1,NA,NA,46.6,4.9,5.4,8.2,18.6,3.8,2.7,6.5,NA,3.2,1.7,2.8,NA,NA,8.5,7.3,15.8,108.6,63.6,3.3,4.5,71.4,10.2,16.3,8.9,35.4,8.1,7.2,15.3,23.7,10,4.8,8,8.1,30.9,15.2,10.1,25.3,202,3421.4,254.8,470.4,4146.6,502.6,800.7,501.8,1805,581.1,335.3,916.4,1037.1,274.2,259.9,461.1,588.4,1583.6,674.2,555.3,1229.5,10718.2
36220,1085,98.6,220.2,1403.8,151.1,220.4,130.4,501.9,215,127,342,363.9,87.3,62,161.9,211,522.2,296.1,162.8,458.9,3592.9,893.5,61.1,92.7,1047.3,138.3,200.4,139.5,478.3,137.7,81,218.7,263.8,73.7,81.9,135,134.8,425.5,158.1,117,275,2708.7,673.3,24.3,58.6,756.1,88.9,153.1,90.7,332.6,143.5,64.8,208.3,173.3,56.1,55.8,70.1,125,307,100.2,143.1,243.3,2020.8,231.5,18.3,42.2,292,35.4,53.7,39.2,128.3,31.3,17.2,48.5,92.6,17,18.5,46.7,38.1,120.2,27.1,40.2,67.3,749,386.6,45.9,44.2,476.7,71,97.4,77.3,245.7,51.7,34.5,86.2,107.1,22.2,26.8,34.4,51.2,134.6,70.5,57.5,127.9,1178.3,80.9,NA,NA,94.6,16.4,14.2,8.6,39.2,9.6,4.8,14.4,NA,9.9,5,16.3,NA,NA,7.2,12.5,19.7,233.7,44.7,NA,NA,47.1,4.5,5.6,8,18.1,4,2.6,6.6,NA,3.2,1.6,2.5,NA,NA,9.9,7.5,17.3,109.8,64.7,3.6,4.6,72.9,11.4,16.9,8.4,36.7,7.9,7.5,15.3,24.9,10.5,5.1,8.1,8.2,31.9,15.4,9.9,25.2,207,3460.2,258.1,472.4,4190.6,517.1,761.5,502.2,1780.8,600.7,339.4,940.1,1055.4,280,256.7,475.1,586.5,1598.3,684.3,550.4,1234.8,10800.1
36251,1066.9,97.4,226.9,1391.2,156.4,235.6,142.4,534.3,233.9,142,375.9,362.3,89.7,62.7,159,235.1,546.5,319.1,161.4,480.5,3690.7,884.3,60.6,100.6,1045.5,142.5,222.2,141.8,506.4,142.5,79.5,221.9,252.4,77.3,85,130.8,137.1,430.2,168,116.4,284.5,2741,667.9,25.9,57.4,751.2,90.5,157.8,94.3,342.7,132.8,66.7,199.5,170.2,54.6,56.1,69.2,128.7,308.6,96.2,144,240.1,2012.2,233.4,18.7,37.4,289.4,35.2,57.7,37.9,130.9,32,16.4,48.5,91.3,16.1,18.3,46.1,36.2,116.7,26.6,33.9,60.5,737.3,381.6,47.2,47.8,476.6,61.6,99.8,74.1,235.4,51,33.4,84.4,96,19.4,26.7,31.9,48.4,126.5,71.5,54.3,125.8,1144.8,79.8,NA,NA,93.9,15.8,14.1,9.5,39.4,9.8,5,14.8,NA,10.1,4.9,15.9,NA,NA,6.4,12.3,18.7,233.2,44.5,NA,NA,46.9,4.9,5.3,7.5,17.6,3.7,2.4,6.1,NA,3.5,1.7,2.8,NA,NA,10,7.8,17.7,109,58,3.5,4.8,66.4,12.7,16.2,9,37.8,8.2,7.2,15.4,24.1,12,4.3,7.9,8.1,32.2,15.2,10.7,25.9,201.8,3416.4,259.6,485.2,4161.2,519.5,808.5,516.6,1844.7,613.9,352.6,966.5,1026,282.8,259.7,463.6,611.9,1618,713,540.7,1253.7,10870
36281,1077,97.4,226.3,1400.6,162.1,225.5,147,534.7,218.1,132.7,350.8,357.7,86.8,59.6,163.4,234.8,544.5,326.8,163.9,490.8,3679.1,901.8,61.3,98.1,1061.1,146.8,221.3,137.9,506,135.3,79.9,215.2,260.8,77.7,79.7,131,128,416.4,184.4,119,303.3,2762.8,657.1,26.7,57.3,741.2,93,151.7,86.9,331.6,128.5,65.7,194.2,172.4,57.8,56.1,68.8,126.3,309,104.1,142.6,246.7,1995,234.5,18.6,38.6,291.7,36.9,56.9,35.4,129.2,30.5,17,47.5,91,16,19.8,46.3,35.4,117.5,26.3,33.3,59.6,736.4,382.7,46,47.8,476.5,65.1,107,75.1,247.3,51.9,33.5,85.4,109.3,19.3,28.4,31.3,47.8,126.8,72.8,53.9,126.7,1172,81.7,NA,NA,94.6,14.1,14.2,9.6,38,9.3,4.9,14.2,NA,10.3,4.9,16.6,NA,NA,6.2,12.5,18.6,232.2,47.2,NA,NA,49.6,4.7,5.3,8.6,18.6,3.7,2.4,6.2,NA,3.7,1.6,2.8,NA,NA,11.7,7.6,19.3,114.6,63.3,3.6,4.9,71.8,12.2,16.7,9.4,38.2,7.8,7.4,15.3,23.4,12.2,4.4,8,8.4,32.9,14.9,9.3,24.2,205.8,3445.2,260,482,4187.2,535,798.6,509.9,1843.5,585.2,343.5,928.7,1043.8,283.7,254.4,468.2,599.4,1605.7,747.3,541.8,1289.2,10898
36312,1085.2,99.3,224.8,1409.3,159.4,227.2,148.5,535.1,225.9,129.6,355.5,349.7,88.3,62.6,162.4,225.4,538.7,312,164.8,476.8,3665.1,896.5,60.5,98.5,1055.5,145.6,210.3,140.6,496.4,147,85.5,232.5,243.7,77.8,80.2,131.9,143.4,433.3,188.9,123.1,312,2773.3,669.4,25.2,55.2,749.7,91.1,156.2,89.9,337.2,136.4,65.1,201.5,179.4,55,56.3,71.5,127,309.9,100,146,246,2023.6,231.8,18.3,37.3,287.5,34.9,56.9,39.4,131.2,31.5,16.7,48.3,91.6,15.6,19,47.2,35.1,116.9,25.9,33.6,59.5,734.8,384.1,47.8,49.2,481.1,58.8,103.9,78.2,240.8,52.3,31.9,84.2,104.3,18.9,27.8,31.3,47.2,125.2,70.5,53.2,123.7,1159.2,80.5,NA,NA,94.8,15.4,14.2,9.6,39.2,9.6,4.8,14.5,NA,10.2,5.1,17.1,NA,NA,5.7,11.7,17.4,233.5,47.6,NA,NA,50.2,4.5,5.6,8.3,18.4,3.7,2.4,6.1,NA,3.3,1.6,2.7,NA,NA,10.2,7.3,17.5,112.4,63.5,3.4,5.1,72,12,16.8,9.6,38.3,7.9,7.5,15.4,23.3,11.5,4.2,8.3,8.7,32.7,14.7,9.5,24.2,205.8,3458.6,261.3,480.2,4200.1,521.6,791,524,1836.5,614.3,343.6,957.8,1020.9,280.7,256.9,472.4,605.4,1615.4,727.7,549.3,1277,10907.7
36342,1080.8,103.5,226.3,1410.7,160,225.7,157.9,543.6,230.3,127.8,358.1,363.5,91.6,59.4,161.7,233.4,546.1,238.3,150.7,389,3610.9,902,61.1,98.7,1061.8,147,203,147.4,497.4,143.9,87.8,231.8,271.1,73.6,74,133.6,137.8,419,202.3,119.1,321.4,2802.6,671.6,25.5,58.6,755.7,93.7,146.2,79.3,319.2,105.4,67.5,172.9,173.5,59.9,57.4,73.5,130.2,321,111.3,145.1,256.5,1998.7,234.4,18.8,40.2,293.4,35.3,58.8,43.3,137.4,31.7,17.3,49.1,90,15.8,19.8,51.8,35.7,123.1,27.5,32.4,59.9,752.8,379.8,47.6,50.2,477.5,67.7,98,85.2,250.8,52.3,33.7,86,102.9,16,27.8,29.9,46.6,120.4,71.3,55.2,126.5,1164.2,79.9,NA,NA,94.7,15.8,14.6,9.5,39.8,9.6,4.8,14.5,NA,10.5,5,17.3,NA,NA,6.9,12.5,19.4,235.9,48.4,NA,NA,51.2,4.7,5.8,8,18.5,3.8,2.6,6.3,NA,3.1,1.7,2.9,NA,NA,8.6,7.7,16.3,113.1,63.2,3.7,5.1,71.9,15.2,16.8,10.5,42.5,7.9,7.6,15.5,25.3,11,4.4,8.5,9.6,33.4,14.9,8.3,23.2,211.8,3460.1,267.1,489.6,4216.8,539.4,768.9,541.1,1849.5,584.9,349.3,934.2,1056.1,281.5,249.4,479.1,611.4,1621.4,681,531.1,1212.1,10890.1
36373,1093.6,105.8,226,1425.4,170.9,241,154.8,566.7,248.7,132.2,380.9,372.7,89.4,63.1,160.1,239.9,552.5,255.6,163.1,418.7,3716.9,909,62.3,101,1072.2,150.5,207.3,148.1,505.9,156.4,86.3,242.7,269.4,71.6,82.3,130.5,136.9,421.3,207.8,123.3,331,2842.6,671.4,25,61.3,757.7,95.9,143.5,84.9,324.2,110.5,69.4,179.9,177.6,60.4,56.8,73.8,134.2,325.3,110.8,148.7,259.5,2024.2,236.3,18.6,41.9,296.8,38,58.7,44.4,141.1,32.4,18.5,50.9,94.8,15.9,20,52.5,37.3,125.8,24.2,33.9,58,767.4,384.6,46.1,48.5,479.2,68.5,109.3,83.4,261.3,52.4,35.3,87.7,105.9,15.5,28.7,29.3,48.4,121.8,70.5,53.2,123.7,1179.7,81.2,NA,NA,96.4,15.7,15.4,9.5,40.6,9.4,4.6,13.9,NA,10.1,5,17.3,NA,NA,7.1,12.8,19.9,237.7,48.5,NA,NA,51.3,4.8,5.7,8.2,18.7,3.6,2.5,6.1,NA,3,1.7,2.9,NA,NA,8.3,7.6,15.9,112.7,64,3.8,5.2,73,13.5,16.9,10,40.4,9.6,7.6,17.2,25.1,11.1,4.6,8.3,8.8,32.7,15.5,8.3,23.8,212.3,3488.6,268.8,494.6,4252,557.8,797.8,543.3,1899,623,356.4,979.4,1075.3,277.1,262.2,474.7,623.3,1637.3,699.6,550.8,1250.4,11093.5
36404,1096.1,106.7,229.2,1432.1,187.3,246.5,161.5,595.4,245,127,372,365.5,92,66.8,165.5,237.2,561.6,262.4,164.6,427,3753.6,907,64.2,100.3,1071.5,155,208.6,155.7,519.3,159.8,87.7,247.5,273.3,71.6,89.5,131.3,139.5,431.9,223.7,121.2,344.9,2888.5,672,23,62.1,757.1,94.7,140.7,99.7,335.1,111.6,67.8,179.5,175.9,61.3,56.4,77.3,136.7,331.7,108.5,149.3,257.8,2037,237.4,19.7,39,296.1,38.6,60.2,46,144.9,32.3,17.6,49.9,94.4,17.3,21.9,52,36.1,127.3,25.4,34.4,59.8,772.3,389,48.7,47.3,485,68.8,98.3,84.3,251.4,53.6,34.7,88.3,109.2,14.2,27.2,29.3,47.9,118.5,74.1,53.6,127.7,1180.2,81,NA,NA,96.3,15.8,16.1,8.9,40.7,9.6,4.7,14.3,NA,10.3,5.3,16.9,NA,NA,6.7,13.1,19.8,238,48.5,NA,NA,51.3,5,5.4,8.3,18.7,3.7,2.6,6.4,NA,3.2,1.7,2.9,NA,NA,8.2,7.7,15.9,113.4,65.2,3.7,5.2,74.1,14.8,16.2,9.6,40.6,8.1,7.4,15.5,25,11.4,4.5,8.6,8.7,33.1,15.2,8.4,23.7,212,3496.2,273.8,493.6,4263.6,580,792.2,573.9,1946.1,623.9,349.5,973.3,1073.3,281.4,273.2,483.8,623.7,1662,724.2,552.3,1276.5,11194.9
36434,1090.6,105.2,228.5,1424.2,179.1,244.3,177.9,601.3,247.6,125.4,372.9,374.1,87.6,62.8,166.6,238.1,555.1,255.7,158.3,414.1,3741.8,909.2,64.7,98,1071.9,156.6,206.2,163.9,526.6,157.8,87.5,245.3,270.8,69.3,87.1,122.8,135.7,414.9,216.9,124.5,341.4,2870.9,675.1,23.4,61.1,759.6,94.8,137.5,90.7,323,112.3,63,175.3,175,61.6,54,75,121.3,311.8,123.7,149.1,272.8,2017.6,234.1,20.1,41,295.2,38,60.8,46.9,145.7,31.8,17.4,49.3,93.7,16.8,19,51.7,37.3,124.8,30.8,33.6,64.4,773.1,389.6,49.2,60.4,499.3,69.4,94.7,85.2,249.3,56.3,35.2,91.6,108.9,18.8,27.9,28.5,50.5,125.7,71.7,53.4,125.1,1199.7,81,NA,NA,96.5,15.1,15.8,9.2,40.1,8.6,4.4,13,NA,10.5,5,15.8,NA,NA,6,12.8,18.8,233,48.1,NA,NA,51,4.8,5.3,9,19,4.8,2.5,7.3,NA,3.2,1.9,3,NA,NA,8.5,7.7,16.2,114.8,64.3,3.6,5,73,19.7,17.3,8.7,45.7,8.2,7.5,15.7,24.9,12.6,4.5,8.7,8.9,34.7,13.7,8.1,21.8,215.8,3491.9,273.8,504.9,4270.6,577.5,781.8,591.5,1950.8,627.4,342.9,970.4,1076.7,280.5,262.4,471.9,608.9,1623.7,726.9,547.6,1274.5,11166.7
36465,1101.7,102.1,229.8,1433.5,177.6,237.5,154.7,569.8,254.6,131.2,385.8,369,85,63,171.3,237.9,557.1,259.4,166.6,426,3741.3,918.9,66.5,97.3,1082.7,156.7,208.3,167.3,532.2,152.5,87.7,240.1,272.3,71.1,82.5,128.7,133.6,416,224.8,129.1,353.9,2897.3,680.1,23.9,60.7,764.7,97.4,139.8,93.8,331,109.5,67.5,177,174.4,62.2,56.9,79.2,129.9,328.2,130.1,152,282.1,2057.4,237.7,19,39.7,296.4,37.5,61.9,47.7,147.2,31.5,18,49.5,94.5,19.5,20,52.1,38.2,129.8,27.5,32.8,60.3,777.6,397.2,50.3,54.5,502,73,92.2,86,251.2,57.9,36,93.9,108.3,21.3,27.2,29.3,48.4,126.2,71,55,126,1207.6,81.1,NA,NA,96.6,14.6,15.5,9,39.1,8,4.6,12.6,NA,10.3,5.1,14.9,NA,NA,7.6,13.3,20.9,232.9,48.5,NA,NA,51.4,5.2,6.6,9.2,20.9,4.7,2.6,7.4,NA,3.5,1.9,2.9,NA,NA,8.4,7.5,15.8,117.1,65.4,3.6,4.8,73.8,17.1,16.3,8.9,42.4,8.3,7,15.3,25.4,13.1,4.6,10.5,8.5,36.6,16,7.9,23.9,217.5,3530.6,272.6,498,4301.1,579.1,778.1,576.6,1933.8,627,354.6,981.6,1073.2,286,261.2,488.9,614,1650.1,744.7,564.1,1308.8,11248.7
36495,1112.2,102.6,245.4,1460.2,170.4,238.6,146.2,555.3,253.4,128.9,382.2,372.6,86.8,60.2,169.8,237.7,554.4,270.5,151.6,422.1,3746.9,912,65.7,99.5,1077.1,153.3,215.8,163.1,532.2,153.9,82.1,236.1,270.6,70.3,81.6,126.2,125.5,403.6,215.6,128.5,344.1,2863.8,679.3,27.1,60.4,766.8,95.1,144,93.7,332.8,111.1,64.3,175.4,174.2,58.9,62.6,79.7,127.3,328.5,127.9,147,274.9,2052.7,235.1,18,39.4,292.6,38.4,53.8,50,142.1,31.2,18.2,49.4,90.4,20.4,18.2,54,38.4,131,28,32.9,60.9,766.4,399.4,50.7,53.2,503.3,71.9,91.5,87.3,250.7,57.7,34.6,92.2,108.6,19,24.5,30.8,47.6,122,68.8,53.6,122.3,1199.3,80.3,NA,NA,96.1,15.1,15.1,9.7,39.9,8.4,4.6,13.1,NA,10.1,5.2,14.8,NA,NA,7.9,13.5,21.3,236.2,48.8,NA,NA,51.6,5.3,7.4,9.7,22.4,4.2,2.7,6.8,NA,3.1,1.9,3.1,NA,NA,8.7,7.3,16.1,118.7,67,3.6,5,75.6,17.2,15.2,9.3,41.6,8.6,7.2,15.8,25.9,12.8,4.4,9.7,8.9,35.8,14.7,7.9,22.6,217.3,3534.2,275.1,514.3,4323.5,566.8,781.4,568.9,1917.1,628.5,342.5,971.1,1072,281.3,258.7,488.1,605.1,1633.2,742.2,542.2,1284.4,11201.2
36526,1116.4,100,187.4,1403.8,187.6,222.2,170.2,580,233.2,135.1,368.3,375.9,86.5,65.3,160.8,235.9,548.4,267.1,148.3,415.4,3691.8,921.7,58,93.9,1073.6,139.8,221.6,163.9,525.3,151.8,89.6,241.4,266.3,60.8,87.8,124.7,126.8,400.1,210.4,121.6,332,2838.7,691.6,26.3,67.6,785.6,94.2,154.4,104.4,353,105.1,66.1,171.3,174.7,55.5,55.6,61.1,132.3,304.5,137.7,144.4,282.1,2071.1,229.5,17.9,40.2,287.5,41.8,58.4,49.9,150.1,28.1,17.8,45.9,93.3,16.3,18.4,53.7,37.4,125.9,37.4,38.5,75.9,778.7,382.8,51.7,43.7,478.2,69.5,92.9,89.4,251.7,52.5,39.9,92.4,106.9,25.9,24.7,32.3,58.7,141.6,68.3,58,126.3,1197.1,78,NA,NA,93.7,16.4,14.4,9.2,40,8,4.5,12.6,NA,10.5,5,13,NA,NA,7.3,13.9,21.2,228.1,48.7,NA,NA,51.6,5,7.4,9.3,21.7,4.2,2.6,6.9,NA,3.1,1.8,2.9,NA,NA,8.4,7.5,15.8,117.4,66.5,3.7,7,77.2,16.4,18.8,9.2,44.4,9.9,6.8,16.7,25.7,11.8,4.8,9.2,8,33.7,14.3,7.6,21.9,219.7,3535.1,264.8,451.3,4251.2,570.7,790.1,605.4,1966.2,593,362.5,955.4,1071.8,270.4,263.4,457.7,615.7,1607.2,750.8,539.9,1290.7,11142.5
36557,1111.5,103.5,188.5,1403.6,199.6,237.4,180,617,212.1,134.7,346.8,377.2,85.6,65.6,160.1,241.1,552.4,273.1,151.1,424.2,3721.2,922.3,62.8,94.1,1079.2,118.4,222,162.5,502.9,152.1,78,230,267.2,58.7,85.8,126,122,392.5,209.2,110.6,319.8,2791.7,692.6,25.8,53.1,771.4,92.7,152.3,98.1,343.1,95.3,65.6,160.9,181.4,64.9,56.6,61.1,128.9,311.5,146.6,137.5,284.1,2052.4,234.1,18.5,37.8,290.4,38.8,58.2,49,146,28.4,18.1,46.4,91.8,16.2,18.9,53.6,37.7,126.4,31,35.8,66.8,767.9,388,52.4,41.8,482.1,73.1,97.7,89.9,260.7,56.1,42,98.1,109,25.9,24.9,29.4,59,139.2,70.6,58.8,129.4,1218.5,81,NA,NA,96.5,15.4,14.8,9.2,39.3,7.9,4.5,12.5,NA,10.1,4.9,13,NA,NA,7,12.3,19.3,228.2,48.3,NA,NA,51.1,4.8,7.5,9,21.4,4.4,2.6,6.9,NA,3,1.7,3,NA,NA,9.2,7.7,16.9,117.7,67.1,3.7,7,77.8,18,19,9.6,46.7,8.6,7,15.5,25.9,10.9,4.6,8.8,8.8,33.2,14.3,7.3,21.5,220.6,3544.7,274,433.4,4252.1,560.9,809,607.2,1977.1,564.7,352.5,917.2,1082.2,275.3,263.1,455,614.1,1607.5,760.9,521.1,1282.1,11118.2
36586,1117.8,99.7,186.2,1403.8,197.7,228.1,173.6,599.3,236.4,134.9,371.3,374.3,83.7,66.4,163.9,238.1,552.1,276.3,157.4,433.7,3734.5,922.6,62.2,96.4,1081.3,141.7,212.7,156.7,511.1,146,81.3,227.3,257.1,64.1,82.4,127.7,123.3,397.5,210.6,111,321.7,2796,687.1,25.9,52.3,765.3,94.5,156.6,102.3,353.4,101.4,66.1,167.5,174.6,59.9,56,60.3,130.3,306.4,150.2,145,295.1,2062.4,234.9,18.4,39.6,292.9,36.3,64.1,50.7,151.2,27.6,17.5,45,90.2,16.7,18.7,55,37.4,127.9,29.6,36.8,66.4,773.5,387.7,52.6,40.2,480.6,74.4,98,92,264.4,56.3,42.4,98.6,105.5,26.2,26,30,61.6,143.7,70.8,61.6,132.4,1225.2,80.7,NA,NA,96.2,15.5,14.4,8.5,38.4,7.3,4.4,11.7,NA,10.2,4.4,12.8,NA,NA,6.9,12.3,19.2,225.1,49,NA,NA,51.8,5.2,7.6,9,21.8,4.4,2.7,7,NA,3.1,1.8,3,NA,NA,8.4,7.7,16.1,117.7,67.4,3.6,5.5,76.6,17.5,20.2,9.9,47.5,8.8,7,15.8,25.5,11.6,5.1,8.5,8.9,34.1,14.3,7.8,22.2,221.7,3547.2,269.8,431.5,4248.5,582.7,801.6,602.7,1987.1,588.1,356.2,944.3,1055.9,275.6,260.7,461.2,616.2,1613.6,767.1,539.7,1306.8,11156.1
36617,1114.8,105.6,179.8,1400.2,188.7,234.7,163.8,587.2,227.1,129.3,356.3,378.5,88.8,66.7,164.6,234.1,554.2,282.1,160.2,442.3,3718.8,929.6,61.5,88.9,1080.1,140.7,191,161.8,493.5,145.8,84.8,230.6,272.8,59.7,79.8,130,127.7,397.3,185.5,103.8,289.3,2763.6,699.2,28.5,52.2,779.9,94.2,163.1,105.1,362.3,105.3,71.7,177,185.3,54.7,58.2,63.5,140.5,316.9,139.8,143.8,283.6,2105,235.2,19.8,37.8,292.8,37.5,58.5,52.9,149,26.8,17.8,44.6,92.4,15.8,17.2,49.9,37.2,120.2,29.7,46.4,76.1,775.1,392.8,54.5,35.2,482.5,60.1,98.4,94.3,252.8,62.4,45.3,107.7,108.2,25.7,29.5,31,59.7,145.9,68.1,63.3,131.4,1228.4,79.1,NA,NA,93.5,16.1,17.7,8.3,42,7.3,4.4,11.6,NA,10.2,5.1,13.5,NA,NA,6,11.6,17.7,226.5,47.9,NA,NA,50.8,6.1,8.1,9.2,23.3,4.6,2.7,7.3,NA,3,1.7,3,NA,NA,8.3,8.6,16.9,120,69.5,3.7,6.6,79.8,17.7,19.1,10.3,47.1,9.4,7,16.4,25.9,12.3,4.6,7.9,8.9,33.8,15,8.4,23.4,226.3,3568.2,280.9,410.4,4259.5,561,790.6,605.7,1957.2,588.5,363,951.5,1092.9,270.2,262.9,463.5,625.3,1621.9,734.6,546.1,1280.7,11163.7
36647,1119.2,104.9,179,1403.1,191.8,258.9,167.8,618.4,226.1,139.7,365.8,383.9,97.4,70.5,165.5,238.6,572,274.6,161.5,436.1,3779.3,942.3,59.7,88.6,1090.5,140.4,224.9,160,525.3,154.7,88.8,243.4,276.6,56.8,82,128.6,134,401.3,207.5,103.6,311,2848.2,687.5,27.7,49.2,764.4,101.9,175.2,106.8,384,103.3,71.7,175,177.2,51.6,57.3,63.2,136.8,309,142,140.8,282.8,2092.4,235.6,18.2,40.7,294.4,38.9,62.8,54.2,155.9,29.1,20.5,49.6,96.3,14.7,17.9,46.8,39.2,118.5,30.4,48.3,78.7,793.5,388.9,54.9,35.3,479.2,57.7,100.8,101,259.5,61.9,46,107.8,106.4,26.5,28.5,31.7,61.8,148.5,67.5,64.3,131.8,1233.1,80,NA,NA,94.5,17.3,15.6,9,42,7.2,4.6,11.8,NA,10.4,4.9,13.3,NA,NA,5.8,11.4,17.2,228.4,49.2,NA,NA,52.1,4.9,7.6,9.4,21.9,4.6,2.7,7.3,NA,2.8,1.8,3,NA,NA,8.4,7.7,16.1,119.1,71.6,3.7,7.1,82.4,18.4,22.2,11.1,51.7,9.1,7.9,17,27.1,11.4,4.9,8.1,9.1,33.5,14.7,8.1,22.8,234.4,3574.2,276.3,410,4260.5,571.5,867.9,619.3,2058.6,595.9,381.9,977.8,1097.9,271.6,267.6,460.2,637.6,1637.1,750.9,545.6,1296.5,11328.4
36678,1126.7,120.5,182.5,1429.7,243.5,290.3,210.9,744.7,276.8,160.4,437.2,470.4,88,73.8,175,269.6,606.4,286.9,169.5,456.4,4144.7,949,70.8,88.1,1107.9,174.9,247.9,187.4,610.2,184.5,104.2,288.7,328.1,59.5,87.4,134.2,143.1,424.2,216.5,102.8,319.3,3078.3,714.3,30.7,51.3,796.2,130.7,187.7,114.1,432.4,126,74.1,200.1,212.3,51,60.6,65.2,140.6,317.4,142.2,130.7,272.9,2231.4,233.9,21,38.1,293,44.9,72.6,62.9,180.3,32.1,22.9,54.9,110.4,14.5,19,48.2,41.6,123.3,31.1,48.1,79.2,841.2,398.6,54.5,32.4,485.5,72.9,104.4,112.8,290.1,76.3,48.7,124.9,124.8,27,31.1,32.6,63.5,154.2,70.3,69.1,139.4,1318.9,80.4,NA,NA,95.2,22,15.9,10.2,48.1,8.2,4.9,13.1,NA,10.7,5,13.2,NA,NA,5.7,10.9,16.7,239,49.3,NA,NA,52.5,5.7,8.6,9.5,23.8,5.3,3.1,8.4,NA,2.9,1.8,2.9,NA,NA,8.1,7.6,15.7,122.9,73.3,4.5,8,85.7,25.2,24.5,14.6,64.3,10.5,9.2,19.7,33.7,11.8,5.3,7.8,11.2,36.1,17.1,8.5,25.6,265.2,3625.4,310,410.3,4345.7,719.8,951.7,722.4,2393.9,719.6,427.5,1147,1313.1,265.3,284.1,479,688.2,1716.6,778,547.2,1325.2,12241.6
36708,1140.9,105.7,171.9,1418.6,159.6,242.4,170.4,572.4,210.1,116.6,326.6,304.3,107.5,58.6,150,219.8,536,291,190.7,481.7,3639.5,949.9,62.7,97.3,1109.9,125.1,205,141.4,471.4,116.1,68.4,184.5,215,59,72.7,140.8,113.2,385.7,194.1,106.7,300.9,2667.4,711,26.8,65.8,803.7,86.8,193.7,108.6,389.1,98.3,71.5,169.8,152.7,51.9,56.8,68.6,141,318.2,142.6,137.7,280.3,2113.7,235.1,19.9,36.9,291.9,30.6,68.5,52.1,151.1,23.3,18.3,41.6,76.8,15.1,18.5,53.1,37.4,124.2,31.1,40.4,71.6,757.2,394.5,51,31.3,476.8,57.7,106.9,91.6,256.2,53.4,42.3,95.7,89.9,25.4,29.2,35,53.3,142.8,69.2,62.6,131.8,1193.3,82.6,NA,NA,97.3,14.3,15.9,13.7,43.8,6.5,5.5,12,NA,10,4.3,13.6,NA,NA,6.6,12,18.6,231.2,49.6,NA,NA,52.4,5.3,7,8.5,20.8,4.8,2.4,7.2,NA,3.7,1.9,2.9,NA,NA,9.2,7.7,16.9,118,71.8,3.7,7.7,83.2,14.4,17.5,9.8,41.7,8.4,7.1,15.5,20.9,11,5,10.7,9.3,36.1,16.6,9.1,25.7,223.2,3635.4,277.3,421,4333.7,493.7,856.8,596.1,1946.7,520.9,332,852.9,886.4,283.7,246.9,474.6,591.1,1596.3,760.4,566.9,1327.4,10943.4
36739,1165,116.3,171.9,1453.2,184.7,256.4,182.9,623.9,226.7,123.6,350.3,410.3,97.8,65.9,163.1,227.7,554.5,298.4,194.5,492.9,3885.1,952.7,67.4,98.5,1118.6,141,216.8,147.6,505.5,130.9,77,207.8,282.9,59.3,79.3,142.4,119.2,400.2,197.1,107.5,304.6,2819.6,713.9,27.4,63.1,804.4,93.8,202.5,105.9,402.2,107.3,73.8,181.2,196.1,48.4,58.3,69.5,141.5,317.7,138.3,133.6,271.9,2173.4,234.2,22.3,38.9,295.4,37.1,67.2,54.7,159,26.4,19.3,45.7,96.5,14.8,18.4,57.7,39.9,130.8,32.9,40.2,73.1,800.5,394.1,54.8,32.1,481,59.2,106.3,94.5,260,59.1,45.4,104.5,116.6,26,29.7,36.9,55.9,148.5,68.5,63.3,131.7,1242.3,83.3,NA,NA,97.9,16,15.7,15.2,46.9,6.7,5.8,12.5,NA,10.6,4.4,14,NA,NA,7.1,12.2,19.2,241.5,49.8,NA,NA,52.7,5.5,6.7,8.7,20.8,5.3,2.3,7.6,NA,3.6,1.9,3,NA,NA,8.6,7.6,16.3,119.5,74.3,3.9,7.6,85.8,15.9,19.2,9.5,44.6,7.8,7.4,15.2,27.1,12.3,5.2,11.1,9.4,38,16.9,9.3,26.3,236.9,3667.2,299.8,422,4389,553.2,890.7,619,2062.9,570.2,354.6,924.8,1161.8,272.9,263.2,497.6,610.7,1644.4,767.7,568.2,1335.9,11518.8
36770,1168.4,117.9,168.9,1455.2,177.5,256.7,181.9,616.2,289.4,138.3,427.7,405.8,93.6,72.2,161.4,249.7,576.9,395.5,203.3,598.9,4080.6,946.6,64.7,101.8,1113.1,145.7,212.4,146,504.1,131.7,78.8,210.5,280.6,61.3,81.2,145.2,121.3,409,197.2,108.1,305.4,2822.7,714,28.4,64.6,807.1,91.3,201.1,105.3,397.7,111.9,73.6,185.4,182.8,48.6,59.4,69,144.4,321.4,135.5,136.4,271.9,2166.3,231.6,22.2,37.6,291.5,36,70.7,51.3,158,27.6,20.2,47.8,95.9,14.4,19.7,57,40.3,131.5,34.7,41.1,75.7,800.4,397.6,55,33.4,485.9,60,116.1,98.1,274.2,61.6,47.7,109.4,112.1,26,32.2,36.7,57.4,152.3,68.5,63.3,131.8,1265.6,83.8,NA,NA,98,15.9,15.3,15.6,46.8,7.3,5.8,13.2,NA,10.6,4.4,14.7,NA,NA,7.2,12.7,19.9,243.6,49.9,NA,NA,52.8,5.4,6.8,8.5,20.8,5.2,2.3,7.6,NA,3.4,1.9,3.1,NA,NA,8.7,7.6,16.3,118.8,71.7,4,7.8,83.5,16,19.3,10.4,45.7,9.4,7.5,16.9,26.9,11.7,5.4,11.4,9.3,37.8,18,9.4,27.4,238.2,3663.6,299.2,424.2,4387.1,547.9,898.3,617.1,2063.4,644.1,374.3,1018.5,1135,269.7,276.4,498.5,640.5,1685,865.3,581.9,1447.2,11736.2
36800,1165.7,114.3,153.2,1433.1,177,265.1,184.1,626.2,230.2,138.5,368.6,390.2,98.6,66.5,159.6,253.6,578.3,339.5,210.4,549.9,3946.5,957.7,68.4,92.9,1119,147.3,208.4,146.4,502.1,126.1,84.5,210.6,283.6,59.6,78.7,145.6,132.8,416.8,208.6,116.8,325.3,2857.4,720,27.9,64.3,812.2,92.4,206.8,112.1,411.2,107,76.2,183.2,183.9,55.6,58.6,69.2,151.5,334.9,138,139.2,277.1,2202.5,239.3,22.5,35.9,297.7,37.6,59.8,59.7,157.1,26.6,20.3,46.9,93,15,16.1,64.5,40,135.7,35.8,39.8,75.6,805.9,393.8,53.5,31.3,478.6,57.9,83.4,99.4,240.7,59.4,46.4,105.8,108.7,24.1,26,36,54.6,140.7,69.3,64.6,133.9,1208.4,85.6,NA,NA,100,14.9,15.1,16.6,46.7,7.8,4.8,12.6,NA,10.6,4.8,14,NA,NA,8,12.9,20.8,244.8,48.9,NA,NA,51.6,5.4,6.5,8.7,20.7,5.5,2.5,8,NA,3.2,1.9,3.1,NA,NA,8.5,7.4,15.9,117.8,74.4,4,7.3,85.7,17.1,19.2,11,47.2,9.9,7.9,17.8,26.8,12,4.4,12.6,9.5,38.5,18.3,9.5,27.8,243.8,3685.4,297.8,394.8,4378,549.7,864.2,638,2051.9,572.4,381.1,953.5,1117.6,278.7,257,504.8,659.2,1699.7,825.8,600.6,1426.4,11627
36831,1163.7,109.2,151.8,1424.7,178.2,270.6,193.3,642.1,226.4,132.2,358.6,377.7,100.1,65.9,162.3,242.4,570.6,316,200.5,516.5,3890.2,968.6,70.3,91.6,1130.5,156.4,221.4,152,529.7,140.5,89,229.5,275.1,61.3,77.3,145.3,135.7,419.6,198.9,122,320.9,2905.3,723.9,28.9,61.6,814.4,90.9,191.6,111,393.5,111,75.5,186.5,173.1,54.3,58.1,71.1,148.5,332,143.1,144.9,288,2187.4,242.4,23.2,36.4,302,43.7,64.4,60.2,168.3,27.6,21.4,49,92.1,15.8,17.7,61.8,41.4,136.7,37.2,40,77.2,825.2,392,53.6,33.6,479.3,62,85.2,99.1,246.3,57.9,47.3,105.2,106.1,24.4,26.3,35.7,57.3,143.6,67.4,63.6,131,1211.6,86.6,NA,NA,101.2,14.1,15.5,17.8,47.4,8.1,4.9,13,NA,10.6,4.7,14.5,NA,NA,7.6,12.8,20.4,247.8,48.8,NA,NA,51.5,5.4,6.5,8.8,20.7,5.5,2.6,8,NA,3.2,1.9,3.1,NA,NA,8.4,7.5,15.9,117.4,74.5,4.1,7.4,86.1,16.9,19.2,11,47.1,10,7.9,17.9,25.4,12.6,4.5,12.8,9.6,39.6,18.8,9.8,28.6,244.8,3700.5,297.2,392.2,4389.8,567.7,874.3,653.2,2095.2,587,380.8,967.8,1080.3,282.5,256.3,506.6,652.8,1698.2,797.3,601.2,1398.5,11629.7
36861,1195.1,113.8,152.4,1461.4,181.8,268,200.3,650.1,232,133.2,365.2,397.7,91.3,65.6,168.5,241.7,567.1,309.6,200.2,509.8,3951.2,994.3,69.2,92.8,1156.3,159.4,217,163.3,539.7,150.3,97.4,247.6,285.6,62.1,78,143.4,143.5,427,198.8,125,323.8,2979.9,736.6,30.1,63.8,830.6,91.9,171.9,118.4,382.1,119.1,75.1,194.2,188.6,53.2,55,69.3,146.7,324.2,130.7,143.6,274.3,2193.9,244.8,23.2,35.8,303.8,41.8,64.5,60.3,166.7,27.7,23.7,51.4,97.2,14.7,18.2,62.5,42.9,138.3,35.5,40.3,75.8,833.3,398.8,53.3,33.2,485.2,64.1,85,101.4,250.5,57.2,45.4,102.6,112.4,24.1,25,35.1,48.8,133,67.1,60.9,127.9,1211.6,88.3,NA,NA,102.9,15.3,14.9,17.2,47.4,8.2,4.9,13.1,NA,10.2,4.7,14.6,NA,NA,7.5,12.8,20.3,248.8,49.2,NA,NA,51.9,5.2,6.4,9.1,20.7,5.9,2.6,8.5,NA,3.7,1.9,3.1,NA,NA,7.9,7.4,15.3,118.6,75.3,4,7.7,87,16.6,18,11.1,45.7,10.6,8.2,18.8,27.1,11.5,4.5,13.9,9.3,39.2,18.5,9.8,28.4,246.1,3782.4,301.1,395.5,4479.1,576,845.7,681.3,2103,610.9,390.6,1001.5,1139.8,270.8,252.9,510.3,650.5,1684.6,775.6,599.9,1375.5,11783.5
36892,1186.1,126,151.3,1463.5,175.2,275.8,207.2,658.2,224,138.7,362.6,396.9,101.3,72.2,164.6,263.5,601.6,342.9,204.3,547.2,4030,979.9,68.8,96.3,1145,163.8,218.2,157.3,539.3,138.1,92.3,230.4,289.2,64.7,81.7,148.9,140.4,435.7,204.8,128.4,333.2,2972.9,739.1,27.3,65.3,831.7,95.1,179.9,117.1,392.2,127.2,74.4,201.6,186.3,51.8,57.1,74.5,144,327.5,145,147.7,292.7,2232,244.7,23,33.3,301,37.1,64.1,60.5,161.7,26.7,22.2,48.8,93.2,13.4,17.9,58.1,41.6,131,44,44,88,823.6,400.1,50.3,31.7,482.1,59.7,86.8,99.8,246.3,57.3,47.2,104.5,111.6,26,27.1,37.6,54.9,145.5,68.3,61,129.3,1219.3,87.1,NA,NA,101.9,16,14.5,18.8,49.3,8.1,4.5,12.5,NA,11.2,4.9,15.5,NA,NA,8.1,12.8,20.9,250.2,50,NA,NA,52.7,5.3,5.9,8.8,20,5.8,2.6,8.4,NA,3,2.1,3.6,NA,NA,8,7.2,15.2,118.2,75,4.1,7.9,87,17.2,17.6,11.1,45.9,11.4,8.1,19.5,26.2,10.9,4.1,14.9,9.3,39.1,21.8,10.3,32.1,249.8,3761.9,307,395.9,4464.8,569.6,862.7,680.5,2112.9,598.5,389.9,988.4,1133.7,282.3,267.2,517.6,670.6,1737.7,842.8,615.7,1458.5,11896
36923,1205,119.3,153.1,1477.4,174.2,281.2,210.2,665.6,220.3,140.8,361.1,395.6,108,74.3,163.4,271.8,617.6,332.4,214.9,547.2,4064.6,1006.2,70.6,98.3,1175.1,166.7,226.7,156.4,549.7,139.4,96.2,235.6,292.1,64.3,79.6,154.8,145.3,443.9,212.2,129.7,341.9,3038.4,764.5,30.2,69.9,864.5,96.6,180.4,121.5,398.4,120.9,74.8,195.6,190,52.5,59.5,78.1,148.6,338.7,151.7,146,297.7,2285,252.5,22.5,31.8,306.8,39.5,65.4,59.6,164.5,27.1,22.7,49.7,97.7,13.9,18,59.6,43.1,134.6,41.3,49.3,90.6,843.9,405.3,49.7,33.5,488.5,57,89.8,98.2,245,62.5,48.8,111.3,113.2,25.6,29.2,40.3,57.8,152.9,69.9,55.9,125.8,1236.7,90.1,NA,NA,104.8,16.2,14.1,21.9,52.3,8,4.4,12.5,NA,10.9,4.7,16.3,NA,NA,7.9,13,20.8,256.4,51,NA,NA,53.8,5.4,6.1,8.7,20.2,5.9,2.6,8.6,NA,3,2.1,3.5,NA,NA,7.7,7.5,15.3,119.6,76.7,4.5,8.5,89.7,15.7,18.5,10.7,44.9,11.2,8.4,19.6,26.4,10.8,4.3,15.7,9.4,40.2,20.1,10.2,30.4,251.2,3851.4,304.1,405,4560.4,571.2,882.2,687.3,2140.6,595.4,398.8,994.2,1145.5,289.1,271.6,531.6,693.1,1785.4,843.2,626.5,1469.7,12095.8
36951,1205.4,120.4,157.9,1483.7,179.4,269,211,659.4,234.6,142.6,377.2,399.8,102.6,73.4,163,272.3,611.2,343.4,220.3,563.7,4095,1004.3,72.4,98.6,1175.3,173.5,221.6,157.9,552.9,141.8,95.9,237.7,302.5,66.9,78.1,150.5,141.7,437.1,216.1,134.2,350.3,3055.8,758.1,30.2,71.8,860.1,98.2,182.7,122.1,403,126.2,73.3,199.5,189.2,54.1,62,75.4,146.1,337.6,155.1,150.5,305.6,2295.1,254.5,23.1,33.9,311.5,41.1,63.1,65.2,169.5,28.3,23.6,52,98,13.3,17.7,60,44.5,135.5,40.9,49.5,90.4,856.8,406.4,51.7,34.1,492.2,60.2,86.7,100.3,247.1,58,48.5,106.4,113.6,26,26.4,41.9,57.1,151.5,68.3,60.1,128.4,1239.2,90.5,NA,NA,104.7,16,14.3,21.1,51.3,8.3,4.7,13.1,NA,11.1,4.8,16.1,NA,NA,7.9,13.4,21.3,257.6,50.5,NA,NA,53.3,5,5.7,8.9,19.6,6.1,2.7,8.8,NA,2.9,2,3.5,NA,NA,9.1,7.5,16.6,120.6,77.6,4.3,8.8,90.6,16.9,18,10.9,45.8,11.6,8.6,20.2,28.5,10.8,4.1,15.9,9.8,40.6,20,10.4,30.5,256.2,3847.3,309.5,414.7,4571.4,590.2,861.1,697.3,2148.6,614.9,399.9,1014.9,1163.5,287.8,268.5,526.3,688.7,1771.2,860.9,645.9,1506.8,12176.4
36982,1238.9,119.6,181.4,1539.9,182.6,260.4,218.2,661.2,264.9,146.9,411.8,397.2,95.1,70.8,161.8,285.9,613.5,316.4,185.3,501.7,4125.4,997.5,74,111.5,1183,168.9,234.4,159.9,563.2,139.1,84,223.1,281.5,65.3,80.9,176.9,123.6,446.7,231.7,136.6,368.4,3065.8,770.2,30.8,61.8,862.9,100.9,185.6,126.5,412.9,142.3,73.4,215.6,190.2,49,60.2,70.5,143.9,323.5,158.5,146.8,305.3,2310.4,255.4,23.6,31.5,310.5,42.9,63.6,72.1,178.6,27.3,25.3,52.6,96.3,14.2,20.1,59.6,47.2,141,42.4,45.7,88.1,867.2,409.1,51,33.1,493.1,65.1,88.5,101.9,255.5,57.3,47.1,104.4,110.4,29.1,25.8,42.8,57.7,155.3,63.1,65.6,128.7,1247.6,90.2,NA,NA,104.5,16.3,14.2,20.8,51.3,9.2,5.4,14.6,NA,9.4,5.6,13.6,NA,NA,9.5,14.3,23.8,258,51.8,NA,NA,54.5,5.3,5.5,9,19.8,6.2,2.7,9,NA,2.6,1.8,3.4,NA,NA,8.4,7.4,15.8,120.7,76.8,4.3,9.3,90.4,16.6,18,11.2,45.9,11.3,8.6,19.9,26.4,9.2,4.3,15.6,9.8,38.8,23.8,10,33.7,255.2,3890,310.7,438.1,4638.8,598.5,870.3,719.7,2188.4,657.7,393.3,1051,1132.8,273.7,269.5,544.2,686.2,1773.6,853.8,611.8,1465.6,12250.2
37012,1248.7,121.1,177.9,1547.8,181.3,262.9,217.5,661.8,253.4,146.7,400.1,410.5,94.3,66.7,164.1,283,608.2,333.3,182.3,515.7,4144.1,996.8,76.1,97.3,1170.2,171,241.9,166.8,579.7,134.5,87.4,221.9,285.2,68.2,84,183.7,133.4,469.3,226.1,133.2,359.3,3085.5,774.7,31.9,67.1,873.7,97.2,199.5,127.1,423.8,140.5,72.8,213.2,192.9,48.3,61.6,66.5,145.8,322.3,152.8,146.4,299.2,2325.1,257.6,24,32.8,314.3,42,66.6,77.9,186.5,26.8,26.4,53.2,95.7,14.2,20.7,62.8,45.8,143.6,42,46.2,88.2,881.5,407.4,52.5,31.8,491.7,56.3,76.4,99.4,232.1,58.1,45.2,103.3,115.6,28.5,23.3,42.6,54.4,148.9,59.7,64.6,124.3,1216,91.3,NA,NA,105.2,15.9,13.8,19.8,49.5,9.2,4.9,14.1,NA,9.1,5.4,13.9,NA,NA,8.8,14.4,23.2,254.7,50.1,NA,NA,52.7,5.3,6.3,10,21.6,6,2.9,8.9,NA,2.6,1.9,3.5,NA,NA,8.2,7.6,15.9,121.4,75.8,4.3,9.4,89.5,16.8,19.4,10.9,47.2,11.3,8.8,20.1,26.7,9.2,4.3,14.8,9.9,38.3,23,9.7,32.7,254.4,3902.4,317.1,425.5,4645.1,585.9,886.8,729.5,2202.2,639.8,395.1,1034.9,1157.8,274.6,267.9,552.1,689.6,1784.2,854,604.4,1458.4,12282.6
37043,1258.8,119.1,182.8,1560.6,187,266.2,218.8,672.1,247.1,144.8,391.9,392.5,97.8,66,165.7,283.3,612.7,317.7,189.3,507,4136.9,997.7,73.1,97.8,1168.7,175.3,266.6,170.6,612.5,138.2,91.3,229.5,287.4,69.4,85.9,185,139.6,479.8,235.6,133.9,369.5,3147.4,776.8,32.2,67.5,876.5,102.3,191.8,129.9,423.9,136.8,73.8,210.6,193.5,46.7,61.6,63.5,146,317.8,152.1,146.9,299,2321.3,259.3,24,33.8,317.2,41.4,67,75.9,184.3,27.1,24,51.1,98,14.8,20.6,62.8,45.8,144,41.4,46.7,88.1,882.7,409.4,49.4,32.7,491.6,60.3,88.7,101.5,250.5,57.3,43.1,100.5,116,29.9,25.8,44.5,54.2,154.4,63.8,67.3,131.1,1244.1,91.6,NA,NA,105.1,15.6,13.7,20.7,49.9,9.1,5,14.1,NA,9.2,5.3,13.3,NA,NA,8,14.7,22.6,254.4,50.1,NA,NA,52.8,5.6,6.2,10.7,22.5,6,2.9,8.9,NA,2.6,1.8,3.5,NA,NA,8.4,7.6,16.1,122.4,77.4,4.5,9.9,91.7,16.7,19.9,11.4,48,11.8,8.4,20.2,27.2,9,4.5,14.4,9.1,37,22.6,9.9,32.5,256.6,3921.1,309.7,433.4,4664.2,604.2,920.1,739.5,2263.8,633.5,393.2,1026.7,1146.1,279.5,271.4,552.6,695.6,1799.1,849.6,616.3,1465.9,12365.7
37073,1262.5,115.2,187.8,1565.6,176.4,282.6,210.7,669.7,248.1,142.9,391,406,97.2,66,171.7,278.5,613.5,323.9,187.5,511.4,4157.2,1014.4,68.6,93,1176,184.4,256.7,174.8,616,136.9,96.7,233.6,290.5,71.1,84.1,176.5,147.4,479.1,241.7,126.6,368.3,3163.5,772.3,30.7,64.8,867.8,99.6,191.4,138.6,429.6,137.8,73.2,211,188,43.7,62.2,73.5,136.4,315.7,156.4,150.5,307,2319.1,261.7,24.2,34.9,320.8,42.8,68.1,73.3,184.2,28.4,25.4,53.7,96,16.1,20.2,62.9,48.1,147.3,42.9,48.6,91.4,893.6,404.1,52.8,35.6,492.5,64.1,92.9,103.2,260.1,59.3,45.2,104.5,112.2,32.3,24.9,45,55.2,157.4,65.9,71.3,137.3,1264,91.7,NA,NA,104.6,14.9,13.1,20.6,48.5,9.2,4.9,14.1,NA,9.4,5.3,14.4,NA,NA,6.3,14.1,20.5,251.4,50.7,NA,NA,53.3,5.7,6.4,9,21,6,3,9,NA,2.9,1.7,3.5,NA,NA,8.5,7.5,16.1,121.8,81,4.4,9.9,95.3,17.2,22.4,11.8,51.4,12.2,8.7,20.9,28.3,8.6,5.4,14.3,10.1,38.4,21.2,10,31.3,265.4,3938.4,303.4,434.1,4675.9,605.1,933.7,741.9,2280.6,637.9,400,1037.9,1151.4,281.4,269.8,561.8,694.1,1807.2,866.9,616.3,1483.2,12436.1
37104,1276.9,116,189.7,1582.5,171,278,216.1,665.1,240.2,142.8,383,387,97.7,65.5,174.1,280.6,617.9,315.2,189.3,504.5,4140.1,1022.6,67.5,93.8,1183.9,185.6,263.4,177.1,626,133.3,96.5,229.8,273.5,72.3,79.5,174.5,147.8,474.1,246.6,131.9,378.5,3165.8,777.5,32.3,65.5,875.3,98.8,192.8,142.8,434.4,136.5,71.2,207.7,185,43.3,62.3,73.1,133.8,312.6,154.7,151.5,306.3,2321.2,269.1,22,34.9,326,44.3,71.7,68.1,184.2,28.4,24.3,52.6,95.7,15.7,20.6,62,46.9,145.2,43.2,47.8,91,894.7,409.1,53.6,35.6,498.3,61.3,95.1,104.5,261,60.8,47.1,107.9,112,33.2,25.2,44.7,56.1,159.2,69.1,70,139.1,1277.5,94.5,NA,NA,107.4,15,13.6,21,49.5,9.1,5.1,14.2,NA,8.8,5.8,14.4,NA,NA,7,14,21,254.9,50.9,NA,NA,53.7,6.3,6.5,8.9,21.7,6.1,3,9.1,NA,2.8,1.6,3.5,NA,NA,8.7,7.8,16.5,123.1,83.7,4.5,9.2,97.4,16.9,22.6,11.6,51.2,11.9,8.9,20.7,26.2,7.9,4.7,14.9,10.1,37.6,21.9,10.5,32.4,265.5,3984.3,303.2,436.9,4724.5,599.3,943.8,750.1,2293.2,626.2,398.8,1025,1108.8,281.8,265.2,561.1,693.8,1802,866.4,622.8,1489.3,12442.7
37135,1290.6,115.7,191.1,1597.4,173.6,273.3,211.5,658.4,244.8,139,383.8,390.2,93.2,67.1,172.1,273.7,606.1,316.1,188.6,504.8,4140.6,1028.2,68.5,97.6,1194.3,180.2,274.3,172.9,627.4,134.4,101.2,235.7,286.9,72.1,80,167.6,152.9,472.6,229.2,134.8,364,3180.8,785.6,32.4,63.3,881.4,98.1,197.3,135.6,431.1,137.8,70.8,208.6,180.5,42.6,60.3,74.1,132.3,309.2,154.5,152.6,307,2317.9,268.7,23.3,37.4,329.4,45.2,68.7,73.7,187.6,28.2,25.4,53.7,91.5,14.6,19.8,64.9,51.7,151,44.1,46.3,90.4,903.6,416,54.9,36.4,507.3,58.7,97.7,90.8,247.3,57,47.6,104.6,111.5,33,25.1,50.6,57.7,166.4,69.7,70.4,140,1277.2,93.9,NA,NA,106.7,14.7,13.1,21.7,49.5,9.7,5.1,14.8,NA,8.9,5.6,14.5,NA,NA,6.8,14,20.8,254.6,50.7,NA,NA,53.5,5.6,6.7,7.2,19.5,6.1,3,9,NA,2.8,1.7,3.4,NA,NA,7.9,7.5,15.5,119.5,84.2,4.8,10.5,99.4,18.2,23.1,11.5,52.8,11.8,8.8,20.6,26.5,8.5,4.9,13.9,10,37.3,21,10.3,31.3,268,4017.9,307,444.4,4769.3,594.4,954.2,724.8,2273.4,629.8,401,1030.8,1116.3,275.7,264.5,561.2,697.1,1798.4,849.3,624.5,1473.8,12462.2
37165,1279.2,118.6,219.8,1617.5,171.1,268.2,213.6,652.9,250.7,146.5,397.1,408.9,98.9,63.6,172.4,287.9,622.7,304.1,194.5,498.5,4197.7,1025.3,71.6,98.2,1195.1,183.1,283.7,192.3,659.2,136.6,101.1,237.7,291.3,76.6,79.7,161.2,152.2,469.8,227.2,130.8,358,3210.9,789,34.8,64.1,888,105.2,201.7,140.5,447.4,142.6,71.6,214.1,195.2,43.6,62.4,74.9,131.4,312.3,141.5,148,289.5,2346.5,270.8,24.7,36,331.5,45.6,71.2,72.6,189.4,28,25.8,53.8,98.4,14.3,20.3,62.8,49.9,147.4,43.2,49.1,92.2,912.7,424.1,55.4,36.8,516.3,61.6,87.5,108.3,257.4,63.2,48.9,112.1,112.5,31.3,22.7,54.3,58.7,166.9,75.4,67,142.4,1307.7,93,NA,NA,104.9,15.8,13.2,22,51,10.9,5.4,16.3,NA,9.2,5.7,16.2,NA,NA,6.6,12.2,18.8,258.6,53.7,NA,NA,56.4,5.9,7.5,8.9,22.3,6.2,3,9.2,NA,2.9,1.7,3.4,NA,NA,8.2,7.8,16,126.2,83.9,4.9,11.6,100.4,16.5,22.5,11.7,50.7,12.3,8.4,20.7,26.8,8.3,4.7,13.6,9.3,36,21.3,10.9,32.2,266.7,4019,317.4,473.6,4810.1,604.9,955.5,769.8,2330.2,650.5,410.5,1060.9,1164.7,285,260.9,558.7,708.8,1813.5,827.4,620.3,1447.7,12627.1
37196,1290.5,122.1,214.3,1626.9,174.8,275.4,213.8,664,247.3,148.7,396,404.6,97.5,66.1,174.5,292.3,630.4,294.9,194.4,489.3,4211.2,1033,72.7,106.1,1211.8,175.7,279.7,185,640.5,137.5,98.4,235.9,293.2,73.3,83.8,159.8,155.5,472.4,231,130.7,361.7,3215.6,789,34.3,66.9,890.2,113,211.4,145.1,469.4,144.1,72.5,216.6,194.9,42.1,62.6,74.1,136.5,315.4,143.2,150.4,293.6,2380.2,271.2,24.5,36.1,331.8,47.2,70.7,74.6,192.5,27.2,24.8,52,100.1,14,21.1,62.4,48,145.6,43.7,50.5,94.2,916.2,425,53.5,36.2,514.7,58,90.6,108.3,256.8,68.1,47.3,115.4,126.2,31.5,24.4,56.2,56.5,168.7,76.2,66.2,142.5,1324.3,93.3,NA,NA,104.9,16.8,13.7,22.3,52.8,10.8,5.3,16,NA,9.7,6,16,NA,NA,6.7,12,18.7,260.2,54.3,NA,NA,57.1,5.5,7.7,8.9,22.1,6.1,3.1,9.3,NA,2.8,1.8,3.5,NA,NA,8.4,8.1,16.5,127.7,84.6,5,11.5,101.1,17.2,22.6,11.5,51.2,12.4,8.6,21,27.3,8.3,4.8,13.4,9.6,36.1,21.7,11,32.6,269.3,4041,319.4,478.3,4838.7,608.2,971.7,769.5,2349.3,653.6,408.7,1062.3,1177.6,279.2,270.7,560,717.7,1827.5,825.9,623.3,1449.2,12704.7
37226,1293.2,125.9,215.1,1634.1,172.5,294.7,218.3,685.5,251.3,151.8,403.1,418.5,95.4,66.3,174,296.1,631.8,282.8,200.7,483.6,4256.6,1032.8,73.6,107.8,1214.1,187.6,273.5,189.6,650.6,144.5,103.8,248.3,295.7,66.7,85.2,160.7,161.9,474.5,238.2,132.7,370.9,3254.1,802,35.3,67.9,905.1,118.1,212.6,147.9,478.6,149.7,75.7,225.4,205.7,44.2,64,76.2,144,328.5,140.6,152.1,292.7,2436.1,272,25.4,37.5,334.9,47.5,70.2,73.1,190.8,28.2,25,53.2,101,14.6,22.3,63.2,48.3,148.5,44.4,50.6,94.9,923.3,431.5,53.1,39.6,524.3,60.3,91.4,104.6,256.3,68.3,45.8,114,115.3,31,25,54.2,53.5,163.7,82.3,66.5,148.8,1322.4,93.8,NA,NA,105.4,17.1,14.4,22.4,53.9,10.4,5.3,15.7,NA,9.6,6.1,16.5,NA,NA,6.5,12.5,19,262,52,NA,NA,54.8,6.1,7.5,9.1,22.7,6,2.8,8.8,NA,2.8,1.7,3.6,NA,NA,7.9,8.1,16.1,124.5,85.4,4.9,11.5,101.9,16.9,22,11.3,50.2,12.3,8.7,21,27.7,9,4.7,14.1,9.6,37.5,22.3,11.1,33.3,271.6,4062.6,325.7,486.4,4874.7,626,986.2,776.5,2388.7,670.6,418.9,1089.4,1195,273.5,275.3,562.5,732.3,1843.6,825,634.3,1459.2,12850.6
37257,1313.9,127.3,228.9,1670.2,187.9,284.3,225.4,697.7,268.5,152.7,421.2,409.7,99.9,65.4,175.3,293.1,633.7,268.2,217.8,486,4318.4,1031.1,71.3,108.6,1211.1,207.8,266.8,195,669.6,145.1,109.4,254.5,293.8,74.6,87.8,161.3,176.2,499.8,242.4,141.3,383.7,3312.5,797.7,39,70,906.7,119.9,223.9,147.5,491.4,144.4,74.6,219,197.4,49.4,64.5,72.4,137.9,324.2,137.1,144.5,281.5,2420.3,278.1,25.4,38.5,342.1,50.2,72,78.1,200.4,27.9,26.7,54.6,100.4,16.8,20.5,60.4,49.3,147,48.2,47.9,96,940.6,438.5,62.1,46.1,546.6,64.3,88,112.2,264.5,66.3,46.7,113.1,113,30.1,25.4,53.3,57.8,166.6,83.7,64.7,148.4,1352.2,95.4,NA,NA,107.7,18.2,14.8,22.8,55.8,11,5.5,16.5,NA,9.7,6.1,15.8,NA,NA,7,12.8,19.8,268.9,53.7,NA,NA,56.5,6.3,7.7,9.4,23.4,6.1,3.3,9.4,NA,3.6,1.8,4.1,NA,NA,8.5,8.4,16.8,130.7,85.7,5.3,11.7,102.6,16.9,22.7,11.9,51.4,13.1,8.9,22,27.5,9.3,4.9,14.7,9.6,38.5,22.6,10.8,33.4,275.4,4094.1,337.9,511.5,4943.5,671.5,980.2,802.4,2454.1,682.4,427.9,1110.3,1174,293.3,276.3,557.4,744.3,1871.4,817.6,648,1465.7,13018.9
37288,1300.9,125.2,225.8,1651.9,179.3,263.9,223.6,666.8,278.3,152.6,430.9,419,100.6,65.1,178,286.9,630.7,271.4,203.2,474.6,4273.9,1034.8,69.4,107.5,1211.6,196.3,262.4,197.2,655.9,146.4,108.8,255.2,293.3,76.9,86.1,157.8,172.9,493.7,248.7,139.4,388,3297.7,797.3,43.7,68.9,909.9,112.8,226.8,152.2,491.7,133.9,76.4,210.3,193.1,50,65.5,75.1,141.7,332.2,138.1,152.6,290.7,2427.8,274.9,26.1,38.7,339.8,53.8,77,80.9,211.7,29.4,26.8,56.2,99,17.2,21.1,62.6,50.4,151.2,45.3,47.4,92.7,950.5,441.6,61.3,43.4,546.3,63.8,85.3,112.6,261.7,67.1,46.3,113.3,116.9,31.5,25.7,53.2,57,167.4,80.4,65.4,145.8,1351.5,94.8,NA,NA,108.2,18.3,14.6,22.5,55.4,11.1,5.6,16.7,NA,10,6.3,16.4,NA,NA,8.3,12.6,20.9,269.5,53.5,NA,NA,56.3,5.9,7.4,9.5,22.8,6,3.4,9.4,NA,3.6,1.7,3.9,NA,NA,8,8.2,16.1,128.9,85.9,5,12,102.9,17,22.2,10.9,50.1,13.7,9.4,23.1,28,9.7,4.8,13.8,9.3,37.6,22.6,10.6,33.2,274.9,4083.8,338,505,4926.9,647.1,959.6,809.5,2416.1,685.8,429.3,1115.1,1179.9,299.4,276.3,560.7,738.1,1874.6,822.8,639.3,1462.1,12974.7
37316,1310.7,126.8,215,1652.5,181.6,265.5,231.4,678.6,263.8,151.6,415.4,416.2,102.6,68.1,174.7,295.1,640.5,263.6,208.4,472,4275.1,1043.8,70.1,109.8,1223.6,195.4,286,196.9,678.3,149.8,107.3,257,296,77,91.7,153.3,173.1,495.2,248.9,141.7,390.6,3340.8,807.5,41.4,71.2,920.2,112.3,217.7,157.1,487.1,145.9,76.8,222.8,197.5,50.6,67.6,77.4,144.3,339.9,142.8,155.2,298.1,2465.4,277.1,27,38.7,342.8,50.3,77.6,79.4,207.2,29.5,27.4,56.9,101.8,18.5,20.9,63.6,51.9,154.9,45.9,47.7,93.6,957.2,437.1,64.1,41.6,542.8,62.6,88.9,112.3,263.9,66.4,47.3,113.7,116.7,34.1,26.3,51.8,57.3,169.4,82.5,67.5,149.9,1356.5,96,NA,NA,109.3,17.9,14.9,22.6,55.4,10.9,6,16.9,NA,10.1,6.1,16.4,NA,NA,7.7,12.7,20.4,271.6,54.6,NA,NA,57.4,6.4,7.2,9.5,23.1,5.7,3.4,9.1,NA,3.6,1.6,3.9,NA,NA,8.4,8.1,16.6,130.4,85.9,5.2,11.5,102.7,16.4,22.9,12.9,52.2,12.3,8.7,21,27.3,9.3,4.3,14,9.5,37.1,21.6,10.6,32.2,272.4,4112.7,342.3,496.3,4951.3,643,980.8,822,2445.8,684.3,428.4,1112.7,1185.6,305.8,286.6,555.2,753.1,1900.7,821.4,651.9,1473.3,13069.4
37347,1318.7,121.4,217.9,1658,191.6,296.9,232.6,721.1,248.9,151.4,400.3,409.7,107.8,67.3,191.2,288.6,654.9,269.7,207.5,477.2,4321.2,1046.9,68.1,105.9,1220.9,210.7,282,202.3,695,157.2,113,270.2,304,81.4,84.6,162.3,181,509.3,238.5,142.2,380.7,3380.1,800.7,42.5,69.1,912.3,109.4,238.8,156.5,504.7,141.5,73.1,214.6,198.8,52,68.7,77.4,138.7,336.7,150.1,157.1,307.2,2474.4,276.1,25.9,40.6,342.6,50.5,83.3,75.6,209.4,29.5,28,57.5,100.3,15.5,21.4,63.5,53.5,153.9,45.5,49.2,94.6,958.3,430.5,61.5,45.7,537.8,61.6,87.5,109.9,259,69.4,45.1,114.5,117.8,33,27.9,53.1,51.3,165.2,90,68.4,158.4,1352.8,97.3,NA,NA,111.6,18.5,15.8,22.9,57.1,10.2,6,16.3,NA,9.9,5.9,16.7,NA,NA,7.8,12.2,20,275.6,54.9,NA,NA,57.7,6.6,7.5,9.7,23.7,5.5,3.7,9.2,NA,3.5,1.5,4,NA,NA,8.1,8.3,16.4,133.1,87.5,5.3,10.2,103,18.9,23.8,12.2,55,12.4,8.6,21,27.7,9.5,5,14.4,9,37.8,21.1,11.4,32.5,277,4112.7,332.2,499.1,4944.1,667.8,1035.5,821.7,2525,674.6,429,1103.7,1190.7,312.6,282.2,582.6,744.6,1922,830.8,656.2,1487,13172.6
37377,1332.5,124.5,231.6,1688.6,191.1,314.9,222.6,728.6,249.7,157.5,407.3,445.5,107.1,71.9,182.6,295.2,656.8,274.8,202,476.8,4403.5,1057.5,69,112.6,1239.1,202.1,290.8,200.6,693.6,157.1,117.8,275,305.4,83.8,88.4,164.6,188.4,525.2,221.4,142.5,363.9,3402.1,816.2,43.8,71.1,931.1,108,254.5,160.9,523.4,142.8,74.1,216.8,208.9,50.8,71.4,82.1,137.5,341.8,154,161,315,2537.2,279.4,26.1,39.9,345.4,52.6,92.3,76,220.9,29.4,28,57.4,102.8,15,21.8,64.1,52.7,153.6,43.4,47.6,90.9,971,438,60.8,47.1,545.9,61.6,93.1,111.2,265.8,68.3,46.6,114.9,117.8,32.3,26.9,54.5,54.7,168.5,92.3,68.1,160.4,1373.3,99.3,NA,NA,112.7,18.9,16.7,22.6,58.2,11.1,6.2,17.3,NA,10.8,5.8,16.9,NA,NA,9,12.2,21.2,282.4,55.7,NA,NA,58.5,6.4,7.6,9,23,6.1,3.6,9.7,NA,3.7,1.5,4.1,NA,NA,8.1,8.6,16.7,133.3,87.5,5.8,10.8,104.1,17.1,25.6,12.2,54.9,13.3,8.5,21.9,28.5,10,4.8,14.6,8.8,38.2,20.2,11.3,31.5,279.1,4166.2,337.5,521.9,5025.6,657.9,1095.5,815.1,2568.5,677.8,442.4,1120.1,1241.5,313.5,292.5,583.5,760.3,1949.7,823.2,653.3,1476.5,13381.9
37408,1323,125.5,228.4,1676.9,188.7,318.9,220.3,727.9,228.2,151.6,379.9,408.9,106.6,69.3,183.1,290.6,649.5,287.9,202.6,490.5,4333.6,1064.8,65.1,111.3,1241.2,200.4,303.8,200.9,705.1,153.5,113.3,266.7,298.4,82.1,87.1,164.5,176.7,510.3,236.4,146,382.3,3404.1,816.6,45.4,70.3,932.3,108.3,252.4,160.2,520.9,138.7,72.5,211.3,191.1,51.7,70.2,81.2,134.6,337.7,154.2,159.1,313.3,2506.6,280.5,25,39.6,345.1,52.7,91.2,72.3,216.2,30.3,27.6,57.9,99.3,15.6,21,65.2,53.9,155.7,45,47.8,92.8,967,442.8,60.6,48.5,551.9,62.9,87.2,110,260.1,68.7,46.3,115,109.5,33.4,26.1,54.7,55.3,169.6,94.3,71.3,165.6,1371.6,98.2,NA,NA,111.8,20.4,16.6,21.8,58.8,10.8,6,16.8,NA,10.7,5.7,17,NA,NA,9.4,11.7,21.1,279.8,55,NA,NA,57.8,6.2,7.8,9.7,23.7,5.5,3.9,9.4,NA,3.5,1.5,4,NA,NA,7.9,8.7,16.6,133.5,87.8,7.4,10.7,105.9,17.4,24.5,12.3,54.2,12.4,7.9,20.3,27.7,9.3,4.6,14.9,8,36.8,20,11.2,31.2,276.1,4168.8,336.4,517.8,5023,656.9,1102.4,807.5,2566.8,648.1,429.1,1077.3,1167.1,312.9,285.4,584.6,741.9,1924.9,855.1,658.3,1513.4,13272.4
37438,1304.8,135.2,274.1,1714.1,211.2,304.2,246,761.4,249.3,146.8,396.2,415.5,97.9,72.1,190,290.1,650.1,278.4,207.4,485.8,4423,1081.3,72.4,94.7,1248.4,193.3,299.3,182,674.6,157,114,271.1,300.8,85.8,93.1,163.6,174.9,517.4,251.2,154.7,405.9,3418.2,817.2,50.9,71,939.1,101.5,259.5,160.1,521,140.1,70.2,210.4,204.9,52.9,60.9,82.7,135,331.6,159,158.2,317.2,2524.2,290.6,23.9,38.8,353.4,54.7,79.8,71,205.4,31.1,27.5,58.6,102.3,18.7,21.1,66.5,50.2,156.5,45.4,49.9,95.3,971.5,451.6,61,42.9,555.5,54.8,76.4,103.5,234.6,66.4,45.3,111.6,119.1,33.6,25.8,57.1,52.6,169.1,93.5,60.7,154.1,1344.2,99.2,NA,NA,109.3,17.3,16.9,21.9,56.1,10.7,6.1,16.8,NA,10.4,5.3,16.7,NA,NA,8.9,11.5,20.4,272.3,54,NA,NA,57.3,5.7,8.1,5.6,19.4,5.6,4,9.6,NA,2.7,2.3,4,NA,NA,8,9.7,17.7,131.1,87.1,6.1,8.7,101.9,16.1,19.6,12.6,48.3,12.1,8.6,20.8,27.5,10.8,3.8,14.4,8.6,37.5,20.1,10.5,30.6,266.7,4185.8,356.9,536.2,5079,654.5,1063.8,802.7,2521,672.4,422.6,1095.1,1201.5,312.8,284.4,594.9,735.4,1927.5,864.4,662.7,1527.1,13351.1
37469,1313.1,131.7,268.3,1713,215.9,305.8,249.3,771,257.7,152.9,410.6,418.6,107.6,75.6,192.2,304.1,679.5,281.7,201.9,483.6,4476.4,1089.4,75.8,92.2,1257.4,191.5,291.2,188.5,671.3,161.3,118.7,280,289.4,90.2,94.9,167.2,180.6,532.9,254.7,152.6,407.3,3438.3,820.7,51.6,68,940.3,106.5,259.3,160.5,526.3,149.8,70.2,220,203.5,57.8,62.6,74.7,131.4,326.6,165.6,154,319.7,2536.3,295.2,24.4,38.3,357.9,52.1,79.2,73.4,204.7,31.7,29.2,60.9,101.9,22.4,20.1,65.2,57.4,165.1,48.1,50.4,98.5,989.1,457.8,61.4,41.7,560.9,59.4,77.5,105.9,242.8,69.9,45.2,115.1,119.5,35.4,25.7,52.2,53.2,166.7,96.5,61.9,158.4,1363.3,99,NA,NA,109.9,18,16.7,22.8,57.5,11.5,5.9,17.4,NA,10.4,5.4,16.5,NA,NA,8.8,11.3,20.1,274.5,54.1,NA,NA,57.2,5.7,8.4,6.2,20.4,5.4,3.9,9.3,NA,2.6,2.4,3.9,NA,NA,7.8,10,17.8,131.1,89,6.4,8.8,104.1,16.6,22.5,13.2,52.3,12.8,8.6,21.4,28.3,11.2,4.1,14.2,9,38.4,20.8,11,31.8,276.4,4218.2,358.5,524.1,5100.7,665.9,1060.6,819.8,2546.3,700.1,434.5,1134.6,1192.3,337.7,290.9,586.1,759.4,1974.1,884,653.2,1537.3,13485.3
37500,1320.3,135.2,274.6,1730.1,213.8,304.6,252,770.4,256.2,152.1,408.3,423.7,98.6,71.4,192.8,298.5,661.2,273.2,204.6,477.8,4471.6,1100.6,75.8,102.4,1278.8,194.8,276.4,186.7,657.9,165,118.1,283.1,297,83.8,91,175.8,178.3,528.9,245.7,155.8,401.4,3447.3,819.9,54.7,69.6,944.2,104.3,266.8,166.2,537.3,153.4,71.5,224.8,205.7,61.4,64.5,80,138.8,344.7,167.4,158.9,326.3,2583,292.2,24,40.3,356.4,52.6,85.6,72.4,210.6,31.3,29.6,60.9,102.3,20.8,22.8,64.7,57.6,165.9,50.3,49.1,99.4,995.5,454.5,62.7,41.1,558.3,63.6,74.1,104.9,242.7,66.6,44.8,111.5,121,32.6,25,50.9,51.4,159.8,90.4,61.5,152,1345.2,99.3,NA,NA,110.1,18.2,17.4,21.9,57.5,10.8,6,16.8,NA,10,5.3,17.3,NA,NA,9.5,10.9,20.4,275.4,54.7,NA,NA,58,6.1,8.2,5.8,20.1,5.6,3.8,9.4,NA,2.7,2.2,3.8,NA,NA,8.2,9.8,17.9,131.9,89.9,6.4,8.6,104.9,16.7,20.5,13.2,50.5,12.2,8.9,21.1,28.6,10.6,4,14.2,9.4,38.2,21.5,11.2,32.8,276,4231.4,366,543.4,5140.8,670.2,1053.6,823.2,2547,701.1,434.7,1135.8,1211.1,320.4,286.3,599.3,757.2,1963.2,866.2,661.7,1527.9,13525.8
37530,1334,139.6,248.6,1722.1,209.6,304,255.9,769.4,257.8,151.9,409.6,428.5,90.2,73.4,187.3,298.6,649.5,265.3,206.7,472,4451.3,1104.7,74.7,103.5,1282.9,194.1,289.1,178.5,661.7,164,115.7,279.6,298.1,82.8,89.1,148.8,181.2,502.1,225.6,149.6,375.2,3399.7,818.2,57.6,66.9,942.6,114.3,239.1,164.4,517.8,157.4,74.6,231.9,204.6,56,57.5,85.1,146.9,345.4,158.2,164.2,322.4,2564.7,290.3,22.8,41.4,354.6,53.8,84.8,71.8,210.4,32.2,28.9,61.1,103.3,20.4,22.9,61.1,55.4,159.8,45.2,50.6,95.9,985,473.1,61.5,40.9,575.5,64.4,83.9,104.4,252.7,65.4,43.5,108.9,123.7,32.9,26,49.4,49.7,158,100.8,66.7,167.5,1386.5,99.6,NA,NA,111.2,17.2,17.3,22.9,57.3,10.5,6,16.4,NA,9.8,5.2,17.3,NA,NA,9.5,11.4,20.9,278.2,55,NA,NA,58.3,5.7,7.5,5.6,18.8,5.4,3.2,8.6,NA,2.5,1.9,3.8,NA,NA,9.4,8.7,18,128.6,89.1,6.7,8.9,104.6,17,25.9,13.1,56,11.8,8.8,20.7,28.7,10.4,4.5,13,9.4,37.4,21.8,11.2,33,280.4,4264,370.3,517.6,5151.9,676,1051.5,816.6,2544.1,704.4,432.6,1137,1221.1,305.1,280.6,565.8,763.9,1915.5,835.8,669.1,1504.9,13474.3
37561,1353.4,140.6,249.1,1743.1,210.5,310.9,264.9,786.3,266.7,157.6,424.2,446.6,89.2,78.8,193.4,306.8,668.1,260.8,206.1,466.8,4535.2,1124.3,75.6,101.5,1301.4,197.3,290.1,182.9,670.4,171.1,118.2,289.4,329.5,74.8,93.1,152.5,189.3,509.7,241.1,153.3,394.4,3494.6,829.6,57.5,66.4,953.5,112.9,231.6,171.5,515.9,168.5,75.9,244.5,219.7,54.9,58.8,83.8,148.5,346,173.5,165.6,339.1,2618.8,291.9,22.9,41.4,356.2,56.6,84.4,74.9,215.9,33.5,29.4,62.8,110.3,19.6,22.7,60.7,55.3,158.2,48.2,49.5,97.7,1001.2,479.7,63.8,39.7,583.2,64.8,84.2,106.9,255.9,64.3,43.6,108,132.1,30,25.9,50.2,48.7,154.7,104.6,70.6,175.2,1409.1,99.2,NA,NA,111.4,17.6,16.7,23.4,57.8,11.2,6.1,17.3,NA,9.8,5.5,17.2,NA,NA,10,11.3,21.3,282,55.4,NA,NA,58.7,5.8,7.3,5.7,18.8,5.8,3.6,9.4,NA,2.6,2,3.9,NA,NA,9.4,9,18.5,131.5,88.7,7,9,104.7,17,24.5,13.5,55,12.5,9.9,22.3,30.3,10.2,4.5,13,10,37.6,22.8,11.3,34.1,284.1,4322.1,375,515.1,5212.2,682.6,1049.7,843.6,2575.9,733.6,444.2,1177.9,1304.8,291.1,291.1,574.6,781.7,1938.6,870.4,676.6,1547.1,13756.4
37591,1350.1,134.4,251.9,1736.3,211,306.5,263.9,781.4,263,155.1,418.1,433.6,88.5,75.2,194.3,304.3,662.3,262.6,211.6,474.1,4505.9,1117.4,75.5,99.9,1292.8,205.5,293.4,182.2,681.1,165,115.2,280.2,312.4,77.5,102.1,149.7,190.5,519.9,251.2,150.6,401.9,3488.3,827.4,55.3,64,946.6,112.9,228.4,168.4,509.7,170.5,77.1,247.7,215.7,56.3,58.3,87.2,151.3,353.1,176,167.9,343.9,2616.8,296.3,23.1,42.4,361.8,54.7,85.4,71.8,211.9,34.3,28.5,62.8,110,19.2,23.6,59.5,53.1,155.4,50,47.4,97.4,999.4,476.6,63.5,39.9,579.9,62.6,87.8,105.2,255.7,68.4,46.6,115,130.9,33.1,26,50.1,50.4,159.7,108,70.6,178.6,1419.6,99.7,NA,NA,111.3,17.3,16.5,23.1,56.9,11.6,6.3,17.8,NA,10.6,5.7,16.8,NA,NA,9.9,11.5,21.4,283.4,55.6,NA,NA,59,6,7.1,5.5,18.7,5.3,3.3,8.6,NA,2.5,1.9,3.8,NA,NA,9.9,9.6,19.5,131.3,87.6,7.5,9.5,104.6,17.1,25.2,12.1,54.3,11.8,8.6,20.4,28.4,10.1,4.5,14,8.6,37.3,23.2,11.2,34.5,279.5,4310.5,366.8,515,5192.3,687.1,1050.4,832.2,2569.8,730,440.7,1170.6,1266.8,298,297.4,575.6,782.5,1953.4,890.7,680.5,1571.2,13724.1
37622,1370.2,144.6,237.2,1752,208.8,301.9,253.6,764.4,257.1,150.8,407.9,433.6,92,71.5,199.3,293.1,655.8,268.3,213.8,482.1,4495.8,1129.8,77.2,97.4,1304.4,194.5,283.2,185.9,663.6,153.7,108.3,262,313.2,72,91.9,179.1,185.4,528.3,279.8,153.9,433.7,3505.2,835.7,65.1,62.5,963.4,114,211.2,174,499.2,177.6,80.7,258.3,211.7,54.7,57.7,98.8,160.6,371.8,169.8,166.3,336.1,2640.5,296.5,23.1,40.1,359.7,54,84.1,67.9,206,34.3,29.1,63.4,106.2,21.1,23.8,63.1,52.6,160.6,46.8,47.9,94.7,990.6,480.5,66.5,39.7,586.7,64.6,90.7,108.3,263.6,67,41.5,108.5,129.2,33.6,26.7,51.6,46.8,158.7,97.1,72.5,169.5,1416.1,100.8,NA,NA,112.5,16.8,17.3,24,58.1,11,6.3,17.3,NA,9.9,5.4,16.4,NA,NA,8.4,10.2,18.7,281.5,55.9,NA,NA,59.1,5.8,8.5,6.5,20.8,5.2,3.7,8.9,NA,2.5,1.8,3.9,NA,NA,9.9,9.1,18.9,133.6,88,7.1,9,104.2,18.5,26.6,13.4,58.5,11.6,7.5,19.1,28.3,11.1,4.9,12.6,7.5,36.2,22.4,10.8,33.2,279.4,4357.4,391.1,493.4,5241.9,677.1,1023.5,833.6,2534.2,717.4,428,1145.4,1257.6,297,283.7,624.7,771.4,1976.8,902.5,684.5,1587,13742.8
37653,1377.6,140,236.9,1754.6,218.3,299.6,261.4,779.3,255.5,155.2,410.7,431.3,92.7,71.1,203.8,302.7,670.2,270.1,204.1,474.2,4520.3,1138.4,78.2,95.6,1312.2,188.1,284.4,190.6,663.1,161.5,116.1,277.6,315.1,75,91.7,174.5,193,534.3,259.6,150.6,410.2,3512.4,838.3,60,63.8,962,119.1,209.3,166.3,494.7,174.4,75.2,249.6,214.5,48.8,57.6,90.6,149.1,346,183.3,165.1,348.4,2615.3,297.5,23.6,41.9,363,54.5,83.1,68,205.6,35.2,28.9,64.1,104.8,21.3,24,63.6,54.6,163.4,44.2,47,91.2,992.1,477.8,67.1,39.2,584.1,63.7,88.6,109.4,261.7,65.2,39.6,104.8,126,33.4,25.8,50.6,46.3,156.1,96.5,72.6,169.1,1401.8,102.5,NA,NA,114.2,17.1,17.8,23.7,58.6,10.9,6.2,17.1,NA,10.2,5.2,15.9,NA,NA,9.3,10,19.2,283.9,56.5,NA,NA,59.7,5.7,7.9,7.1,20.7,5.1,3.7,8.8,NA,2.6,1.9,3.9,NA,NA,9.7,8.6,18.3,133.5,88.6,7.2,9.1,104.9,19.6,29.2,13.8,62.5,11.9,8,19.9,29.5,10.8,5.4,12.4,7.6,36.2,23.2,11.1,34.3,287.4,4377.2,383.6,493.9,5254.8,686.1,1019.9,840.2,2546.2,719.7,432.8,1152.5,1256.8,294.7,282.7,615.3,778.8,1971.5,895.9,668.9,1564.8,13746.6
37681,1389.5,138.9,236.5,1764.9,215.6,303.2,259.8,778.6,259.4,149.3,408.7,443.9,92,69.9,202.5,286.5,650.9,272.1,207.5,479.6,4526.6,1140.3,75.7,97.2,1313.2,204.7,285.8,192.4,682.9,165.8,119.1,285,318.8,72.4,89.4,175.7,195.1,532.7,259.4,152.1,411.5,3544.2,844,63.1,62.7,969.8,115,201.9,179.7,496.6,177.4,79.1,256.5,218.3,49.9,55.5,92.3,153.1,350.8,182.5,169.3,351.9,2643.8,300.6,22.6,39.4,362.6,56.2,83,68.4,207.6,34.9,29,63.8,108.3,22.3,24.5,64.1,50.9,161.8,43.1,48.2,91.3,995.4,486.1,68,40.5,594.7,64,88.8,110.9,263.6,65.2,40,105.2,127.4,31.9,25.2,51.4,45.7,154.2,100.6,74.8,175.3,1420.4,100.5,NA,NA,112.2,18.9,19,24.1,62,11.5,6.9,18.3,NA,10.2,5.5,16.4,NA,NA,9.6,10.6,20.2,289,56.8,NA,NA,60,5.5,8.5,6.7,20.6,5.2,3.7,8.9,NA,2.3,2,3.8,NA,NA,9.4,8.7,18.1,133.8,89.3,7.2,9.3,105.7,19.7,29,14.3,62.9,12.7,7.8,20.6,29.7,11.1,5.3,13,7.4,36.8,24.2,11,35.2,290.9,4407.1,383,493,5283.2,699.5,1019.1,856.4,2574.9,732.1,434.9,1167,1282.1,292.3,277.3,619.1,765,1953.8,901,682.2,1583.2,13844.2
37712,1379.5,140.9,221.5,1741.9,219.5,306.3,261.2,787,264,159.9,423.9,455.6,94.2,70.5,206.7,306.4,677.8,274.8,227.3,502,4588.2,1142,80.7,96.5,1319.2,228.5,278.8,186.3,693.6,176.4,120,296.4,315.7,68.8,103.7,166.9,190.2,529.5,258.8,152.6,411.5,3565.9,839.7,65.5,64.9,970.1,116.6,199,188.6,504.2,182.1,84.1,266.1,220.8,51.7,53.7,99.5,160.9,365.8,194.8,173,367.8,2694.9,303.2,23.1,40.1,366.5,56.8,85.9,68.8,211.5,34.9,31.5,66.4,109.2,22.1,23.8,64.5,56.2,166.6,42.1,48.6,90.8,1011,476.2,67.2,40.2,583.6,64.6,92.3,109.4,266.2,64.7,43.7,108.5,131.6,31.6,24.4,56.8,47.8,160.5,98.8,70.8,169.5,1420,102.2,NA,NA,114.2,17.3,19.1,24.2,60.5,11.3,6.6,17.8,NA,11.1,5.2,16.9,NA,NA,10.4,11.9,22.3,291.3,56.3,NA,NA,59.7,5.6,8.3,6.3,20.3,4.9,3.6,8.5,NA,2.8,1.9,3.6,NA,NA,9.6,8.9,18.5,132.3,90,7.6,9.2,106.8,20.5,30,13,63.5,12.9,7.9,20.8,29.3,10.5,5.1,13.4,7.7,36.6,24,10.7,34.7,291.8,4389.1,392.9,480,5262.1,729.3,1019.7,857.7,2606.8,751.2,457.3,1208.5,1297.7,292.7,288.2,628.3,794,2003.2,913.2,703.8,1617.1,13995.3
37742,1387.4,143.2,221.1,1751.6,223.9,305.1,268.6,797.6,247.1,157,404.1,436.1,92.9,72.5,211.8,305.6,682.8,279.9,232.9,512.7,4585,1148.3,80.5,98,1326.8,222.4,286.9,194.6,703.9,170,120.2,290.2,322.9,70.1,99.1,169.9,201.4,540.5,274.3,156.3,430.6,3614.9,858.6,65.6,66.1,990.2,113,198.5,198.2,509.6,173.3,80.1,253.4,221.4,53,54.6,99.7,156,363.3,199.7,181.5,381.2,2719.1,305.7,22.7,40.1,368.5,57,85.4,70,212.4,35.4,33.3,68.7,107.8,23,24,64.9,58.9,170.7,41.5,47.1,88.6,1016.8,482.6,67.8,40.2,590.7,69.1,91.2,111.8,272.1,63.9,44.7,108.6,128,33.5,24.6,57.6,51.6,167.3,94.7,74.1,168.8,1435.5,103.2,NA,NA,115.6,18.1,19.6,24.2,62,11,6.5,17.5,NA,10.9,5.4,17.4,NA,NA,10.9,12.4,23.3,294.9,55.9,NA,NA,59.2,5.7,8.8,6.1,20.6,5.1,3.5,8.6,NA,2.9,2.1,3.6,NA,NA,9.4,9.3,18.7,133,88.9,7.5,9,105.4,20.4,30.2,15.1,65.7,12.2,7.8,20,28.6,10.6,5.1,15,7.5,38.3,24.6,11,35.5,293.4,4430.6,395.2,482.3,5308.1,729.7,1025.6,888.6,2643.8,717.9,453.2,1171.1,1280.7,296.9,287.3,640,805.3,2029.4,935.1,724.5,1659.6,14092.6
37773,1367.6,154.9,215.2,1737.7,222.2,302.4,283.5,808.1,258.1,159.9,418.1,442.2,94.2,75,213.1,310.7,693,270.3,231.7,501.9,4601,1135.9,82.4,102,1320.3,222.7,286.8,190,699.5,165.9,120.9,286.8,319.7,68.5,97.5,163.3,199.7,529,264.5,157.4,421.9,3577.1,843.9,67.4,61.5,972.8,120.5,202.3,205.4,528.2,174.4,80.5,254.9,215.7,57.7,52.8,102.9,157.2,370.6,198.2,184,382.2,2724.4,304.3,22.5,42,368.8,57.6,87,71.4,216,34.9,32,66.9,109.3,21.6,24.6,65.1,58.6,169.8,39.8,47.7,87.5,1018.4,474.8,67.8,40.7,583.4,69.8,94.4,112.5,276.7,67.4,44.7,112.1,131.1,32.8,25,55.9,50.2,163.8,93,75,167.9,1435.1,99.2,NA,NA,111.6,18.8,20,26,64.9,11,6.3,17.2,NA,11,5.4,17.8,NA,NA,11.2,12,23.1,292.7,55,NA,NA,58.3,5.8,8.6,6.4,20.7,4.8,3.3,8.2,NA,3,2.4,3.5,NA,NA,9.7,9.3,19,132,88.9,6.9,9,104.7,21,29.7,13.8,64.5,12.6,8,20.6,30.8,10.5,5.2,14.4,7.6,37.6,25.1,11.1,36.2,294.5,4369.7,409.5,478.4,5257.6,738.5,1031.1,908.9,2678.5,729.2,455.6,1184.9,1284.5,299.2,287.8,636,806.8,2029.8,911.7,728.2,1639.9,14075.2
37803,1391.9,142.1,232.3,1766.3,219.3,304.8,292.4,816.5,251.3,161.4,412.7,436.2,104.3,76.7,210.3,315.8,707.2,280.7,228.7,509.4,4648.3,1149.1,83.9,108,1340.9,218.1,297.7,201.1,716.9,165.2,122.7,287.9,316.4,68.1,93.7,192,210.6,564.4,287.1,156.2,443.3,3669.8,853.1,65.9,67.5,986.6,124.5,204.9,211.6,541.1,179.2,78.8,258,222.5,63.6,54.4,107,154.8,379.7,209.6,191.6,401.3,2789.2,306.3,21.6,36.5,364.4,57.3,85.1,72.3,214.7,33.9,31,64.9,110,19.4,27.4,60.5,54.2,161.4,43,46.5,89.5,1004.9,484.3,67.9,41.2,593.4,73,103.1,114.7,290.8,74.9,45.5,120.4,130.4,34.2,27.9,44.7,51.2,158,94.7,75.2,169.8,1462.9,103.3,NA,NA,117.5,18.6,21.4,26.4,66.5,10.8,6.6,17.4,NA,13.4,5.5,16.2,NA,NA,12.2,11.7,23.9,304.1,57.1,NA,NA,60.7,6.1,9,6.5,21.6,5.1,3.3,8.4,NA,3,2.4,4.1,NA,NA,9.2,8.4,17.7,135.2,88,7.7,8.7,104.5,20.6,27.7,13.6,62,13,7.7,20.7,28.5,10.3,5.2,14.5,7.7,37.7,25.3,11.4,36.7,290.1,4433.2,397.4,503.7,5334.3,737.6,1053.7,938.7,2730,733.3,457,1190.3,1280.2,316.3,293.2,649.3,819.2,2078,961.9,729.8,1691.7,14304.5
37834,1399.6,144.1,229.6,1773.2,223.8,304.2,298.1,826,261.7,160.4,422.2,446.7,108.7,76.4,205.4,316.8,707.3,298.1,239.2,537.4,4712.7,1150.2,81.3,110.7,1342.2,208.6,280.3,202.4,691.2,169.9,123.8,293.7,323.5,67.6,94.8,202.9,212.1,577.4,288.7,147.2,435.9,3664,849.4,65.1,71.8,986.3,124.3,214.2,210.4,548.9,174.2,79.1,253.3,223.7,66.3,54.4,111.1,157.3,389.2,211.3,193.7,405,2806.3,305,20.5,37.1,362.6,59.2,89.6,71.1,219.9,33.9,29.2,63.1,106.6,19.6,26.1,59.1,53.4,158.3,42.5,47,89.4,999.8,476.5,66.5,42.5,585.5,75.7,105.1,120.1,300.9,70.7,45.7,116.4,130.8,38.8,26,44.8,50.5,160.1,102.4,79.7,182.1,1475.9,103.2,NA,NA,118.1,19,20.6,26.7,66.2,10.8,6.8,17.7,NA,13.8,5.5,16,NA,NA,13.5,11.8,25.3,307.7,57.6,NA,NA,61,6.2,9.2,6.8,22.3,5,3.6,8.6,NA,2.9,2.3,3.9,NA,NA,9.7,8.8,18.5,137,87.9,7.9,8.5,104.3,19.9,28.5,13.5,61.8,13.3,7.7,21,29.5,10.7,5.2,15.1,7.7,38.7,25.2,12.5,37.8,293.1,4429.5,393.5,510.2,5333.2,736.6,1051.6,948.9,2737.2,739.5,456.4,1195.9,1297,328.4,290.8,658.2,824.4,2101.9,991.4,740,1731.4,14396.6
37865,1408.8,147.5,228.6,1784.9,227,309.4,299.6,836,261.8,164,425.7,452.4,110.3,77.2,209,323.5,720.1,306,236,541.9,4760.9,1156,84,113.7,1353.7,221.6,281.4,203.4,706.4,168,125.1,293,322.5,66.3,96,205.9,216.2,584.4,302.6,150.7,453.3,3713.4,875.6,66.6,71.7,1013.9,125.3,219.6,220.8,565.6,179.6,82.1,261.6,229.1,68.6,55.2,112,162.3,398,216.4,192.5,408.9,2877.3,302.1,20.9,37.5,360.6,59,85.7,74.1,218.8,33.3,30.7,64,110.8,21.2,25.5,62.2,54.4,163.3,43.9,47,91,1008.4,476.3,66.3,45.3,588,76,102.9,121.8,300.6,70.9,46.3,117.2,133.6,34.5,26.1,45.4,50.9,157,96.4,78.8,175.2,1471.6,105.5,NA,NA,120.9,19.7,20.9,27.6,68.1,11.2,7.2,18.4,NA,14.4,5.6,15.6,NA,NA,13.1,10.8,24,313.7,57.2,NA,NA,60.7,6.1,9.8,6.8,22.6,4.8,3.6,8.4,NA,3,2.3,4,NA,NA,9,9.1,18.1,136.7,88.2,8,8.8,105,20.2,29.9,13.5,63.5,13.1,7.9,21,29.1,10.7,5.4,15.2,8,39.3,26.6,12.1,38.6,296.6,4469.7,401.9,516,5387.7,754.7,1059.5,967.5,2781.7,742.6,466.8,1209.4,1313.9,329,293.4,669.3,843.2,2134.9,1013.9,737.1,1751,14578.7
37895,1411.9,145.7,235.4,1793,225.8,323.5,296.8,846.1,266.4,162.7,429.1,457.7,105.8,79.9,240.4,317.6,743.6,310.5,240.1,550.6,4820.1,1149.1,81.3,108.3,1338.7,217.3,281,206.1,704.5,177.2,127.8,304.9,333.7,67.2,102.7,217.3,222.3,609.5,315.1,147.3,462.4,3753.8,891.8,68.5,73.1,1033.4,124.3,231.9,191.6,547.7,183.9,80.9,264.8,232.9,71.3,57,109.7,159.7,397.8,238.4,195.8,434.2,2910.8,314.1,20.9,37.4,372.4,58,87,74.5,219.5,36.5,31.7,68.2,113.5,22,26.1,64.6,54.7,167.4,47.4,48.1,95.5,1036.5,473.3,66.9,35.2,575.5,74.3,112.8,125.6,312.7,69.3,47.3,116.6,133.7,36.8,26.6,43.3,52.9,159.6,93.7,79.5,173.1,1471.1,106.3,NA,NA,121.8,20.1,20.3,27.7,68.1,11.1,7.4,18.5,NA,13.8,5.5,15.6,NA,NA,12.4,12.4,24.8,316.1,58.2,NA,NA,61.6,6.1,10.9,6.9,23.8,5.5,3.7,9.2,NA,2.9,2.3,3.8,NA,NA,8.7,9.1,17.8,139.2,88.4,7.7,8.7,104.8,20.2,27.9,13.6,61.8,12.7,7.8,20.5,29.5,10.6,5.1,14.6,7.8,38.1,21,10.6,31.6,286.3,4493.1,399.8,508.3,5401.2,746.1,1095.3,942.7,2784.2,762.5,469.3,1231.8,1338.2,330.3,305.2,709.4,843.6,2188.5,1047,742.9,1790,14733.9
37926,1425.4,148.5,240.4,1814.3,229.3,320.6,286.6,836.5,270.1,169.9,440.1,460.9,111.4,81.8,241.2,321.8,756.2,321.2,243.2,564.4,4872.3,1166.2,84,112.3,1362.5,219.7,265.6,210.9,696.1,183.3,127.2,310.6,335.6,69.2,103.9,227.1,218.5,618.7,329.9,148.3,478.2,3801.6,905.6,71,72.9,1049.6,123.1,238.2,198.7,560,181.5,82.3,263.8,233.7,73.3,58.3,114.8,160,406.4,237,198.3,435.2,2948.7,318.4,21.6,36.2,376.1,60.4,88.6,72.2,221.2,37.2,32.6,69.8,113.8,23,26.8,64.4,56.2,170.4,48.7,47.6,96.3,1047.5,480.4,67,40.4,587.8,74.9,110.4,128.8,314.2,70.8,48.3,119.1,133.2,36.9,27.7,43.3,54.2,162.1,94.6,80.2,174.9,1491.2,107.5,NA,NA,123.1,22,20.4,28.5,70.9,10.8,7.9,18.7,NA,13.5,5.3,15.4,NA,NA,12.5,12.4,24.9,321.3,58.5,NA,NA,61.9,6.6,10.3,7,23.9,5.1,4,9.1,NA,2.8,2.3,4.2,NA,NA,8.8,9.8,18.5,141.7,89.7,7.8,9,106.6,19.6,29.3,14.1,63,12.6,8.2,20.8,29.5,10.5,5.4,15.4,8.1,39.4,21.1,11.3,32.4,291.8,4551.7,408.7,521.5,5481.9,755.6,1083.4,946.8,2785.7,771.5,480.4,1251.9,1343.9,340.6,311.4,725.7,850,2227.7,1073.8,751.1,1824.8,14916.1
37956,1443,144.4,229.1,1816.5,222,323.2,273.6,818.8,273.4,159.5,432.9,448,105.5,78.9,229.5,302.7,716.5,324.2,249.6,573.8,4806.5,1173.8,85.5,102.2,1361.6,223.5,284.9,209.1,717.4,183,129.3,312.3,325,68.1,105.3,226.4,218.9,618.7,325.1,149.7,474.8,3809.6,912.3,66.4,78.1,1056.8,119.1,237.8,197.3,554.3,181.6,83.8,265.4,231,76.1,57.7,110,168.5,412.4,243.1,201.8,444.9,2964.7,317.2,22.2,35.8,375.1,59.9,90.5,72.1,222.4,37.3,32.7,69.9,109.8,24.7,27.2,65,56.3,173.2,50.6,44.5,95.1,1045.7,487.6,67.6,41.3,596.4,72.7,115,125,312.6,70.8,51.2,122.1,128.6,37.1,27.7,42.8,57,164.6,97.9,83.6,181.5,1505.9,106.7,NA,NA,122.4,21.7,20.1,27.6,69.5,11.5,8,19.5,NA,13.9,5.3,15.3,NA,NA,13.1,12.5,25.5,320.5,58.7,NA,NA,62.1,6.3,10.1,6.6,23,5.1,3.6,8.7,NA,3.1,2.2,3.9,NA,NA,8.4,10.3,18.7,139.8,91.2,7.9,8.7,107.8,19.3,29.5,14.7,63.5,12.5,8.3,20.9,28.8,11.4,5.3,14.7,8.5,39.9,20.7,11.4,32.1,293.1,4590.4,402.9,505.4,5498.6,744.5,1111.1,925.9,2781.5,775.2,476.4,1251.6,1308.4,339.8,309.7,707.6,841.9,2199,1083.2,763.4,1846.6,14885.7
37987,1470.3,144.4,230.8,1845.6,212.9,329.9,266.8,809.6,276.3,154.5,430.8,458.9,96.3,78.1,242.9,292,709.2,317.9,250.8,568.7,4822.9,1188.3,86.7,120.6,1395.6,225.2,300.3,213.4,738.9,182.9,124,306.9,322.7,67.4,105.4,221.7,217.1,611.6,331.8,145.8,477.6,3853.3,914.4,75.7,74.2,1064.3,125.9,240.4,201.1,567.3,179.6,80,259.5,233.7,70.6,57.2,113.9,158.3,400,248,212.7,460.7,2985.5,327,22.4,36.3,385.8,63.8,95.3,72.4,231.5,37.3,33.6,71,112,25.6,27,54.2,56.8,163.6,52.5,43.6,96.1,1059.9,486.9,66,45.6,598.5,75.4,125.8,126,327.2,78.7,51.8,130.6,132.1,37.5,28.7,43.1,58.1,167.5,110.2,84.9,195.1,1550.9,108.8,NA,NA,124.4,20.9,21.6,27.9,70.3,11.4,8.7,20.1,NA,13.7,5.4,15.2,NA,NA,13,13,26,325.6,59.7,NA,NA,63.1,6.8,10.1,6.2,23.1,5.2,3.6,8.7,NA,3,2.2,3.8,NA,NA,8.6,10.1,18.6,139.7,92.8,7.7,8.8,109.2,19.7,29.7,14.4,63.8,12.6,8.4,21.1,29.6,9.6,5.3,15.5,9.1,39.4,17.1,11.6,28.8,291.9,4648.2,411.9,526.3,5586.4,750.5,1153,928.1,2831.7,784,464.6,1248.7,1325.7,323.6,309.3,710.3,822.2,2165.4,1099.1,772.5,1871.6,15029.5
38018,1466.8,142.4,221.2,1830.3,217.1,326,274.9,818,278,151.7,429.7,461.6,96.4,80.8,240.4,287.4,705.1,330.1,250.2,580.3,4825.1,1204.6,89.1,122,1415.7,217.6,307.4,214.3,739.2,190.3,124.9,315.2,329.7,73.8,103.1,213.7,224.1,614.9,332,146.1,478.1,3892.7,919.5,75.5,71.9,1066.9,126.4,247.4,197.5,571.3,187.3,78.4,265.7,238.9,66.7,57.9,108.7,155.2,388.5,239.8,218.8,458.6,2989.9,324.2,22.2,37,383.4,64.9,94.9,70.7,230.6,36.6,29.9,66.5,112.3,24,26.9,54.1,55.5,160.5,54.4,45.5,99.9,1053.2,485.7,65.5,45.8,596.9,73,116.8,123.4,313.2,73.2,51.4,124.6,130.9,38.6,28.2,43.8,60.2,170.7,106.9,81.7,188.6,1524.8,106.5,NA,NA,122.4,19.7,21.3,27.4,68.3,11.4,7.2,18.6,NA,14.2,5.5,15.6,NA,NA,13.6,13.2,26.7,319.7,59.3,NA,NA,62.8,6.9,10.2,6,23.1,5.4,3.6,9,NA,3.1,2.1,4.2,NA,NA,8.7,10.4,19.1,141.2,92.9,7.8,8.9,109.6,18.6,28.8,15,62.5,13.2,8.2,21.5,28.7,9.4,5,15,8.6,38,20.3,11.7,32,292.2,4659.5,411.6,516.9,5588,744.3,1152.8,929.1,2826.2,795.4,455.3,1250.7,1339.9,326.3,309.6,695.5,819.3,2150.7,1105.8,777.6,1883.3,15038.8
38047,1470.7,144.3,228,1842.9,223.7,338.4,267.6,829.7,260.5,155.9,416.4,456.3,102.8,85.1,248.9,289.6,726.4,339.4,251.7,591.2,4862.9,1209.7,90.9,116.5,1417.1,229.4,312.3,218.1,759.8,175.3,130.7,306,327.8,78,104.1,220.8,237.4,640.4,336.7,150.1,486.8,3937.9,919.5,75.5,71,1066,136.5,244.9,198.6,580.1,179.2,80,259.1,235.1,67.9,59.3,119.5,153.9,400.6,238,202.1,440.1,2981,325.7,22.2,37.9,385.8,65.5,95.6,74.4,235.4,36.8,33.2,69.9,110.7,25.6,28.4,56.8,54.7,165.5,54.8,46,100.8,1068.1,484.6,65.7,46.7,597.1,76.8,117.9,133.4,328.1,74.6,53.2,127.8,131.6,38.9,29,43.2,60.4,171.5,105.6,81.1,186.7,1542.8,107.3,NA,NA,123.1,21.4,21.1,27.8,70.3,11.3,7.6,18.9,NA,13.6,5.6,16.3,NA,NA,14,13.5,27.5,324.3,58.2,NA,NA,61.6,7.2,10.4,6.1,23.7,5.3,3.3,8.6,NA,3,2.1,4.1,NA,NA,8.6,10.2,18.9,138.6,92.8,7.9,8.7,109.4,19.8,29.8,14.8,64.4,12.1,8.4,20.5,29.7,9.4,5.2,15.4,8.5,38.5,19.4,11.7,31.1,293.6,4668.5,415.5,518.9,5603,780.2,1170.3,941,2891.4,755,472.2,1227.3,1328.8,339.3,318.8,725.1,832.5,2215.7,1116.6,766.4,1883,15149.2
38078,1471.5,148.2,236.6,1856.3,207.7,317.5,272.8,798,272.9,149,421.9,461,101.9,73,240.2,279.5,694.6,351,266.9,617.9,4849.7,1189.5,88.7,124,1402.2,205.4,296.3,214.1,715.7,193.2,125.5,318.7,337.3,75.1,98.4,212.1,220.4,606.1,318.2,153.1,471.3,3851.3,925.9,79,72.6,1077.5,136.2,252.4,200.8,589.4,184.5,82.8,267.2,240.8,74.8,58.5,124.6,160.8,418.7,228.8,200,428.8,3022.5,328.8,22.8,37.2,388.8,64.7,94.8,70.5,230,38.7,31.8,70.5,115.1,27.4,28.6,57.4,54.6,168,53.7,44.7,98.3,1070.7,500.6,65.6,48.2,614.4,81.3,113.4,136.1,330.8,72.2,54.9,127.2,133.9,36.9,27.5,40.7,62.2,167.2,105.2,80.9,186.1,1559.6,108.5,NA,NA,124.3,20.7,20.4,27,68.2,11.5,7.6,19.1,NA,14.5,5.5,17.4,NA,NA,14,13.9,27.9,326.9,59.6,NA,NA,63.2,7.4,11,6.4,24.7,5.6,3.6,9.2,NA,3,2.6,4.1,NA,NA,8.9,10.7,19.6,144.2,92.3,8,8.3,108.6,20.1,29.3,14.6,64,12.5,8.2,20.7,29.4,9.5,5,14.9,8.5,37.9,19.1,11.5,30.6,291.1,4676.7,421.4,537.1,5635.2,743.4,1135.1,942.3,2820.8,791.1,463.3,1254.4,1356.1,343,299.2,711.5,815.3,2169,1098.8,781.7,1880.5,15116
38108,1496.1,144.8,231.7,1872.5,219.3,323.2,275.9,818.5,281.1,156.6,437.7,476.5,105,77.2,244.4,284.1,710.7,322,270.3,592.3,4908.2,1193.2,89.9,124.9,1408.1,199.7,281.1,216.8,697.6,192.9,124.9,317.8,331.9,73.4,91.8,215.6,219,599.7,320.8,151.7,472.5,3827.6,937.2,77.8,72.4,1087.3,141.4,254,202.5,597.9,187.9,83.7,271.6,244.7,79.2,59.9,128.7,163,430.7,241.2,192.8,434,3066.2,331.9,22.8,37.3,391.9,63.6,92.4,68.3,224.4,38.7,32.5,71.2,114.1,26.9,28.6,57,54,166.5,60.5,47.9,108.4,1076.6,502.7,66.9,47.5,617.2,74.5,118.6,138.6,331.7,72.1,52.6,124.6,137.4,37.6,29.1,41.6,61.6,170,104.4,80,184.5,1565.4,108.9,NA,NA,124.8,20.9,20.6,26.5,68,11.4,7.5,19,NA,14.5,5.7,17.2,NA,NA,13.4,14.2,27.6,326.1,60.3,NA,NA,63.8,7.5,11.2,6.8,25.4,5.5,3.7,9.2,NA,2.9,2.5,4,NA,NA,9.5,10.3,19.8,145.7,93.8,7.8,8.5,110.2,19.9,29.5,14.5,63.9,12.8,8.1,20.9,29.9,9.4,5.1,14.6,7.9,36.9,19.2,11.6,30.7,292.5,4724.1,419,532.7,5675.8,746.8,1130.6,949.9,2827.3,802.5,469.6,1272.1,1373.1,348.9,299.8,723.1,818.3,2190.2,1090.9,778.9,1869.8,15208.3
38139,1503.1,149.8,235.6,1888.5,214.5,333.7,279.8,828.1,274.5,158.9,433.4,476,103,78.3,243.9,286.4,711.5,320.9,267.8,588.7,4926.3,1210.4,87.4,125.7,1423.5,201.5,283.7,214.7,700,195.2,127.7,322.8,338.9,73.8,95.5,220.5,225.9,615.7,316.3,152,468.3,3869.2,953.1,80.5,76.1,1109.7,138.9,255.7,203.4,598,205,86.4,291.5,247.7,79.6,62.2,127,169.7,438.4,241.4,189.5,430.9,3116.2,335.6,23.9,36.6,396.1,65.5,94.7,66.9,227.1,39.5,33.5,73,115.4,27.1,29.6,58.7,55.6,171,58.4,46.7,105.1,1087.6,511.5,67.6,48.2,627.2,86.8,115.8,138.7,341.3,73.4,55.7,129.1,135.9,38.6,28,41.9,63.4,171.9,104.4,81.2,185.6,1591,110.9,NA,NA,126.6,20.8,21.4,27.8,70.1,11.8,7.6,19.4,NA,14.6,5.7,17.8,NA,NA,13.2,14.3,27.5,331.9,62.3,NA,NA,65.8,7.8,11.8,7.1,26.7,6.1,3.8,10,NA,2.9,2.6,4,NA,NA,9.6,10.3,19.9,151,93.9,7.8,8.6,110.3,19.2,29.8,15.1,64.2,12.7,8.2,20.9,29.8,9.6,5.2,14.8,8.3,37.8,19.1,11.7,30.7,293.7,4780.8,426.2,540.9,5747.8,755.1,1146.6,953.7,2855.5,818.3,481.8,1300,1385,349.1,307,728.5,837.2,2221.8,1083.2,773.5,1856.7,15366.9
38169,1504.5,150.3,226.9,1881.7,214.2,348.6,295.9,858.7,271.6,159.2,430.8,479.2,100.7,83.3,234.6,287.3,706,324.5,262.6,587.1,4943.4,1189,84.4,122.5,1395.9,210.3,283.1,218,711.3,200.4,131.2,331.6,344.1,73.2,104.1,228.6,220.4,626.4,306.4,157,463.3,3872.7,938.6,81.3,69.6,1089.5,141.5,245.7,196.1,583.3,188.1,91,279.1,250.4,80.1,65.8,124.3,174.6,444.8,229.7,198.9,428.6,3075.7,335.7,25.6,36.7,398.1,63.6,94.8,67,225.4,39.2,32.9,72.1,115.3,29.2,29.2,58.4,54.4,171.1,54,50.8,104.7,1086.7,505.2,69.1,47.6,621.9,86.4,117.1,144.5,348,73.5,57.6,131.1,139.4,38.6,26.4,42.3,65.7,173,110,81.1,191.1,1604.6,108.7,NA,NA,125,22.5,21.9,26.6,71,11.7,7.9,19.7,NA,15,5.7,17.9,NA,NA,13.5,14,27.5,331.8,62.9,NA,NA,66.4,7.5,9,7.1,23.5,5.5,3.7,9.2,NA,3,2.5,4.1,NA,NA,10.2,9.4,19.6,146.1,94.4,8.1,8.9,111.3,19,30.7,14.4,64.1,12.5,7.9,20.4,29.7,9.5,5.6,14.4,7.7,37.2,19.7,12,31.7,294.3,4738.9,428.1,522.8,5689.8,765,1150.9,969.5,2885.4,802.5,491.3,1293.8,1397.3,349.4,322.6,724.5,838.9,2235.4,1067.9,785.7,1853.6,15355.3
38200,1511.3,151.1,228.4,1890.8,211.3,344.4,273.8,829.5,271,158,429,479.3,99.4,78.1,238.9,282.2,698.6,317.5,264.7,582.2,4909.3,1190.7,86.8,123.8,1401.3,216.7,289.3,225.5,731.5,198.8,133.1,331.9,337.5,73.8,103.9,227.2,220.1,625,314.9,159,473.9,3901.1,932.6,86,70,1088.6,140.9,247.1,195.8,583.7,184,93.8,277.8,250.8,79.2,58.3,131.8,181.2,450.5,240.6,203,443.7,3095.2,336.7,23.9,36.1,396.7,61.8,94.9,68.7,225.3,40.8,32.6,73.4,117.6,28.5,27.8,58.2,54.6,169.2,53.1,45.2,98.3,1080.5,506,71.9,46.3,624.1,87.9,121.1,137.8,346.7,71.6,56.9,128.4,138.2,39.5,27.8,43.6,60.7,171.7,107.3,80.7,188.1,1597.3,108.5,NA,NA,124.8,20.8,22.5,26.7,70,12,7.5,19.5,NA,14.9,5.6,16.9,NA,NA,12.2,14,26.2,325.8,62.8,NA,NA,66.5,7.3,9.5,7,23.7,5.6,3.6,9.3,NA,2.9,2.5,4.3,NA,NA,9.7,9.2,18.9,145.8,93.5,8.1,8.5,110.1,19.9,31,14.2,65.1,13,8,21,29.3,9.7,5.6,13.7,7.6,36.6,18.6,12,30.6,292.7,4742.1,437.3,523.5,5702.9,766.5,1159.7,949.4,2875.6,796.7,493.5,1290.2,1391.3,347.9,309.7,734.6,833.5,2225.7,1073.9,788,1861.9,15347.6
38231,1517.8,148.7,228.9,1895.3,219.4,355.3,272.3,847,275,158.2,433.2,480.9,101,79.2,240.4,282.2,702.8,334.9,266.4,601.3,4960.5,1202.1,85.4,125.1,1412.5,220.2,287.4,229.8,737.4,196.6,130.2,326.8,344.6,78.4,105.3,234,221.4,639.2,327.5,171.4,499,3959.4,935.8,84.5,69.5,1089.8,144.5,252.8,198.7,595.9,188.9,98.4,287.3,255.1,80,61.4,139,194,474.4,260.3,213.5,473.9,3176.5,339.5,24.4,37.4,401.3,63,98,70,231,41.7,33.8,75.5,118,28.3,28.7,59.2,55.2,171.4,53.8,47.5,101.3,1098.5,518,68.2,48.1,634.3,90.4,119.1,145,354.4,75.8,59.1,134.9,142.8,41.6,28.2,45.9,65.1,180.8,113.7,81.1,194.8,1642.2,110.3,NA,NA,127,21.8,21.1,28.5,71.4,12.3,7.7,20,NA,15.3,5.8,18.8,NA,NA,12.9,14.2,27.1,334.6,63.8,NA,NA,67.5,7.6,8.6,7.1,23.3,5.6,3.8,9.4,NA,2.9,2.4,4.3,NA,NA,11.1,9.1,20.3,148.1,94.8,8.1,8.8,111.7,19.4,28.9,14.8,63.1,13.4,8,21.3,30,9.4,5.5,14.1,7.7,36.7,18.9,12.4,31.2,294,4782.1,428.7,528.7,5739.5,786.1,1171.2,966.2,2923.6,809.3,499.1,1308.3,1410.6,357,316.6,755.7,853.6,2282.9,1133.2,815.7,1948.9,15613.8
38261,1503.4,146,234.3,1883.7,221.9,364.7,283.4,870.1,268.8,159.3,428.1,474.9,102.8,79.3,236.2,288.7,707,314.3,257.8,572.1,4935.8,1197.2,90.1,129.7,1417,227,298.1,244.3,769.4,190.7,131.7,322.4,340.9,74.1,101.8,235.6,219.4,630.8,308.5,160,468.5,3949,914.7,87.3,67.3,1069.3,141.2,255.2,197.7,594.1,194.5,88.7,283.2,254.8,77.2,63.2,131.2,177.3,448.9,233.3,199.2,432.5,3082.8,337.9,26.1,39.6,403.6,64.9,96.9,67,228.8,41.4,28.5,70,117.3,29.4,29.3,57.4,56.2,172.4,52.5,48,100.5,1092.6,505.2,70.8,47.4,623.4,91.9,119.5,136.2,347.6,76.5,59.4,136,137.8,40.4,29.2,52.9,65.6,188.2,109.3,79.5,188.7,1621.6,111.2,NA,NA,127.7,21.8,22.8,26.7,71.3,10.1,7.6,17.7,NA,14.6,6.1,19.1,NA,NA,12.8,14,26.9,333.7,62.1,NA,NA,65.8,7.5,9.4,7.5,24.5,5.3,3.9,9.2,NA,3.1,2.4,4.3,NA,NA,10.2,9.3,19.4,147.3,94.7,8.2,8.5,111.4,21.7,29.2,14.4,65.2,13.8,8,21.8,28.9,9.2,5.6,14.7,7.7,37.2,18.8,12.4,31.2,295.7,4726.5,438,537.3,5701.8,798,1195.8,977.1,2971,801.2,487.2,1288.4,1394.7,350.9,317.1,751.3,843.6,2262.9,1059.6,780.1,1839.8,15458.5
38292,1512.7,143.2,244,1899.8,222.2,363.9,287.2,873.3,274.4,158.2,432.6,473.6,101.7,77.5,225.5,283.7,688.4,316.5,258.4,574.9,4942.6,1210.9,89.1,129.5,1429.6,228.3,294.9,235.6,758.8,184.8,126.4,311.2,336.3,70.3,96.4,236.7,215.8,619.1,305.5,158.1,463.7,3918.7,924,88.3,66,1078.3,140.5,272.7,192.6,605.8,194.9,89.8,284.7,251,75.6,64.5,135.8,172.5,448.4,219.7,195,414.8,3083,340.3,24.9,38.3,403.5,64.4,100.3,62,226.7,40.7,29.1,69.7,113.8,30.3,30.3,61.6,56,178.2,52.4,50.2,102.6,1094.5,510.3,66.5,49.5,626.3,91.5,124,138.4,353.9,73.3,59.7,133,137.9,41.1,28.2,52.4,63.6,185.3,110.2,78.7,188.9,1625.4,112.4,NA,NA,128.9,21.8,22.5,26.3,70.6,10.4,7.4,17.8,NA,14.2,5.9,18.3,NA,NA,12.8,14.6,27.5,331.9,62.6,NA,NA,66.2,7.7,9.4,7.3,24.5,5.4,3.8,9.2,NA,3.1,2.4,4.3,NA,NA,10.7,8.6,19.3,146.8,95.4,8.2,8.4,112,20.8,27.5,14.3,62.5,13.6,8.2,21.8,28.6,9,5.5,14.7,7.6,36.8,18.4,11.8,30.2,292,4768.7,429.7,546.2,5744.6,797.2,1215.3,963.7,2976.2,797.5,482.6,1280.1,1380.2,345.3,310.7,749.3,826.9,2232.2,1046.2,775.5,1821.7,15434.9
38322,1520.7,147.8,252.4,1920.9,224.7,351.5,283.6,859.8,281.5,152.1,433.5,459.4,108.5,74,213.4,283.6,679.6,319.9,253.1,573,4926.3,1224,90.7,125.7,1440.4,225.5,296.3,238,759.8,185.1,140.6,325.7,330.4,70.8,92.6,238.4,221.3,623.2,289.5,159.5,449,3928.5,926.4,89.6,64.7,1080.7,129.1,256.3,185.2,570.5,189.1,91.2,280.3,244.3,80.3,63,136.7,177.4,457.4,231,196.8,427.8,3061,344.4,23.9,38.2,406.5,65.2,95.8,69.7,230.7,41,29.3,70.3,107.1,31.1,28.1,61.5,58,178.7,52.1,52.8,104.9,1098.3,513.2,78.7,48.2,640.2,92.1,119.8,147.4,359.2,75,59.2,134.2,135.1,40,27.4,53.2,60.9,181.5,109.3,77,186.3,1636.5,114.6,NA,NA,131.3,22.3,23.1,27.2,72.7,11.4,7.4,18.7,NA,13.1,6.2,17.9,NA,NA,11.6,15,26.5,335.3,63.8,NA,NA,67.7,7.6,8.6,7.3,23.5,4.9,3.8,8.7,NA,3.1,2.3,4.5,NA,NA,10,8.4,18.4,146.5,95.8,8.6,8.5,112.9,18.6,30.4,15.8,64.8,14.3,8.3,22.6,28.6,9.2,5.5,14.3,8.2,37.2,17.6,12.9,30.5,296.6,4802.9,449.2,548.6,5800.8,785.1,1181.7,974.3,2941.1,802.3,491.7,1294.1,1343.8,356.1,299.1,739.9,837.5,2232.6,1041.1,775.4,1816.5,15428.9
38353,1500.5,149.3,237.5,1887.3,233.2,360.9,288.7,882.8,290.2,167.3,457.5,484.3,109.7,78.1,207.5,301.2,696.5,313.4,250.7,564.1,4972.4,1176.5,78.7,134.5,1389.7,229.5,297.1,235.3,761.8,185.3,137.2,322.5,345.5,71.5,95.2,225.8,219.5,612.1,272.3,160.1,432.4,3864.1,906.2,85.3,68.6,1060,153,255.9,189.2,598.1,201.5,92.9,294.4,255.7,82.7,65.3,128.8,180.1,456.9,241.1,201.5,442.7,3107.7,332.7,21.4,36.8,390.9,61.9,98.9,69.5,230.3,41.1,29,70.1,122.9,28,29.6,59.8,56.1,173.5,50.9,57.2,108.2,1095.8,505,68.5,46.1,619.7,93.9,123.2,143.2,360.2,74.8,56.5,131.2,142.6,44.6,28.2,53.1,59.1,184.9,101.9,73.8,175.7,1614.3,116.1,NA,NA,133.1,23.5,22.8,27,73.3,11.6,7.6,19.2,NA,14.5,5.8,17.9,NA,NA,13.3,15.4,28.7,341.8,60.5,NA,NA,63.8,8.4,9.9,7.4,25.6,5.5,3.7,9.1,NA,3.4,2.6,4.7,NA,NA,11.6,8.7,20.2,147.5,97,8.4,8.8,114.2,22.1,27.4,14.4,63.9,15,8.2,23.2,28.5,9.9,4.9,13.3,7.6,35.7,17.7,12.1,29.8,295.4,4694.5,420.7,543.7,5658.8,825.4,1196,974.7,2996.1,824.9,502.3,1327.2,1419.5,364.2,309.7,710.8,851,2235.7,1022.2,779.6,1801.8,15439.1
38384,1514.8,157.3,241.6,1913.7,231.7,369.7,283.4,884.7,279.8,160.8,440.6,484.3,106.7,77.5,216.4,293.9,694.6,306.9,262.7,569.6,4987.5,1197.8,85.1,134.1,1416.9,235.9,300,233.1,769,188.2,143.6,331.7,360.7,68.9,104.8,235.7,218.3,627.6,277.7,163.1,440.9,3946.9,927.1,83.7,68.6,1079.3,143.6,261.1,188.7,593.4,194.3,95.2,289.4,254.3,84.1,64.5,129.4,183.5,461.5,243.1,203.5,446.6,3124.7,344.1,23.4,39.3,406.8,63.3,97.9,68.3,229.4,40.7,29.8,70.6,120.2,29.8,28.4,60,55,173.3,50,55.8,105.8,1106,510.2,75.5,44.7,630.4,100.8,120.8,140.2,361.7,74.5,53,127.5,141.5,44.7,28.5,52.5,54.4,180.1,115.1,73.9,188.9,1630.1,114,NA,NA,131.4,22.7,24.2,26.4,73.3,12,7.8,19.7,NA,14,6.5,16.9,NA,NA,14.3,15.2,29.6,341.2,64.9,NA,NA,68.8,8.2,9.7,7.7,25.6,5.3,3.9,9.2,NA,3.3,2.5,4.1,NA,NA,11.6,9.2,20.8,152.7,98.7,8.7,8.6,116,23.3,26.9,13.9,64.2,12.9,8,21,29,9.7,5.3,13.6,7.5,36.1,16.1,11.9,28,294.3,4771.7,443.4,548.2,5763.3,829.5,1210.3,961.6,3001.4,807.6,502.1,1309.7,1429.8,361.4,318.1,728.6,840.9,2249,1034.8,795.3,1830.2,15583.4
38412,1508.5,156.9,243.1,1908.4,222.5,365.8,286.3,874.7,290.6,159.5,450,505.7,99.6,78,213.6,288.5,679.7,300.3,255.6,555.9,4974.5,1198.9,87.9,143.1,1430,240.8,301.4,232.9,775.1,190.1,138.8,328.8,348.9,68,103.9,234.7,214.3,620.7,266.4,164.1,430.5,3934.1,924.7,84.9,69.4,1079,136.4,261.3,186.6,584.3,202.2,92.5,294.7,255,81.4,69.9,126.3,178.3,455.8,243.2,202.6,445.8,3114.5,342.7,24,38.1,404.8,68.9,103.6,65.7,238.3,40.8,28.6,69.4,117.8,28.5,29,60.1,53.5,171.1,50.2,54.3,104.5,1105.9,511.6,74.6,44.2,630.4,98.7,121.8,140.5,361,76,53.4,129.4,140.3,44.9,29.1,53.4,54,181.3,109.9,74.4,184.4,1626.7,112.5,NA,NA,129.2,23.4,23.7,27.3,74.4,12,7.6,19.6,NA,14.1,5.8,16.5,NA,NA,15,15.2,30.2,339.8,63.7,NA,NA,67.5,9.7,9.5,7.5,26.7,5.2,3.6,8.8,NA,3.3,2.5,4.1,NA,NA,11.7,8.3,19.9,150.5,98.9,8.7,9.2,116.8,23.4,26.5,14.2,64.1,13.9,8,21.9,28.7,9.1,5.1,13.4,7.2,34.8,15,11.8,26.7,293,4761.5,446.8,557.7,5766.1,823.9,1213.7,960.9,2998.5,830.8,491.9,1322.7,1436.5,348.7,323.4,721.9,823.3,2217.3,1011.8,786.3,1798,15539.1
38443,1513.3,157.3,254.3,1924.8,207.1,381.5,289.3,877.8,268.5,154.5,423,417.9,100.7,77.6,206.7,290.1,675,306.1,253.1,559.2,4877.7,1223.5,93.1,140.3,1456.8,237.7,316,232.1,785.8,169.9,140.2,310.2,310,71.5,107.6,236.2,215.6,630.9,270,168.7,438.7,3932.4,943.4,83.1,69.6,1096,147.9,255.2,187.2,590.3,201.3,90,291.2,235.6,83.4,73.7,120.7,172.2,450,238.6,201.4,440,3103.1,347.4,23.6,37.5,408.5,58.6,95.5,66.1,220.2,36.8,26.8,63.7,102,30.5,25.6,58.9,52.6,167.6,50.6,55.5,106.1,1068.2,514,78.8,48.1,640.9,98,123.5,138,359.5,77.4,54.6,131.9,137.5,48.6,29.6,53.7,56,188,111.9,76,187.9,1645.8,112.5,NA,NA,131.7,24.1,23.5,26.3,73.9,12.9,7.4,20.3,NA,13.8,7.4,15.6,NA,NA,13.4,15.4,28.9,338.3,64.3,NA,NA,68,8.1,9.4,7.7,25.2,5.2,3.6,8.8,NA,3.2,2.4,3.2,NA,NA,13.2,7.2,20.3,148,98.1,8.5,10.2,116.8,21.4,26.3,14.3,62,12.9,8.1,21,26.2,9.6,5.6,14.4,7.5,37.1,18.1,12.2,30.3,293.4,4816.4,454.3,572.8,5843.5,802.9,1230.8,961,2994.7,784.9,485.2,1270.1,1266.2,361.4,329.6,709.4,820.6,2220.9,1022,789.5,1811.5,15407
38473,1507,158,251.2,1916.2,219.2,382.2,287.5,888.9,286.4,152.2,438.7,472.4,100,78.8,201.1,280.7,660.6,308.5,257.3,565.8,4942.6,1232.6,91.9,121.9,1446.3,245.1,317.1,244,806.2,189.9,147.4,337.3,341.1,71.9,106.6,241.6,224.5,644.7,265.7,171,436.7,4012.3,931.1,85.2,69.7,1086,157.1,256.5,172.2,585.8,203.4,88.3,291.8,254.2,84.5,67.5,115.9,170.5,438.5,241.1,199.2,440.3,3096.7,348.1,23.9,37.8,409.8,57.9,94.5,69.3,221.7,40.9,29.1,69.9,113.5,29.7,24.8,57.9,53.9,166.3,52.6,56.9,109.6,1090.8,523.9,76.8,50.6,651.3,102.4,121.8,140.6,364.8,75.9,55.2,131.1,137.6,48,29,52.8,56.7,186.5,115,76.5,191.5,1662.7,113.2,NA,NA,132.1,23.9,23.5,26.7,74.1,13.1,7.4,20.5,NA,14.4,6.9,15.2,NA,NA,13.3,14.8,28.1,340.5,64.5,NA,NA,68.2,8,9.1,7.5,24.6,5.1,3.6,8.7,NA,3,2.4,3.2,NA,NA,11.6,7.6,19.2,146.8,97.9,8.7,10.5,117.1,22.7,26.5,14.8,64.1,14,8.3,22.2,29.1,9.3,5.9,14.1,7.9,37.3,16.9,12.1,29,298.8,4818.3,454.5,554.3,5827.1,836.4,1231.3,962.5,3030.2,828.8,491.4,1320.2,1387.4,361,322,701.8,821.5,2206.3,1024.8,795.4,1820.2,15591.4
38504,1524,158.6,254.1,1936.7,228,376.1,288.8,892.8,291.9,155.6,447.4,483.5,100.2,80.9,207.5,282.6,671.3,311,262.8,573.8,5005.5,1229.4,94,122.7,1446,242.8,321.1,248,811.8,191.4,141.9,333.3,343.8,74.5,108.8,235.6,216,634.9,277.4,171.8,449.2,4019.1,945.2,86.2,72.9,1104.2,145.3,262.3,179.8,587.5,207.2,88.3,295.5,254.4,84.8,68.7,115.8,172.1,441.5,244.5,198.6,443.1,3126.1,352.1,23.8,38.2,414.2,59.5,94.6,67.6,221.8,41.6,29.6,71.2,118.7,29.9,25.8,56.5,53.9,166.1,52.5,56.7,109.2,1101.3,525.4,80.6,52.5,658.4,92.9,128.2,132.6,353.7,84.8,57.7,142.5,150.1,48,30.2,53.7,57.3,189.2,116.2,78.4,194.7,1688.6,111.3,NA,NA,130.7,23.8,23.5,26.6,74,13.5,7.7,21.2,NA,14.5,6.9,15.7,NA,NA,13.7,14.7,28.4,341.4,64.1,NA,NA,67.9,8.2,9.4,7.4,25,5.1,3.7,8.7,NA,2.9,2.4,3.3,NA,NA,11.7,7.7,19.4,148.2,97.7,8.8,10.6,117,23.4,27.7,14,65.1,14.5,8.4,22.9,31.3,8.9,5.9,14.2,8.1,37.1,17,11.7,28.7,302.1,4849.1,462.2,563.9,5875.2,823.9,1243.1,964.9,3031.9,850,492.8,1342.8,1422.5,363.8,329.5,702.5,817.6,2213.4,1043.9,802.5,1846.4,15732.3
38534,1564.2,158.5,250.4,1973.2,226.2,368.2,289.2,883.6,284.2,150.8,435,471.9,98,78.4,194.3,273.5,644.2,304.3,269,573.3,4981.2,1236.1,97.6,127.3,1460.9,236.1,310.9,216.5,763.6,188.6,140.9,329.6,346.2,76.3,101.8,229.7,216.2,624,273.6,176.5,450.1,3974.3,952.7,85.8,68.8,1107.3,159.1,270.9,189.1,619.1,202.5,91.6,294.1,255.2,81.8,66,117.5,173.4,438.7,247.5,190.1,437.7,3151.9,353.2,23.1,38.5,414.8,57,96.3,61.8,215.1,40.5,30.3,70.9,117.5,34.8,26.6,57.9,55.9,175.2,61.2,58.1,119.4,1112.9,533.3,80.5,55.5,669.3,98.9,125.6,144.6,369.1,75.3,52.9,128.3,142.8,45.6,31.2,52,51.7,180.5,116,78,194,1684,113.1,NA,NA,132.5,26.6,23.6,27.7,77.8,13.1,7.8,20.9,NA,14.6,6.8,17.4,NA,NA,14.3,15.6,29.8,348.8,63.4,NA,NA,67.2,8.4,9.1,7.4,24.9,5.1,3.9,8.9,NA,2.7,2.4,3.2,NA,NA,11.5,8,19.5,147.3,101.6,8.6,6,116.2,26.3,27.9,15.1,69.3,13.8,8.3,22.1,29.2,9.9,6.1,16,8.1,40.2,16.1,12.1,28.1,305.1,4917.6,464.2,559.6,5941.5,838.6,1232.5,951.4,3022.5,823.3,486.5,1309.8,1403,363.8,319.2,688,806,2177,1044.5,807.3,1851.9,15705.6
38565,1583.4,161.9,253.8,1999.2,223,378.3,300.3,901.6,288.3,156.9,445.2,476.2,94,79.6,191.1,278.1,642.8,278.5,266.1,544.6,5009.6,1243.6,103.4,128.4,1475.4,231.1,323.8,210.2,765.2,192.2,139.4,331.6,345.7,77.3,105.3,229.9,217,629.5,270,176.8,446.8,3994.2,967.8,82.5,67.4,1117.7,159.7,266.7,191.1,617.6,212.2,92.5,304.7,258.5,85.2,65.1,116.5,172.8,439.5,244,190.6,434.6,3172.6,360.9,24.2,38.9,424,63.8,94.3,54.8,212.9,41,31.6,72.6,116.8,30,27.6,56.3,55.3,169.2,58.4,57.3,115.7,1111.1,541,84.7,57,682.7,104.1,127.6,150,381.8,76,53,129.1,145.1,46.1,31.4,50.7,49.9,178.1,116.1,78.8,194.8,1711.5,114.6,NA,NA,134.3,26.4,23.5,28.7,78.6,13,8.2,21.2,NA,14.8,6.8,17.6,NA,NA,14.5,15.3,29.8,352.8,64.7,NA,NA,68.5,8.5,9.2,7.6,25.4,5.1,4.2,9.3,NA,2.9,2.4,3.1,NA,NA,11.7,8.1,19.8,150.1,104,8.7,6.4,119.2,27.9,27.8,15.1,70.8,13.6,8.5,22.1,29.4,9.7,6.3,15.8,8.3,40.1,15,12.1,27.1,308.7,4980,475.8,565.1,6020.9,844.6,1251.3,957.9,3053.8,841.5,494.3,1335.7,1411.8,360,324.5,680.9,809.7,2175.1,1008.1,805.1,1813.2,15810.5
38596,1568.8,167,251.4,1987.3,227.9,375.1,297.8,900.8,289.2,154.3,443.6,469.7,95.5,78.6,187.3,277.4,638.7,314.3,266.5,580.7,5020.8,1248.8,98.6,133.6,1481,227.4,325.3,210.2,762.9,206.2,135.2,341.3,342,77,101.6,229,207.1,614.7,272.4,177.9,450.4,3992.3,977.3,84.4,67.5,1129.1,154.2,262.9,190.1,607.2,211.1,91.3,302.4,251.7,84,65.1,117.6,168.6,435.3,254.3,190.2,444.5,3170.3,361.2,25.3,37.3,423.7,59.8,94.7,55.2,209.8,42,31.1,73.2,116.6,30.1,27.5,58,54.7,170.3,58.3,58.4,116.7,1110.2,545.4,84.5,54.5,684.4,97.5,128,145.5,371.1,76,52.5,128.5,140.4,46.5,31.6,49.5,50.2,177.8,116.5,77.4,193.9,1696.1,115.4,NA,NA,135.2,27.1,24.6,28.2,79.9,13.5,7.9,21.4,NA,15.1,6.9,17.1,NA,NA,14.1,15.5,29.6,354.5,64.2,NA,NA,68,8.3,9.4,7.5,25.1,5.4,4.2,9.6,NA,2.8,2.4,3.1,NA,NA,11.8,8.2,20,149.9,103.4,8.7,6.7,118.8,25.8,29.1,15.4,70.3,15.8,8.4,24.2,29.4,10.1,6,15.9,8.1,40.1,14.7,11.9,26.7,309.5,4984.4,478.8,564.4,6027.6,828,1249.2,949.9,3027.1,859.3,484.9,1344.2,1390.6,361.2,319.7,677.5,793.3,2151.7,1056.4,806,1862.4,15803.7
38626,1560.8,175.4,264.4,2000.6,207.9,364.8,300.7,873.5,285.6,152.9,438.5,458.6,96.8,74.6,191.6,275.2,638.2,319.4,287.5,606.9,5016.2,1252.3,87.7,133.1,1473.1,229.5,309.9,213.1,752.5,188.2,139,327.2,331.2,74.3,102,223.6,208.4,608.2,286,184,470,3962.2,970.8,82.2,72.8,1125.9,148.1,286.5,194.4,629,216.5,93.1,309.6,250,77.1,65.1,122.9,173.5,438.6,266.4,190.1,456.5,3209.5,360,23.9,36.4,420.3,56.5,96.2,56.1,208.8,41.8,31,72.8,111.3,30.9,28.1,59.1,53.9,171.9,56.3,53.7,110,1095.1,546.5,82.3,59.2,688,99.8,127.1,142.5,369.4,77.9,53,130.9,140.1,46.1,30.9,50.9,48.3,176.1,116.5,77.7,194.2,1698.7,114.8,NA,NA,135.8,26.8,26.5,29.5,82.8,12.8,7.8,20.6,NA,16.6,6.4,18.9,NA,NA,14.6,14.6,29.2,357.8,62,NA,NA,66,8.3,9.9,7.4,25.6,5.1,4.1,9.2,NA,2.5,2.5,3.1,NA,NA,11.5,8.4,19.9,147.6,103.8,8.6,6.2,118.5,27.1,29.6,15.7,72.4,15.8,8.6,24.4,27.6,8.9,5.8,14.8,8.5,37.9,13.5,11.7,25.2,306.1,4971.1,470.3,586.8,6028.2,804,1250.6,959.3,3013.9,843.6,489.6,1333.2,1358.4,353.2,315.3,684.8,794.5,2147.8,1084.1,827.7,1911.8,15793.2
38657,1555.5,181.8,265.8,2003.1,214.8,369.4,308.6,892.8,282.7,154.4,437.1,461.1,96.3,74,194.4,283.2,647.9,331.8,294.4,626.3,5068.3,1246.7,92.1,131.8,1470.7,225.7,317.8,215.5,758.9,186,137.9,323.9,328.7,75.4,100.9,224.3,207.6,608.2,285.1,185,470.1,3960.5,975.8,82.8,73.4,1131.9,144.3,287.7,197.5,629.5,213,92.5,305.5,248.9,78.4,63.6,122.8,171.9,436.6,270.9,189.6,460.5,3212.9,362.4,23.2,35.8,421.4,52.6,95,57.9,205.5,42.7,30.8,73.5,112.5,31.4,28,62.9,54.3,176.5,57.1,54,111.2,1100.7,542.2,82.9,60,685.1,98.7,124.1,153,375.8,81.3,53.2,134.5,144.5,47.1,30.3,51.7,48.8,177.9,119.2,75.9,195.1,1712.9,115.2,NA,NA,136.6,25.7,27,29.1,81.7,13.6,7.6,21.2,NA,16.9,6.1,19.7,NA,NA,14.4,14.8,29.2,359.4,61.1,NA,NA,65,8.1,10.5,7.8,26.4,5.1,4,9.2,NA,2.4,2.4,3.2,NA,NA,11.4,8.3,19.7,146.6,103.4,8.4,6.2,118,26.9,30.6,16.4,73.9,15.9,8.6,24.5,31,9,5.6,14.9,8.5,38,13,11.9,24.9,310.3,4962.2,481.6,587.9,6031.8,796.7,1262.1,985.8,3044.6,840.4,489,1329.4,1366.1,356.9,310.9,693.8,801.2,2162.8,1102.9,834,1936.9,15871.6
38687,1555.2,181.6,271,2007.8,214.7,374.1,311.3,900.1,278.2,145.3,423.5,454.3,97,75,200.7,279.6,652.3,319.5,290.8,610.3,5048.2,1267.1,86.9,134.2,1488.1,226.6,319,211.3,756.9,183.9,139,322.9,328.1,73.4,99.1,232.9,211.8,617.1,268.3,189,457.3,3970.4,985.3,83.1,65.1,1133.5,145.7,290.6,195.9,632.2,223.3,93.1,316.4,250.7,75.2,66.3,127.7,175.2,444.4,286.4,191.9,478.3,3255.4,364.5,23.5,36.1,424.1,60.7,96.1,59.3,216,40.6,30.8,71.4,110.3,29.5,28.8,62.8,54.7,175.8,56.7,55.5,112.2,1109.9,540.3,83.9,61.1,685.4,103.4,137.5,152.3,393.2,78.7,53.6,132.3,144.9,47,32.5,53.4,47.6,180.5,116.1,76.6,192.7,1728.9,114.9,NA,NA,136.2,25.6,26.3,29.9,81.8,13.6,7.7,21.3,NA,18,6,20.9,NA,NA,15.4,14.8,30.2,362.7,61.8,NA,NA,65.7,8.2,10.9,8.2,27.3,5.2,4.1,9.3,NA,2.2,2.5,3.2,NA,NA,12.1,7.5,19.7,148.6,105.6,8.4,6.3,120.3,26.7,30.3,17.3,74.3,15.7,8.7,24.3,29.3,8.7,5.7,14.8,8.6,37.7,13,11.6,24.5,310.5,4994.8,478.2,588.1,6061.1,811.6,1284.8,985.4,3081.9,839.1,482.2,1321.3,1357.4,350.9,315.7,716.3,804.8,2187.7,1087.5,837.7,1925.1,15934.5
38718,1567.8,179.6,283.8,2031.3,211.8,374.5,295.6,881.9,284,156,440,461.4,91.8,78.4,194.3,288.2,652.7,334.3,286.3,620.6,5087.8,1260.1,94.2,131.3,1485.6,229.4,318.9,208.4,756.7,187.4,140.9,328.3,328.4,73.9,99.7,254.6,210.4,638.7,300.5,174.1,474.6,4012.3,990.5,83.5,64.3,1138.3,145.3,301.1,198.3,644.7,217.7,95.2,312.9,252.9,72.5,71.7,124.7,177,445.9,267.7,193,460.7,3255.5,371.6,23.4,37.3,432.2,56,92.3,59.5,207.8,43.9,30.4,74.3,113,30.4,28.1,66.3,53.9,178.6,55.7,56.3,112,1117.9,544.1,86.8,62.9,693.9,103.3,128.8,152.1,384.1,83,53.6,136.7,145.9,44.8,32.1,55.4,47.7,180,114.6,78.4,193,1733.6,115.1,NA,NA,135.8,26.2,25.8,31.3,83.4,14.3,7.9,22.2,NA,17,6.1,23.8,NA,NA,15.7,16.6,32.2,369.5,62.9,NA,NA,66.9,8.1,10.8,8,26.9,5.1,4.3,9.4,NA,1.9,2.4,3.7,NA,NA,12.9,7.6,20.4,150.9,107.1,8.7,6,121.8,28.7,32.5,14.6,75.8,15.2,8.6,23.9,30.4,8.9,5.9,15.9,8.7,39.5,12.6,11.7,24.3,315.7,5019.2,486.6,600,6105.8,808.8,1284.6,967.8,3061.3,850.7,497,1347.7,1372.1,341.3,324.6,738.7,813.8,2218.4,1113.9,824,1937.9,16043.1
38749,1585.8,178.5,286,2050.3,209,363.6,311.9,884.5,279.7,152.7,432.4,471.9,91.2,75.8,197.2,283.4,647.6,340.3,283.8,624.2,5110.9,1269,94.5,140,1503.5,244.1,313.5,208,765.5,189.1,142.4,331.5,345.1,72.3,96.6,252.2,217.6,638.6,297.8,171.6,469.4,4053.7,1001.9,88.8,64.4,1155.1,150.2,297.2,204.5,652,212.5,96.4,308.9,267.5,74.9,69.8,129.7,180.9,455.3,261.2,192.2,453.3,3292.3,377.5,23.2,36.2,437,55.1,93.3,59.9,208.2,43.7,31.5,75.2,116.8,30.9,28.2,63.3,55,177.4,57.7,53.8,111.5,1126,545.2,88.2,65.7,699.2,107.3,133.1,154.1,394.5,83.2,56.3,139.5,154.1,43.2,33,57.9,52.6,186.7,116.9,80.4,197.3,1771.3,115.7,NA,NA,136.5,26.5,25.7,30,82.2,15.5,8,23.6,NA,15.5,6,24.5,NA,NA,15.5,15.3,30.8,368.9,64,NA,NA,68.1,8.1,11.1,8.1,27.3,5.2,4.2,9.4,NA,1.9,2.5,3.8,NA,NA,11.5,6.7,18.2,150.6,100.7,8.6,6,115.3,26.6,32.5,16.2,75.3,15,9,24,30.6,9.1,6.3,16.4,8.8,40.6,12.7,11.7,24.4,310.2,5059.9,492.3,612.9,6165,826.9,1269.9,992.8,3089.7,844,500.5,1344.5,1427.2,339.1,318.1,745.1,826.2,2228.4,1113.5,815.5,1929,16183.8
38777,1603.6,178.6,287.8,2070,214.6,367.7,314.4,896.7,278.1,159.5,437.6,462.3,88.5,77.6,196,291.7,653.8,348.1,282.2,630.3,5150.8,1290.3,98.9,143.3,1532.5,249.3,317.1,210.3,776.7,186.6,142.4,329,330,71.4,98.3,253.3,216.3,639.3,305.6,179.9,485.6,4093.1,1007.6,90.4,64.3,1162.3,148.2,297.9,203.6,649.6,212.2,97.1,309.3,261.1,71.5,70.5,129.1,175,446.1,269,193.2,462.2,3290.7,381.4,23.7,37.6,442.7,54.9,92.5,61,208.4,41.6,32,73.5,110,29.7,27.6,63.1,54.9,175.3,58.3,55.8,114.1,1124.1,552,88.6,64.5,705,106.8,134.5,152.9,394.3,82.2,56,138.1,151.5,42.2,32.5,57,50.7,182.4,118.3,81.4,199.7,1771,116.6,NA,NA,137.4,27.9,25.8,29.8,83.6,14.4,8.7,23.1,NA,16.7,5.9,24.5,NA,NA,16.6,15.1,31.7,371.9,62.2,NA,NA,66.3,8.7,10.9,8.3,27.9,5.1,4.6,9.7,NA,2,2.5,3.5,NA,NA,11.4,7.7,19.1,150.7,102.5,8.5,5.8,116.9,25.7,32.3,16,74,15.3,9.2,24.5,29.9,9.1,6.1,16.1,9.1,40.4,12.7,11.9,24.6,310.4,5116.2,498.9,618,6233.1,836.1,1278.8,996.3,3111.2,835.5,509.4,1344.9,1384.2,331,321.2,742.6,827,2221.8,1140,827.4,1967.3,16262.5
38808,1607.5,179.6,274.1,2061.2,217.8,370.9,312.6,901.4,287.9,158.4,446.3,473.3,91.4,79.8,207.4,290.9,669.4,357.8,277.1,634.9,5186.5,1299,101.7,144.3,1545,253,325.9,197.8,776.6,189.7,148,337.6,353.1,74.4,102.9,263.7,231.7,672.8,324.5,182.5,507,4192.2,1020.5,93.3,64,1177.8,147.2,285.3,201.5,634,202.6,99.3,301.9,260.4,77.3,71.4,129,178.2,455.8,263.1,201.3,464.4,3294.3,376.4,23.4,37,436.8,55.2,96.1,67,218.3,45.6,33.8,79.4,119.8,31.6,27.4,63.8,58.8,181.6,60,57.2,117.2,1153.2,554.1,86.6,66.3,707.1,104.6,142.3,159.7,406.6,88.8,56.9,145.7,154,39.9,32,54.8,48.9,175.6,121.6,80.8,202.5,1791.5,114.9,NA,NA,135.2,25.8,26.7,29.4,81.9,15,8.5,23.4,NA,15.8,6.3,24,NA,NA,14.3,15.4,29.7,366.7,66.4,NA,NA,71.1,8.3,11,8.4,27.7,5.7,4.5,10.1,NA,2,2.6,3.8,NA,NA,12,7.6,19.6,157.1,101.5,8.8,5.8,116.1,27.6,34.4,16.6,78.6,16.3,9.4,25.7,30.8,9.3,5.6,15.1,9.3,39.3,13.1,11.9,25,315.6,5140.2,504.5,605.7,6250.4,839.6,1292.6,993,3125.2,851.5,518.8,1370.3,1431.8,341.6,328.1,761.6,847.8,2279.2,1166.4,833.8,2000.2,16457
38838,1611.5,186.6,272.1,2070.3,216.2,386.8,307.7,910.7,285.5,157.7,443.2,457.6,97.9,82.4,208.9,286,675.2,372.5,280.1,652.6,5209.7,1309.5,99.9,147,1556.4,250.1,331.2,203.8,785,182.7,145.7,328.5,328.2,73.9,102.9,256.5,230.7,664,337,183.7,520.8,4182.9,1018.1,103.9,65,1187,147.1,306.6,206.1,659.9,206.3,102.4,308.7,257.7,72.8,70.7,133,183.1,459.6,257.3,198.6,455.9,3328.8,382.9,23.3,37.3,443.5,56,101.3,66.1,223.3,45.1,32.2,77.3,115.2,31.2,29.5,62.7,52.2,175.6,59.1,55.8,114.9,1149.8,549.8,89.9,68.5,708.3,106,155.2,155,416.1,87.6,58.8,146.4,152.1,37.7,35.4,54.3,51.3,178.7,129.2,79.8,209,1810.6,115.1,NA,NA,135.8,25.8,27.7,30.5,84,14.7,7.7,22.3,NA,15.1,6.3,25.2,NA,NA,13.6,15.5,29.2,363.9,66.8,NA,NA,71.9,8.4,11.3,8.9,28.6,5.8,4.6,10.4,NA,2,3.2,3.9,NA,NA,13.4,8,21.4,160.9,100.8,8.7,5.6,115.1,29.2,34.5,15,78.6,15.6,9.5,25.1,29.5,9,6.3,14.6,9.4,39.2,13.9,11.8,25.7,313.2,5154.6,524,609.6,6288.2,838.8,1354.5,992.9,3186.3,843.3,518.6,1361.9,1378.2,339.6,336.6,759.1,840.5,2275.8,1196.1,833.3,2029.4,16519.7
38869,1628.8,183.3,272,2084.1,221.1,381.6,305,907.7,287.8,158.3,446.1,474.2,100.2,80.6,211,290.2,682,378.9,277.2,656,5250.1,1327.2,103.1,144.1,1574.3,243.9,326.3,202.8,773,184.3,152.9,337.2,334,73.8,102.1,253,246.9,675.8,329.3,191.2,520.5,4214.9,1033,108.7,66.4,1208.2,152.9,307.2,211.4,671.4,212.4,101,313.4,265.9,73.2,71.1,133.5,181.3,459.1,251.4,194.8,446.3,3364.3,386.2,23.3,38.5,448,55.3,99.2,66,220.4,44,32.5,76.5,110.5,31.2,28.1,66.8,55.5,181.6,58.2,55.2,113.4,1150.4,553.6,93.2,66.6,713.4,102.9,150,159,412,88.9,58.8,147.7,157.2,38.1,36.6,54.1,50.5,179.3,125.3,81.3,206.6,1816.1,115.3,NA,NA,136.3,26.9,27.2,30.9,84.9,13.6,8.4,22,NA,14.8,6.4,25.5,NA,NA,13.7,15.6,29.4,368.5,67.8,NA,NA,72.6,8.9,11.5,10.2,30.6,5.9,4.5,10.5,NA,2.1,3.3,3.9,NA,NA,11.8,7.8,19.5,161.7,102.8,8.9,5.7,117.4,29.7,33.7,16.4,79.9,15.7,9.6,25.2,33.4,8.9,6.4,14.6,9.7,39.6,12.5,11.5,24.1,319.6,5214.7,532.2,607.5,6354.3,841.6,1336.6,1001.7,3179.9,852.7,525.8,1378.5,1413.6,342.4,334.6,762.4,864,2303.5,1181.2,834.5,2015.8,16645.6
38899,1628.7,188,272.5,2089.2,218.6,390,283.6,892.1,292.2,159.8,452,465.1,95,80.8,216.7,294.1,686.7,382.3,287,669.3,5254.4,1330.6,101.6,133.3,1565.5,262.8,336.5,208.2,807.5,186.5,148.4,334.9,338.8,70.2,100.9,242.6,225.8,639.6,335.8,180.3,516.1,4202.5,1022.1,124.9,68.7,1215.6,157.6,316.8,197.9,672.3,208.2,99.1,307.3,265.2,75.8,76,134.9,179.7,466.3,252.9,194.1,447,3373.8,386.1,26.9,39.8,452.7,60.4,99.8,71.7,231.9,42.6,32.4,75,113,29.5,29.3,61.2,54.5,174.5,58.4,54.5,112.9,1160,552.7,87.3,59.4,699.5,111.1,152.1,158.1,421.3,94.6,61.9,156.4,155.8,36.1,37.7,59.6,51.2,184.6,128.9,85,213.8,1831.5,114.9,NA,NA,135.3,25.4,27.3,31.6,84.3,15.8,8.2,24.1,NA,16.3,6.5,27,NA,NA,13,15.5,28.5,371.1,69.1,NA,NA,73.4,8.5,11.9,9.9,30.2,5.9,4.6,10.5,NA,2.3,2.8,3.9,NA,NA,12.7,8.7,21.4,163.6,102.8,9,7.5,119.3,29.5,35.7,16.1,81.3,15.4,9.7,25,29.8,9.3,7.2,14.5,10,40.9,13.3,10.2,23.5,319.9,5207,548.8,594.8,6350.6,873.9,1369.9,977.1,3220.9,861.1,524.1,1385.3,1406.5,334.4,341.3,760.3,844.9,2280.9,1197.2,835.3,2032.5,16676.7
38930,1641.4,188,273.7,2103,225.5,377.9,275.4,878.9,293.4,158.4,451.8,462,96.7,81.5,216.9,293.8,689,373.9,289.6,663.5,5248.2,1332.7,106.8,134.3,1573.8,266.3,324.5,206.2,797,193.8,151.6,345.5,339,69.7,101.6,247.3,237.7,656.2,337.9,185.8,523.7,4235.1,1031.8,124.9,67.9,1224.5,158.1,313.4,201.9,673.4,210.7,99.1,309.8,268.2,74.5,74.4,138.1,179.6,466.6,260.8,189.7,450.5,3393,388.1,27,41.9,457,60.2,97.9,73.2,231.4,45.3,32.6,77.9,114.4,29.9,29.6,62.4,57.4,179.2,57,57.1,114.1,1173.9,545.9,91.1,61.5,698.5,112.7,152.5,159.6,424.9,95.3,65.6,160.8,153.8,36.2,38.9,59.5,54.6,189.2,127,83.3,210.3,1837.5,114.2,NA,NA,134.6,27.1,26.2,30.7,84,16.3,8.6,24.8,NA,16.3,6.7,27.1,NA,NA,13,15.7,28.7,370.4,68.9,NA,NA,73.1,8.9,11.5,9.7,30.1,6,4.4,10.4,NA,2.2,3,4,NA,NA,13,8.7,21.7,163.2,104.8,8.9,7.2,121,30.2,33.7,16.9,80.8,14.9,9.4,24.3,31.4,9,6.2,13.9,9.9,39,14.5,11.1,25.6,322.1,5227.6,558.2,599.7,6385.5,888.9,1337.6,973.7,3200.3,875.7,529.7,1405.4,1406.3,334.5,341.8,769.2,862.3,2307.8,1197,841.1,2038.1,16743.3
38961,1650.7,191.5,279.7,2121.9,226,391.3,271.5,888.7,307,157.6,464.6,442.8,95.4,81.6,220.5,285.9,683.3,386.1,282.6,668.8,5270.1,1339.5,100.5,132.1,1572,271.8,339.4,206.3,817.4,202.2,155,357.2,322.3,68.9,102.8,246,235.4,653.1,335.9,190,525.8,4247.9,1040,126,69.1,1235,153.1,328.3,194,675.5,202.7,96.5,299.2,247.8,76.7,76,139.3,176.2,468.1,269.4,192.6,462,3387.6,394.3,27.3,41.3,462.9,65.9,100.3,73.9,240.1,44.9,31.9,76.8,111.6,28.3,28.1,60.5,56.1,173.1,56.4,57,113.4,1177.9,558,91,61.3,710.2,115.4,169.5,155.2,440.1,96.7,64.4,161.1,152.7,36.8,38.6,62.1,53.8,191.3,124.9,88.2,213.1,1868.5,114.9,NA,NA,135.3,26.9,27.4,31.1,85.3,17,8.3,25.3,NA,17.1,6.7,28,NA,NA,13.3,15.7,28.9,373.7,70.5,NA,NA,74.9,8.8,11.6,9.4,29.8,5.7,4.3,10,NA,2.2,3,4,NA,NA,12.7,9,21.7,164.5,105.7,9.3,7.3,122.3,29.8,38.4,16.6,84.8,15.5,9.4,24.9,28.6,9,6.4,13.4,10.1,38.9,15.3,11,26.3,325.8,5273.5,557.2,604,6434.8,897.6,1406.1,958,3261.7,891.7,527.5,1419.1,1343,334.5,343.2,773.8,846.1,2297.5,1214,846,2059.9,16816
38991,1655.7,190.9,284.4,2131,225.3,396.6,275.7,897.6,312.1,153,465.1,470.5,95.3,87.6,214.4,285.1,682.4,399.1,265.9,665.1,5311.8,1381.6,95.6,141.6,1618.8,266,337.8,206.2,810,204.7,161.7,366.4,339.3,71,103.3,255.7,230.2,660.2,319.5,185.2,504.7,4299.4,1046.5,127.6,71.8,1245.9,168.5,320.4,196.2,685.1,197,89.2,286.3,270.5,81.3,74.7,143.9,160.4,460.4,264.3,199.4,463.8,3412,394.8,27.3,40.7,462.8,68.5,100,71.7,240.1,48,32.2,80.2,116.6,29.5,30.2,64.5,57.1,181.3,55.7,61.8,117.5,1198.6,571.7,93.5,60.7,726,114.3,159,154.9,428.2,100.2,67.2,167.4,160.1,37.7,39.9,63.6,57.1,198.3,131.3,88.6,219.9,1899.7,116.3,NA,NA,136,27.3,26.2,30.1,83.6,17.2,8.7,25.9,NA,16.4,6.2,27,NA,NA,13.4,16.5,29.9,372.6,72.9,NA,NA,77.3,8.8,11.1,9.1,29,5.9,4.1,10.1,NA,2.6,3,4.1,NA,NA,12.8,8.7,21.4,166,102.7,9.4,8.1,120.2,26.8,39.4,17,83.2,14.7,9.4,24.1,29.9,10,6.8,13.8,10.1,40.7,20.7,11.7,32.4,330.5,5342.3,556.1,619.7,6518.1,905.4,1390.4,961,3256.8,899.9,525.5,1425.4,1424.3,343.7,351.8,786.9,828.9,2311.4,1216.8,837.7,2054.5,16990.5
39022,1653.1,192.5,279.5,2125,223.8,404.1,280.8,908.7,311,150.6,461.6,468.8,98.2,87.1,215.6,279.7,680.6,397.3,273.4,670.7,5315.4,1352,96.4,144.8,1593.2,266.5,340.8,201.9,809.3,204.7,148.6,353.3,345.5,72.8,101.4,257.9,232.2,664.3,329.3,186.5,515.8,4281.4,1037.4,132.4,75.3,1245,173.8,328,204.9,706.7,197.9,90.8,288.7,272.7,89.1,74.3,143,161.7,468.1,254.7,197,451.7,3433,394.1,27.4,43.2,464.7,69.5,99.3,71.3,240,47.3,31.3,78.6,114.7,28.9,29,64.8,56.4,179,56.4,61.1,117.5,1194.5,576.8,94.3,60,731.1,112.6,160.2,147.8,420.6,99.1,68.7,167.7,161.5,38.4,43,65.5,58.1,205,129.8,91,220.9,1906.8,115.8,NA,NA,135.5,26.7,27,29.3,83,15.8,8.4,24.2,NA,16.4,6.4,27.8,NA,NA,13.7,16.8,30.4,371.6,73.8,NA,NA,78.2,8.2,11,10.2,29.5,5.9,4.1,9.9,NA,2.6,3.1,3.8,NA,NA,12,8.6,20.6,166.6,104.2,9.3,8.1,121.6,29.2,40.8,16.2,86.2,13.8,9.1,22.9,30.6,10.3,6.7,13.7,10,40.7,18,12.2,30.2,332.2,5307.1,564.5,622.8,6494.4,910.3,1411.3,962.5,3284,895.5,511.4,1406.9,1432.6,356.8,351,792.1,825.6,2325.6,1211.3,846.6,2057.9,17001.5
39052,1658,193.4,291,2142.4,225,409.5,273,907.5,305.3,157.4,462.7,472.6,92.2,88.5,214.3,286.6,681.7,415.8,265.4,681.3,5348.1,1364.5,98,143.1,1605.6,263,338.8,198,799.8,206.7,147.8,354.5,347.2,72.6,106.9,253.9,224.7,658,333.6,190.9,524.5,4289.6,1052.7,136.8,78.7,1268.2,185.4,314.4,187.5,687.3,193.9,91.1,285,274.4,85.6,75.7,146.4,167.6,475.2,239.6,191.5,431.1,3421.2,398.4,27.5,40.1,466,62.9,98.7,71.5,233.1,48.2,32,80.2,116.7,28.2,29.3,65.8,55.8,179.1,55.3,60.2,115.5,1190.6,587.5,90,57.1,734.6,111.4,164.6,150.2,426.2,100.8,70.1,170.9,163.4,38,41.9,68.1,59.3,207.3,137.5,87.5,225,1927.4,115.1,NA,NA,134.5,28.3,27.8,29.9,86,16.1,8.3,24.3,NA,16.6,6,27.3,NA,NA,12.5,16.2,28.7,371.3,75.4,NA,NA,79.8,8.4,11.3,10.6,30.4,5.9,4,10,NA,2.5,3.2,4,NA,NA,12.1,8.8,20.9,170.1,102.8,8.6,8.4,119.8,27.9,39.6,17.1,84.6,15,9.4,24.4,31.7,10.3,6.5,12,9.8,38.6,19.5,12.7,32.2,331.3,5354.4,565.9,630.6,6550.9,912.3,1404.6,937.9,3254.9,891.9,520.2,1412.1,1444.2,346,358,791.8,832.8,2328.6,1225.9,833.1,2059.1,17049.6
39083,1665.8,196.7,301.6,2164.1,218.9,407.8,290.5,917.3,308.2,151.2,459.4,467.1,92,90.4,210.7,287.4,680.6,412.8,273.3,686,5374.5,1361.7,97.7,151.3,1610.7,273.1,333.8,224.8,831.7,214.9,144.2,359.1,347.3,74.1,104.3,255.7,229,663.1,327.2,194.2,521.4,4333.3,1056.6,139,80.4,1276,183.8,342.4,199.7,725.8,199.9,90.3,290.1,273.5,73.7,77.2,144.3,161.6,456.9,266,199,465,3487.3,396.7,27.1,46.2,470,73.1,94.9,75.4,243.4,48.9,30.8,79.7,116.9,24.7,28.5,68.2,57.3,178.8,59.5,61,120.5,1209.3,600.3,92.9,56.3,749.5,106.8,172.1,156.2,435.1,99.5,70.8,170.3,161.1,39.2,38.9,62.4,60.8,201.2,145,95.4,240.4,1957.7,119,NA,NA,138.9,27.9,27.6,29.2,84.7,16.2,8.1,24.3,NA,16.2,6,26.2,NA,NA,13,17.9,31,375.3,75.6,NA,NA,80,8.7,11.5,11.4,31.6,6.5,4.2,10.6,NA,2.2,3.3,4,NA,NA,12,8.4,20.4,170.7,101.5,9.4,8.5,119.5,25.1,36.4,16.8,78.3,17.5,8.8,26.3,31.1,12.2,6.2,12.4,10,40.8,18.8,14,32.8,328.7,5377.1,575,656.5,6608.7,917.5,1426.5,1003.9,3347.9,911.7,508.3,1419.9,1435.4,334.3,354.8,784.1,834.1,2307.4,1254.3,863.3,2117.5,17236.7
39114,1668.8,203.3,310.4,2182.5,222,422.3,300.5,944.8,315.4,150.6,466,476,83.4,97,203.4,283.7,667.5,426.7,275.7,702.3,5439.1,1372.7,103.7,156.7,1633.1,261.5,343.3,227.8,832.6,221.6,143.4,365,343.8,79.3,108,253.7,223.8,664.9,325.2,197.6,522.8,4362.1,1056.3,142.9,83.5,1282.6,189.4,363.6,203.9,757,196.3,91.4,287.6,281.8,79.2,82.2,143.4,163.3,468.1,270.7,196.2,467,3544.1,401.7,28.8,46.7,477.3,71.3,98.4,75.4,245.2,50.1,31.5,81.6,115.2,26.8,29.9,74,59.4,190.1,58.5,59.7,118.2,1227.6,607.1,90.5,56.8,754.4,102.7,174.9,158.6,436.2,105.1,72,177.1,164,36.5,40.1,66.1,63,205.7,144.5,99.4,243.9,1981.3,120.9,NA,NA,141.9,27.4,27.5,29.8,84.7,16.9,8.2,25.1,NA,15.8,6.3,25.4,NA,NA,12.6,18.7,31.3,378.7,76,NA,NA,80.4,7.4,12,11.9,31.3,7.3,4.1,11.5,NA,2.4,3.5,4.1,NA,NA,11.8,8.2,20,171.9,103.2,9.1,8.7,121,26.9,38.3,17,82.3,18.7,9.8,28.5,31,10.3,6.7,12.7,10.4,40.1,18.6,14,32.7,335.5,5406.6,591.4,675.1,6673.1,908.6,1480.4,1025,3414,931.4,511.1,1442.5,1450.1,333.7,373.8,782.7,832.5,2322.7,1268.5,869.5,2138,17440.4
39142,1686,198,310.7,2194.8,228.2,443.4,293.4,965,323.3,153.3,476.7,505.4,88.4,99.2,206.7,288.8,683.1,435.8,277,712.7,5537.6,1367.6,102.7,154.1,1624.3,253.4,364.5,215.5,833.5,223.5,144.5,368,367.4,80.2,111.5,254.2,218.9,664.8,329.7,201.4,531.2,4389.3,1075.8,144.2,84.8,1304.7,184.4,366.1,205.8,756.3,197.3,93,290.4,280.9,78.8,88.9,142.9,171.9,482.5,274.7,203.5,478.2,3592.9,403,28.2,46.7,477.8,75,96.9,75.8,247.6,51.9,31.5,83.4,121.1,25.5,31.2,75.1,58.9,190.8,60.4,61.2,121.6,1242.4,608,93.1,58.8,759.9,106,181.5,153.9,441.4,109,73.7,182.7,169.8,35.8,40.1,65.5,62.8,204.2,145.2,100.2,245.4,2003.4,122,NA,NA,142.1,27.4,28.9,29.7,86,16,8.5,24.4,NA,16.3,6.5,24.9,NA,NA,12.4,18.3,30.7,382.9,75.6,NA,NA,80.1,9,12.3,11.3,32.6,6.5,4.3,10.8,NA,2.2,3.3,4,NA,NA,12.8,8.5,21.3,173.4,103.6,9.6,9.1,122.4,27.1,38.4,17,82.5,19,9.8,28.8,32.6,12.7,6.7,12.7,10.6,42.8,19.2,14.3,33.5,342.6,5441.6,587.9,676.6,6706.1,910.5,1532.1,1002.4,3444.9,946.4,518.7,1465.1,1519.2,340.1,387.5,786,841,2354.6,1290.2,884.4,2174.6,17664.5
39173,1691.8,199.9,313.7,2205.5,234.1,416.8,284.1,935.1,319.3,160.4,479.7,469.7,89.7,89,210.5,292.2,681.5,427.5,280.6,708.1,5479.4,1375.5,98.3,166.3,1640.2,252.9,340.5,222,815.4,222.9,140,362.9,340.1,77.1,113.6,247,217.6,655.3,324.3,205.8,530.1,4344,1087.5,145.1,85.7,1318.3,193.3,349.2,202.6,745.1,201.1,94.5,295.6,277.4,84,80.9,143.6,174.2,482.8,287.9,196.9,484.7,3603.9,408.2,28.4,48,484.6,75.9,97.7,68.1,241.7,47.1,28.9,76,117.8,23.9,30.1,66.8,56.8,177.6,61.1,60.6,121.7,1219.3,612.6,94.4,57,764,105.4,184.1,153.7,443.1,106.4,72.5,178.9,162.6,34.5,41.1,69.9,59.1,204.7,145.7,100.9,246.6,1999.9,124.4,NA,NA,146.6,28.3,26.1,32.4,86.8,15.4,8.9,24.4,NA,17.2,6,24.4,NA,NA,13.2,17.6,30.8,384.5,74.5,NA,NA,79.2,9.2,12.7,11.7,33.6,6.4,4.5,10.9,NA,2.4,3.5,3.9,NA,NA,10.9,8.5,19.4,172.4,106.8,9.6,9.7,126.1,25.3,36.7,16.9,78.9,18.1,9.6,27.7,30.6,11.6,6.6,12.2,9.8,40.1,20.8,14.3,35.1,338.6,5481.6,588.4,694.6,6764.5,924.4,1463.9,991.6,3379.8,936.7,519.4,1456.1,1436.4,340.3,370.8,778.3,839.3,2328.7,1291.3,885.2,2176.5,17542
39203,1698.4,198.6,312.4,2209.5,238.6,413.9,288,940.5,290.6,159.4,450,480.7,83,92.3,209.8,291.9,677,427.1,279.5,706.6,5464.2,1368,100,167.2,1635.2,255.9,344.1,225.1,825.1,216.8,143,359.8,350.5,76.8,108.4,242.1,217.9,645.2,313.6,199.9,513.5,4329.3,1105.1,145.1,87.6,1337.8,188.1,343.8,207.2,739.1,190.9,94.8,285.7,271.9,84,79.9,140.3,173.1,477.5,291,205.2,496.3,3608.2,411.7,28.3,48.2,488.1,79.9,100.2,67.8,248,49.9,30,79.9,120.7,24.6,29.4,64,55.4,173.4,58.7,59.1,117.8,1227.9,616.7,94.8,55.7,767.2,103.1,183.6,156.8,443.5,107.2,69.9,177.1,167,34.9,40.8,69.6,57,202.3,143.6,103.7,247.3,2004.4,126.5,NA,NA,147.5,29.6,26.3,32.7,88.6,16.2,9.2,25.4,NA,17.4,6.2,24.4,NA,NA,13.1,18.1,31.2,391.4,76.8,NA,NA,81.5,9.4,13.1,11.4,33.9,6.6,4.5,11.1,NA,2.4,3.5,4.1,NA,NA,10.9,8.6,19.5,176,106.5,9.3,9.8,125.6,25.5,36.7,17.2,79.5,18.1,9.6,27.7,31.5,11.5,6.7,12.6,9.6,40.4,22.3,15.3,37.6,342.3,5509.6,588.6,694.1,6792.3,930.2,1461.8,1006.3,3398.3,896.2,520.4,1416.6,1461.8,334.5,367.2,767,836.2,2304.9,1280.5,889.3,2169.8,17543.7
39234,1729.9,190.4,303.5,2223.8,237.5,424.8,275.4,937.7,334.4,161.2,495.5,486.3,84.4,96.8,215.7,284.4,681.2,435.5,285.8,721.3,5545.8,1390.4,96.4,176.8,1663.6,254.8,353.2,224.4,832.4,228.6,144.7,373.3,348.6,77.9,107.5,252.4,219.5,657.2,314.4,200.8,515.3,4390.4,1117.8,141.5,85.9,1345.3,194.8,350.1,207.8,752.7,214.1,97.8,311.9,290.5,85.6,81.6,144.4,175.9,487.5,296.7,213.1,509.8,3697.8,415.5,29,48.8,493.3,78.2,97.6,73.5,249.4,51.5,29.8,81.3,122.2,24.8,29.1,67.4,56.6,178,60.4,61,121.4,1245.6,626.8,94.7,55.5,777,103.1,183.3,154.3,440.7,103.1,71.9,175,163.4,33.9,41.1,71.3,58.1,204.3,143.6,109.5,253,2013.4,128.2,NA,NA,149.1,29.5,26.3,36.9,92.7,16.6,9.7,26.3,NA,17,6.4,23.6,NA,NA,13.7,17.8,31.6,398.8,78.1,NA,NA,82.9,9.5,12.7,11.5,33.7,6.6,4.9,11.5,NA,2.4,3.6,4.1,NA,NA,10.9,9.8,20.7,179.8,107.7,9.5,10.5,127.8,24.4,38.2,17.4,80,18.7,9.5,28.2,31.2,11.2,7.2,12.4,9.5,40.3,22.9,16,38.9,346.4,5594.5,574.2,694,6862.8,931.7,1486.3,1001.2,3419.2,973.7,529.4,1503.1,1482.7,337,373.4,791.3,836.5,2338.2,1298.1,913.8,2211.9,17818
39264,1751.1,202.7,310.5,2264.3,246.2,432,284.2,962.5,328.5,168.3,496.9,487.6,89.1,98.8,226.7,302.1,716.6,426,297.4,723.4,5651.3,1375.7,99.5,185.9,1661.1,247.4,358.3,232,837.7,237.2,149.4,386.6,348.6,79.4,111.7,250.6,226.5,668.2,311,200.7,511.7,4413.9,1138.4,143.8,92.9,1375.2,188.9,347.2,225.5,761.6,203,98,301,283.8,83,84.6,148.3,176.8,492.8,295.4,218.7,514.1,3728.4,419.2,30.3,44.4,493.9,75.4,98.6,72.5,246.6,53.7,31,84.7,117.1,26.9,29.5,65.8,56.7,179,59.1,59.9,119,1240.1,637.7,98,56,791.7,93.1,179.2,152.1,424.3,103.6,72.5,176.1,165.7,37.7,43.1,72.6,57.8,211.2,140.5,103.8,244.3,2013.4,127.8,NA,NA,149.2,29.1,26.9,33.1,89.1,15.2,9.6,24.9,NA,16.6,6.7,24.4,NA,NA,12.8,19.9,32.7,394,78.8,NA,NA,83.7,10.1,13.4,11.8,35.4,6.5,4.5,11,NA,2.3,3.5,4,NA,NA,10.2,8.1,18.2,178.2,106,9.5,9.4,124.9,21.4,36.6,17.2,75.2,20.1,9.3,29.4,32,11,6.9,12.2,9.3,39.5,23.4,15.5,38.8,339.9,5634.8,596.2,713,6944,911.6,1492.2,1028.4,3432.2,967.9,542.7,1510.6,1473.3,346.1,384.8,804.6,861.2,2396.7,1278.4,924,2202.4,17959.2
39295,1761.8,203.8,308.6,2274.1,254.8,443.4,276.3,974.4,320.4,168.2,488.6,488.9,89.6,100.7,231.8,306.7,728.8,433.6,298.8,732.4,5687.3,1385.4,98.1,179.9,1663.5,253.8,371.4,234.8,860,233.8,152.5,386.3,352.3,81.7,107.1,258.7,230.6,678.1,309.9,204.4,514.3,4454.5,1140.3,142.5,95.3,1378.1,187.8,346.6,225.3,759.8,196.1,96.6,292.7,287.2,79.5,86.4,148.8,174.6,489.3,291.3,222,513.3,3720.4,418.9,31.8,46.3,497,74.7,100.5,74.2,249.5,52.8,31.2,84,121.1,23.4,29.6,69.4,57.4,179.8,60.1,61.6,121.7,1253.2,643.2,96,56.5,795.6,96,180.3,150.3,426.6,108.8,72.3,181.1,169.8,36.4,42.7,76.3,55,210.3,144.3,97,241.3,2024.7,130,NA,NA,150.1,28.2,28,33.8,90,15.4,9.4,24.8,NA,17,6.6,23.6,NA,NA,13.2,20.6,33.8,396.8,80,NA,NA,84.9,10.1,14.1,11.8,35.9,6.5,4.4,10.9,NA,2.4,3.2,4.1,NA,NA,10.3,7.9,18.1,179.7,106.6,9.6,9.3,125.5,24.3,37.1,17.7,79.1,19.8,10.1,29.9,31.7,9.8,7,12.3,10,39.1,24.8,16.1,40.9,346.2,5666.2,594.3,708.4,6968.9,929.6,1521.5,1024.1,3475.2,953.8,544.6,1498.4,1490.7,339.7,383.4,825.1,865.3,2413.4,1287.5,928.4,2215.9,18062.7
39326,1792.1,218.1,302.3,2312.5,255.9,461.4,281.8,999.1,309.9,168,477.9,487.6,89.7,103,224,315.4,732,439.2,293,732.1,5741.3,1385.9,102.1,183,1671,248.8,377,245.2,871.1,235.3,159,394.2,354.5,82.3,108.4,251.8,242.1,684.5,309.1,205.1,514.2,4489.4,1161.9,151.9,95.1,1408.9,205.5,349.2,233.2,787.9,193.3,100.9,294.2,291.7,75.9,85.6,155.7,181.5,498.8,293,217.5,510.4,3791.9,425.2,32.4,46.7,504.3,73.4,99.4,74.3,247.2,53.6,31.1,84.7,121.1,23.1,30.1,71.3,58.8,183.2,61.6,63,124.6,1265.1,645.8,101.8,58.1,805.7,100.2,183.2,151.3,434.7,109.6,73.1,182.7,173.6,37.3,44.5,69,56.6,207.5,145.5,99.1,244.6,2048.7,128.9,NA,NA,148.7,28.6,27.6,33.8,90.1,15.4,9.3,24.7,NA,15.8,6.8,23.8,NA,NA,12.6,20.6,33.3,393.7,80.9,NA,NA,85.8,10.2,14.7,12.3,37.2,6.6,4.4,11,NA,2.4,3.4,4,NA,NA,10.6,7.4,18,181.8,107.7,9.5,10.1,127.4,23.9,37.1,17.7,78.6,19.3,9.4,28.6,31.6,11.2,7.1,12.3,9.5,40.1,24.3,16.6,40.9,347.2,5728.5,628.4,707.4,7064.3,946.4,1549.6,1049.7,3545.7,942.9,555.2,1498.1,1499.1,337.8,388.9,811.9,895.5,2434,1295.9,922.2,2218.1,18259.3
39356,1836.8,203.8,273.3,2314,268.2,443,270.3,981.5,334.7,174.5,509.2,496.9,97.5,102.1,236,312.8,748.5,385.4,297,682.3,5732.4,1372.7,103.9,179.3,1655.8,238.9,379.8,227.6,846.3,242.9,157.9,400.9,359.8,95.9,108,257.7,245.9,707.4,332.6,201.6,534.2,4504.4,1169.9,150.3,98.6,1418.8,222.2,334.4,234,790.6,175.1,103.2,278.3,292.1,92.3,92.3,159.9,188.6,533.1,305.4,195.8,501.2,3814.1,434.7,32.2,49.1,516,70.6,101.8,83,255.5,53.3,32.1,85.5,121.4,20.5,28.5,72.1,60.5,181.6,66.6,57.7,124.3,1284.3,642.8,98.7,58.4,799.9,87.3,176.2,152.6,416.2,115.8,68.6,184.5,171.9,47.8,38,81.6,53.1,220.5,138,106.3,244.3,2037.1,128.2,NA,NA,149.6,29.9,29.2,33,92,16.7,9.5,26.2,NA,11.7,7.5,20.6,NA,NA,16.5,21.2,37.7,391.5,81.1,NA,NA,85.9,10.3,14.4,12.1,36.7,7,4.7,11.7,NA,2.5,3.2,4.3,NA,NA,11.6,7.4,19.1,184.7,105.5,9.6,12.3,127.4,20.9,36.6,18,75.5,20,8.8,28.8,32.2,11.4,6.8,16.7,8.5,43.4,24.6,15.8,40.3,347.6,5771.8,611.1,684.5,7067.4,948.3,1515.3,1030.6,3494.2,965.6,559.5,1525,1509.6,379.6,386.4,848.9,901.7,2516.6,1280.7,902.7,2183.4,18296.2
39387,1819.1,205.6,267.1,2291.9,278.4,448.1,267.6,994.2,332.7,170.2,503,497.6,96.3,100.4,244.1,306,746.8,396.3,298,694.3,5727.7,1390.6,102.6,175.5,1668.7,249.1,378.2,229.2,856.4,247.5,168.8,416.3,358.8,95.5,100.8,258.9,251.9,707.1,340.4,195.7,536.1,4543.5,1178.6,146.1,91.3,1415.9,214.5,340.1,231.1,785.8,172.4,103.8,276.1,293.3,95.5,90.5,166.6,188,540.6,313.1,208.9,522,3833.7,439.9,31.7,48.5,520.2,72.2,101.6,82.6,256.5,53.3,32.8,86.1,125.2,20,29.2,71.6,61.3,182.1,68.9,56.1,125,1295.1,651.3,99,57.3,807.5,90.3,189.7,154.2,434.2,111.8,74.2,186,172.8,46,37.7,83,56.2,223,145.7,104,249.8,2073.3,129.1,NA,NA,150.8,28.9,28.6,33.9,91.5,17.1,9.4,26.5,NA,11.7,7.8,21.5,NA,NA,15.6,20.7,36.4,394.8,82.7,NA,NA,87.8,10,14.3,12.2,36.5,7,5,12,NA,2.6,3.3,4.2,NA,NA,11.8,7.6,19.4,187.7,106.4,9.7,11.7,127.8,20.3,36.7,18,75,19.3,8.4,27.7,31.6,11.6,6.6,15.4,8.3,41.9,25.1,16.3,41.4,345.4,5797.7,607.6,665.2,7070.5,963.8,1537.4,1028.8,3530,961,572.7,1533.7,1517.1,379.2,376.3,865.4,904.5,2525.4,1317.1,907.3,2224.4,18401.1
39417,1819.4,210.3,259.3,2289,282.5,472.6,268.3,1023.4,330.6,170.3,500.9,499.9,97.1,103.4,255.5,315.2,771.2,385.5,289.9,675.4,5759.7,1401.2,101.8,174.9,1677.8,247.2,397,224.6,868.8,255.3,164.2,419.5,361.7,97.6,106.6,260,248.5,712.7,337.9,199.1,537,4577.5,1192.4,151.2,89.3,1433,208.1,331.7,234.7,774.4,164.9,98.7,263.6,296.9,89.8,93.4,166.5,181.7,531.4,321.2,208.7,529.9,3829.1,446,32.2,49.6,527.8,71.8,107.1,79.9,258.8,52.8,34.9,87.7,124.5,20.8,28.8,69.3,63.2,182.2,71,57.1,128.1,1309.3,649.3,102.5,58.8,810.5,91.3,181.1,147.2,419.6,107,74.9,181.9,174,46.4,32.9,81.6,58.3,219.2,149.8,103.1,252.9,2058.2,132.2,NA,NA,154.3,29.5,31.9,32.4,93.7,16.6,9.8,26.3,NA,11.9,7.7,20.6,NA,NA,15.9,19.9,35.8,401.2,82.3,NA,NA,87.7,10.6,15.5,12.4,38.5,7,5.1,12.1,NA,2.7,3.4,4.1,NA,NA,13,7.9,21,193.5,104.9,10.3,11.5,126.7,19.5,35.8,17.8,73.1,19.5,8.3,27.8,32.5,11.7,6.5,16,7.8,42,25.3,17.1,42.4,344.5,5827.6,621.8,657.5,7106.9,960.4,1572.8,1017.2,3550.4,953.6,566.2,1519.8,1528.4,378.1,382.7,873.6,910.6,2545,1319.7,902.8,2222.5,18473
39448,1810.6,207.1,246.2,2263.9,277.9,464.3,264.4,1006.6,336,170.4,506.4,506.1,101.2,101.4,252.3,306.6,761.6,369.6,283.8,653.3,5697.9,1413.3,102.1,180.9,1696.3,264.3,402.8,223,890.1,245,163.8,408.8,365.4,95.6,114,255.5,249.9,715,334.1,207.4,541.5,4617,1208.3,150.4,90.1,1448.8,204.5,327.5,227.2,759.2,159.9,102.6,262.5,303,97.2,95.2,167,186.5,546,303.1,207.5,510.6,3830.1,447.7,33.3,49.5,530.5,69,104.9,89.2,263.1,53.1,35,88.1,123.5,21.2,29.7,76.3,63.2,190.4,81.8,55,136.9,1332.5,636.7,93.9,60.4,791,90,176.9,138.7,405.6,103.4,78.6,182.1,172.7,40.1,44,84.3,56.8,225.2,138.2,108.2,246.3,2022.9,126.6,NA,NA,149.4,31,30.2,36.7,97.9,16.6,8.8,25.4,NA,11.8,7.6,25,NA,NA,16.2,18.6,34.8,399.5,81.8,NA,NA,87,10.3,14.1,13,37.4,6.8,5.1,11.9,NA,2.2,4.7,3.9,NA,NA,10.5,8,18.5,187.7,109.2,10.1,11.7,131,18.9,34.9,18,71.8,18.3,8.5,26.8,31.8,11.6,7,15.7,9.4,43.8,26,15.8,41.8,346.9,5834.2,610.2,653.3,7097.8,965.7,1555.6,1010.2,3531.5,939.2,572.8,1512.1,1541.2,381.1,403.6,880.1,903.4,2568.2,1279.5,904.3,2183.8,18434.5
39479,1810.8,200.5,239,2250.3,283.2,456.6,270,1009.9,341.8,174.4,516.2,501.1,100.4,102.5,252.2,311.5,766.6,368.8,305.7,674.5,5718.7,1407.7,92.9,178.8,1679.4,247,388.8,225.5,861.3,246.5,166.8,413.2,367.3,88.4,108.9,250,254,701.2,334.1,209.3,543.3,4565.8,1214.9,149.9,87.6,1452.4,201.1,322.1,232.3,755.6,163.7,104.2,267.9,301.7,99.5,96,170.6,189.1,555.1,290.8,212.6,503.4,3836.1,447.3,32.8,46.8,526.8,71.1,102.4,90.6,264,52.7,35,87.7,125.4,21.1,29.5,76.8,61.9,189.3,86.1,56.6,142.6,1336,635.3,93.9,59.2,788.5,87.8,176.3,137.7,401.9,98.1,78.5,176.6,172.3,47.2,44.2,85.1,56,232.5,136,110,246,2017.6,126.3,NA,NA,148.7,31.5,28.5,36,96,16.5,8.7,25.2,NA,10.7,7.8,24,NA,NA,16.2,18.4,34.6,394.8,81.5,NA,NA,86.5,9.6,14.5,13.1,37.2,6.9,5.1,12,NA,2.8,4.9,4,NA,NA,10.5,8.3,18.8,188.5,108.6,10.3,11.9,130.7,19.4,34.9,18.2,72.5,19.3,8.7,28,32.1,11.3,6.6,15.9,8.6,42.3,29.3,15.9,45.1,350.8,5832.4,593.5,637.5,7063.4,950.7,1524.2,1023.4,3498.3,945.4,581.3,1526.8,1539.6,381.4,400.3,878.7,911.3,2571.7,1271.8,936.7,2208.4,18408.2
39508,1838.1,210.1,238.7,2286.9,280.9,458.6,265.4,1004.9,331,166.2,497.2,499.9,100.9,103.2,254.3,293.9,752.2,370.2,305.8,676.1,5717.3,1425.2,96.6,178.5,1700.3,244.5,403.2,223.9,871.6,246.1,164.8,410.9,359.2,85.4,107.4,254.7,256.8,704.3,334.6,208.1,542.7,4589,1219.2,162.7,89.3,1471.2,208.8,329.2,232.5,770.5,161.5,104.8,266.4,296.2,103.4,95.7,172.1,190,561.2,284.1,204.4,488.6,3854,462.6,33.2,49.6,545.3,70.3,106,81.1,257.3,52.6,33.8,86.3,123.8,20.9,29.7,80.6,62.6,193.8,68,55.9,123.9,1330.5,649.5,97.3,57.4,804.1,91,176.9,141,408.9,100.6,77,177.6,167.6,50.3,44,86.5,54.6,235.4,139.5,113.4,252.9,2046.5,127.9,NA,NA,149.8,31.1,30.4,36.9,98.3,17,8.1,25.2,NA,11.9,7.7,23.4,NA,NA,17.1,18,35.1,397.2,81.6,NA,NA,86.8,10.4,13.8,13.6,37.8,7,4.9,11.9,NA,2.7,5.1,4.3,NA,NA,10.2,8,18.2,188.7,111.3,10.2,12,133.5,18.8,35,18.6,72.3,19.8,8.2,28,32,11.3,6.9,15.9,8.4,42.6,25.1,16.3,41.4,349.8,5915.2,623.3,639.3,7177.9,955.8,1553.1,1012.9,3521.8,935.7,567.9,1503.5,1517.6,386.8,399.6,891.8,895.2,2573.3,1248.8,930.1,2178.9,18473
39539,1807.1,213.6,232.1,2252.7,260.5,500.9,257.3,1018.7,355.3,165.2,520.5,501.1,103.5,100.4,259.3,291.2,754.5,368.8,306,674.9,5722.5,1426.5,101.3,168,1695.8,224.4,400.9,234,859.3,255.9,162,417.9,362.1,86,99.8,252.7,258.4,696.8,338.9,202.8,541.8,4573.7,1232.7,153.9,85.4,1472.1,198.4,328.2,230.7,757.4,158.4,102.3,260.6,319.7,97.8,96.2,174.6,186.2,554.7,262.7,205.3,467.9,3832.4,461,34.7,48.3,544.1,71.3,104.1,92.4,267.8,50.1,33,83.1,122.9,18.3,29,85.8,59.5,192.6,77,56.7,133.6,1344.1,666.4,77.6,56.9,800.9,86.3,179.6,128.7,394.6,113.1,79.5,192.6,177.4,55.7,44.4,90.7,57.2,248,144.6,117.2,261.9,2075.4,129.7,NA,NA,152.1,29.1,33.2,36,98.3,16.6,8.4,25,NA,13.7,7.3,22.8,NA,NA,17,23.5,40.6,405.2,82.5,NA,NA,87.8,10.3,15.1,14.8,40.2,6.8,5.2,12.1,NA,3.5,5.2,4.4,NA,NA,9.7,8.3,18.1,194.3,113.4,10.3,11.7,135.3,18.3,35.2,17.6,71.1,21.4,8.5,30,31.4,11.5,7.5,15.6,8.5,43.1,24.2,16.3,40.5,351.3,5919.3,605,616.4,7140.8,898.6,1597.3,1011.5,3507.4,977.6,564.1,1541.7,1553.4,389.9,389.9,905.8,890.7,2576.4,1243,936.2,2179.2,18498.9
39569,1833.7,210.9,242.2,2286.8,265.1,464.5,253.7,983.3,337.8,169.2,507,490.8,104.1,102.2,263.3,301.8,771.4,358.8,306.9,665.7,5704.9,1418.1,100.9,174.3,1693.2,238.3,405.9,236.3,880.5,262.4,160.3,422.7,365.5,84.4,101.3,251.8,246.5,684,334.7,210.8,545.5,4591.4,1237.3,159.2,81.6,1478.1,202.8,336.8,225.2,764.8,148.3,102.8,251.1,299.1,105.7,98.8,181.2,188.8,574.5,268,204.3,472.2,3839.8,462.7,35,50.1,547.8,71.8,99.9,96.4,268.1,48.5,33.9,82.4,120.6,19.2,29.3,89.7,61.8,200,80.1,58,138.1,1357,672.1,78.2,58.3,808.6,83.5,180.2,131.1,394.7,108.3,75.2,183.5,171.7,56.5,44.4,95.5,54.3,250.7,144.8,119,263.8,2073,132.4,NA,NA,154.6,31.1,31.9,36.7,99.7,16,8.3,24.3,NA,14.1,7.2,23,NA,NA,17.5,22.4,39.9,409.2,84.9,NA,NA,90.2,11.2,14.9,13.3,39.5,6.6,5,11.6,NA,3.7,5.2,4.3,NA,NA,9.4,8.6,18,195.3,113.3,10.4,11.7,135.5,18.7,35.6,18.5,72.8,20.4,8.4,28.8,31.5,11.4,7.2,15.5,8,42.1,24.4,15.9,40.3,351,5954.4,608,632.3,7194.7,922.5,1569.7,1011.2,3503.4,948.3,563.1,1511.4,1519,399.1,395.6,924.4,890.5,2609.6,1237.6,945.8,2183.4,18521.5
39600,1845.5,215.3,235.9,2296.6,258.1,475,254.5,987.6,333.7,165.1,498.8,466.1,99.7,102.1,261.9,287.9,751.6,361.8,305.8,667.6,5668.4,1420,105.5,171.7,1697.1,239.4,396.9,236.1,872.4,244.4,149.8,394.1,326.3,84.5,100.4,247.7,242.5,675.1,336.1,210.3,546.5,4511.5,1237,158.7,82.1,1477.8,193.5,334.7,225.2,753.4,146.7,101.7,248.3,280.6,105.5,98.1,190.6,187.5,581.8,265.8,205,470.8,3812.7,468.4,34.6,49.9,552.9,74.5,100,108.9,283.4,47.6,32.2,79.7,120.5,18.1,29.8,90.6,59,197.5,81.8,57.6,139.4,1373.5,677.2,79.7,58.8,815.6,82.9,180.1,133.1,396.1,105.8,74.2,179.9,167.7,57.8,44.7,94.4,53.2,250.1,145.6,121.9,267.6,2077,133.1,NA,NA,156.5,31.2,31.3,35.3,97.8,16,8.5,24.5,NA,14.7,7.2,22.4,NA,NA,17.5,22,39.5,408.5,85.2,NA,NA,90.5,10.8,15.3,13.1,39.2,6.8,5.4,12.2,NA,3.7,4.9,4.2,NA,NA,9.8,9.1,18.8,196.4,110.2,10.3,11.7,132.2,18.6,35,18.4,72.1,19.6,8.4,28,31,11,7.3,15.4,7.9,41.7,24,16.1,40.1,345.1,5976.5,617.6,625.1,7219.2,909,1568.3,1024.7,3502,920.5,545.2,1465.7,1431.2,395.1,394.6,927.2,867.6,2584.5,1242.5,947.8,2190.3,18393
39630,1829.8,199.4,247.8,2277,258.7,467.6,259.2,985.5,343,166.1,509.1,498.6,102.1,94,261.4,283.7,741.3,350.5,297.9,648.3,5659.8,1452.4,104,182.8,1739.2,223.4,393.7,240,857.1,270.5,152.4,422.9,359.4,85.9,96.4,261.9,238.5,682.7,345.8,209.2,555,4616.3,1288.5,165.8,83,1537.3,193.1,340.1,228.4,761.7,155.7,104.5,260.2,309.9,113.9,94,195.6,186.3,589.8,261.8,206.1,467.8,3926.8,477.1,34.1,53.2,564.5,73.5,102.1,105.8,281.3,47,33.6,80.5,126.3,18.6,28.4,90.3,60.2,197.5,82.5,59.1,141.6,1391.8,704,82.8,61.2,848.1,80.4,180.7,138.1,399.3,107.3,75.2,182.5,176.6,56.3,42,95.7,55.4,249.4,146.3,122.7,268.9,2124.8,136.4,NA,NA,160.9,28.9,31.7,35.3,95.9,16.2,8.4,24.6,NA,15,7.3,22,NA,NA,17.7,21.7,39.4,414.9,86.4,NA,NA,91.8,13.1,15.3,12.8,41.2,6.7,5.2,11.9,NA,3.6,4.8,3.5,NA,NA,10.3,9.1,19.4,199.5,111,11.4,11.5,134,17.7,35.1,19,71.8,21,8.5,29.5,32.2,10.8,7.4,15.3,8,41.4,23.9,14.9,38.8,347.6,6085.6,611.8,655.4,7352.8,888.8,1566.4,1038.6,3493.8,967.5,553.8,1521.3,1545.6,406.3,374.3,945.6,862.5,2588.7,1238.7,940.6,2179.3,18681.6
39661,1836.8,191.1,251,2278.8,257.4,469.5,256.5,983.4,346.3,163.9,510.2,469,100.7,94.8,258.9,291.5,745.9,348.9,299.6,648.4,5635.6,1462.6,107.3,189.9,1759.8,220.6,387.6,236.6,844.8,273.3,149.7,423,349.6,87.8,98.3,266.1,237,689.3,345.2,207.4,552.6,4619.1,1294.8,159.2,83.9,1537.9,191.2,339.6,220,750.8,158.1,104.5,262.7,291.8,111.8,94.8,194.6,188.1,589.2,259.6,208.1,467.7,3900,480.7,34,54.6,569.3,75.4,102,102.2,279.6,46.5,33.6,80.1,120.2,18,28.8,91.4,60.6,198.9,79.8,59.4,139.2,1387.2,696.1,84.3,64.2,844.6,79.7,177.5,136.5,393.7,103.6,74.5,178.1,169.8,54.8,40.5,98,53.2,246.6,143.5,123.5,267,2099.7,138,NA,NA,163.1,29.4,31.4,34.9,95.7,16.1,8.4,24.5,NA,15.7,7.2,20.9,NA,NA,17.8,21.1,38.9,414.6,88.1,NA,NA,93.5,10.1,15.4,13.1,38.7,6.8,5.3,12.1,NA,3.6,5,6.1,NA,NA,10.4,9.7,20.1,202.5,110.9,9,11.2,131.1,18.6,34.4,18.6,71.7,21.8,9.1,30.9,30.1,10.8,7.4,15.4,8.2,41.9,24.2,14.4,38.6,344.2,6108.1,598.8,671,7377.9,882.4,1557.3,1018.6,3458.3,972.5,549,1521.5,1471.7,403.2,376.9,951.4,869.5,2601,1229.4,943.1,2172.6,18603
39692,1785.9,191,252,2228.9,257.6,468.3,257,982.9,334.2,164.6,498.8,492.5,103,92.3,257.9,283.8,737,345.4,288,633.4,5573.6,1464.7,107.5,187.5,1759.6,217.8,378.8,228.7,825.3,276.9,145.2,422.2,356.6,88.8,95.5,266.1,226.8,677.2,338.5,213,551.4,4592.4,1292.7,162.9,83,1538.6,191.3,326.7,216,734,160.7,105.6,266.3,305.7,111.7,92.7,193.4,190.3,588.1,255.1,213.6,468.7,3901.3,479.6,34.7,54.6,568.8,74.5,101.8,98.5,274.7,46.2,33.8,80,129.1,18.1,27.7,91.2,61.7,198.7,78.2,59.9,138.1,1389.5,689.4,89.8,65.2,844.4,77.6,176.1,132.5,386.3,101.3,74.2,175.5,179.2,52.4,37.7,96.8,55.5,242.4,144.1,125.8,269.9,2097.8,138.8,NA,NA,163.6,28.8,31.2,33.7,93.8,16.3,8.5,24.8,NA,16,7.3,19.7,NA,NA,17.8,22,39.8,414.4,88.4,NA,NA,93.8,11.1,14.9,13.2,39.2,6.9,5.4,12.4,NA,3.5,5,6.8,NA,NA,10.8,10.2,20.9,205.6,111,10.3,11.2,132.4,17.6,34.5,18.6,70.8,22.3,9.9,32.2,30.4,11,7.6,14.9,8.3,41.8,24.5,14.2,38.7,346.3,6050.3,610.3,669.5,7330.1,876.3,1532.3,998.3,3406.9,964.9,547.3,1512.1,1536.4,404.5,365.8,946.9,857,2574.1,1214.4,946.7,2161,18520.7
39722,1830,213.7,244.4,2288.1,262.5,477,260.1,999.6,337.6,166.3,503.9,481.9,99.6,97.6,250.7,303.8,751.6,334,301.7,635.6,5660.7,1482,120.1,186.6,1788.7,212.4,396.8,225,834.2,271.5,150.3,421.8,350.6,88.4,105.3,265.7,238.4,697.8,360,217.1,577,4670.2,1283.2,187.5,79.5,1550.3,195.3,334,208.3,737.6,152.9,106.7,259.6,299.7,112.6,107.2,191.6,191.4,602.7,257.4,219.5,476.9,3926.8,477.2,37.1,56.2,570.6,76.2,103,95.5,274.8,46.5,34.7,81.2,124.2,17.8,29,91.9,62.6,201.1,78,62.7,140.7,1392.6,681.9,97.8,68.6,848.4,77.3,174.1,128.1,379.5,95.1,73.6,168.7,174.6,49.9,39.3,94.6,56.7,240.5,140.3,126.5,266.8,2078.5,141.6,NA,NA,166.5,29.2,32,33.3,94.5,16,8.9,24.9,NA,15.5,7.2,18.4,NA,NA,17.9,22.5,40.3,417.3,89.7,NA,NA,95,10.6,15.7,13.7,40.1,6.9,5.4,12.3,NA,3.6,5.2,4.9,NA,NA,10.3,10.7,21,206.4,114,11.7,11.4,137.2,17.4,34.8,19.1,71.3,22.9,8.5,31.4,30,10.6,7.7,13.9,8.5,40.6,26.7,14.5,41.2,351.7,6099.8,682.1,662.9,7444.7,881,1567.5,983.1,3431.6,949.5,554.3,1503.7,1503.4,397.9,398.5,931.7,893.1,2621.1,1224.5,975.1,2199.6,18704.2
39753,1839.1,211.9,248.1,2299.1,262.8,470.1,269.6,1002.5,340.6,169,509.6,480.4,100.4,98.3,252.8,306.7,758.2,332.5,299.3,631.8,5681.6,1514.8,127.6,190.6,1833,210.2,382.4,223.7,816.3,281.5,148.5,429.9,351.8,88.4,99.5,268,234.2,690.2,363.8,219.8,583.6,4704.9,1302.1,172.5,78.3,1552.8,194,326.3,204,724.3,156,110.4,266.3,297.1,113.8,103.2,196.3,195.3,608.5,257.7,229.7,487.4,3936.5,483.8,37.4,57.1,578.2,75.1,100.4,91.3,266.8,45.6,35.7,81.3,121.2,16.9,28.1,91.6,63.2,199.8,74.7,63.6,138.2,1385.5,683.5,102.6,70.5,856.5,74.2,169.9,128.4,372.5,92.7,75.8,168.5,169.9,46.4,37.5,99.4,57.4,240.7,136.2,127.6,263.8,2071.9,143.5,NA,NA,168.8,29,31.5,33.5,94,16.2,9.2,25.4,NA,15.9,7,18.1,NA,NA,18.2,22.8,41.1,419.9,90.7,NA,NA,96,11.1,15.4,13.8,40.3,7.1,5.4,12.5,NA,3.4,5.3,5.3,NA,NA,10.9,11,21.9,209.7,114.6,10.8,11.3,136.8,17,34.9,20.1,72,23.2,9,32.2,29.7,10.4,8,13.2,8.6,40.2,26.6,13.9,40.5,351.3,6172,677,672.3,7521.3,873.3,1531.1,984.3,3388.7,962.8,562.9,1525.7,1493.3,395.6,386.8,944.6,897.1,2624.1,1220.6,987.7,2208.2,18761.2
39783,1896.9,210.6,260.5,2368,267.1,524.7,286.3,1078.1,352.6,173.8,526.4,521.2,98.7,105.4,250.5,310.6,765.2,334.8,318.9,653.7,5912.5,1545.6,134.7,189.8,1870.2,202.6,434,238.5,875.1,288.3,156.4,444.7,376.5,92,104.7,279.8,245.5,721.9,387.3,213.7,601,4889.3,1342.1,173.9,75.9,1592,192.7,373.8,233,799.6,171.9,110.4,282.4,325.1,113.2,109.8,190.9,205.9,619.8,253.8,234.1,487.8,4106.7,493.3,38.9,55.4,587.6,74.7,115.8,97.6,288.1,51.8,39.4,91.3,131.4,17.6,28.9,94.4,63.9,204.7,74.3,64.2,138.5,1441.6,691.3,104.2,70.5,866,89.4,189.3,138.3,417,96.2,80.7,176.9,184.7,43.7,36.3,110.9,60.6,251.4,133.2,122.6,255.8,2151.8,148.7,NA,NA,173.1,28,36,34.5,98.6,16.5,9.5,25.9,NA,18.4,7.7,22.5,NA,NA,18.7,22.6,41.3,442.5,92.7,NA,NA,97.9,10.9,17.2,13.5,41.7,7.9,4.5,12.4,NA,3.7,6,5.5,NA,NA,11.2,16.2,27.4,220.9,116.7,10.5,11.2,138.5,18.3,38.3,21.9,78.5,24.1,9.1,33.2,31.7,10.5,8,16.1,8.6,43.2,26.4,13.7,40.1,365.2,6327.4,687.3,678.4,7693.1,883.7,1729.2,1063.7,3676.6,1009.2,583.9,1593.1,1618.7,397.7,406.8,970.4,928.5,2703.4,1239.8,1005.8,2245.6,19530.5
39814,1917.9,232.8,243.4,2394,290.3,482.4,291.5,1064.1,367,177.4,544.5,510.8,99.5,97.1,257.4,310.5,764.6,361.5,319.6,681.2,5959.2,1581.5,128.3,177.6,1887.3,210.9,373,245,828.9,290,142.6,432.6,369.5,91.9,99.7,275.2,243.5,710.3,417.5,224.2,641.7,4870.3,1363.6,176.3,79.3,1619.2,197.8,337.4,226.1,761.2,174.6,105.5,280.2,314.6,99.2,102,219.4,185.8,606.3,260.4,231.6,492.1,4073.5,489.4,38.9,55.1,583.4,74.7,113.2,94.3,282.2,56.7,34.9,91.5,129.9,15.9,32.5,88.1,58.5,194.9,76.6,63.7,140.3,1422.3,698.7,108.6,69.9,877.2,88.8,173.7,135.6,398,95.4,72.8,168.2,183.8,44.8,36.2,110.8,58.1,250,142.1,110.9,252.9,2130.2,145.2,NA,NA,172,29.3,32.7,34.9,96.9,16,9.5,25.5,NA,16.5,7,21.6,NA,NA,16.3,21.9,38.2,428.7,92.2,NA,NA,97.4,10.2,15.6,14.9,40.7,7.1,5.2,12.3,NA,3.6,5.6,5.6,NA,NA,12.1,14.7,26.8,217.4,116.8,10.7,11.5,139,18.7,35.4,22.1,76.2,23.6,9.2,32.8,33,10.2,8,12.5,8.8,39.4,29.8,13.8,43.6,363.9,6405.3,710.3,654,7769.6,920.6,1563.4,1064.2,3548.3,1030.5,557.1,1587.6,1585.9,381.5,388,990.6,897.3,2657.5,1316.3,1000.5,2316.8,19465.6
39845,1890.9,219.8,237.9,2348.6,289,484.9,282.1,1056.1,362.9,181.8,544.7,481.9,100.4,102.8,263.4,318,784.5,363.9,319.8,683.6,5899.4,1598.4,137.3,185,1920.7,200.7,364.9,231.2,796.8,283.5,139.4,422.9,340.3,87.6,100.1,284.7,240.3,712.7,397.5,236.8,634.3,4827.6,1366.1,178.1,78.7,1622.9,185.7,332.6,209.3,727.6,174.1,103.6,277.7,294.8,101.4,98.4,223,187.1,609.8,235.4,228,463.4,3996.3,479.2,38.9,54.9,573,70.9,120,89.6,280.5,52.6,34.4,87,116.9,17.3,32,89.9,59.7,198.9,75,64.4,139.4,1395.6,695.1,109.5,69.5,874.1,88.4,170.1,124.7,383.2,93.5,69.4,162.9,165.6,40.3,36.8,107.6,54.4,239,143.2,118.6,261.8,2086.7,146,NA,NA,173,26.3,33,34.3,93.6,15.7,9.3,25,NA,16,7.1,22.6,NA,NA,17.8,22.9,40.7,427.9,92.5,NA,NA,97.8,9.8,15.4,14.5,39.7,6.6,5.2,11.8,NA,3.5,5.4,6.2,NA,NA,11.9,15.3,27.2,216.2,117.5,10.3,11.7,139.5,19.6,37.4,20.8,77.9,23,8.7,31.7,30.3,10.6,8.6,10,8.2,37.4,31.4,14,45.4,362.2,6385.7,708.4,655.3,7749.4,890.4,1558.4,1006.5,3455.3,1012,551.8,1563.8,1473.5,376.8,390.9,1007.4,898.9,2674,1276.1,1019.8,2295.9,19211.9
39873,1927.9,222.6,246.1,2396.6,289.1,485.2,284.9,1059.1,379,192.2,571.2,515.9,98.2,107.6,266.7,320.5,793,364.2,326.1,690.3,6026.2,1621.3,130.4,191.8,1943.5,221.2,370.9,234.9,827,303.6,147.8,451.4,388.6,87.4,98.5,281.4,250.1,717.4,390.2,236.7,626.9,4954.9,1400.8,179.3,77.6,1657.8,185.7,338.6,219.9,744.2,182.9,113,295.9,325,97.7,110.5,227,193.2,628.4,246,238.6,484.6,4136,481.5,38.9,56,576.4,75.4,114.9,92.7,283.1,55.9,36.3,92.3,131.7,17.9,32.7,91.6,61.3,203.5,78.4,62.3,140.7,1427.6,704.1,108.7,69.7,882.5,90.6,173.3,128.6,392.5,100.1,77.5,177.6,186.2,38.8,36.4,112.2,55.6,243.1,140.7,121.2,261.9,2143.7,149,NA,NA,176.1,27.5,34,34.4,95.9,17.9,10,27.8,NA,15.8,7.5,22.8,NA,NA,17.6,22.9,40.5,442.1,94.8,NA,NA,100.1,10.4,15.9,15.6,41.8,8.2,5.4,13.6,NA,3.3,7.1,5.7,NA,NA,11.5,15,26.5,224.7,119,10.3,11.2,140.4,19.8,37.3,21.5,78.6,22.1,9.6,31.6,31.2,10.6,8.7,10.2,8.4,38,30.2,13.9,44.1,364,6498.4,705.1,669.8,7873.4,919.8,1570.1,1032.4,3522.3,1069.6,591.7,1661.3,1628.7,369.7,409,1017.6,921.3,2717.7,1278.8,1036.8,2315.6,19719.1
39904,1906.6,220.9,246.4,2373.9,303.2,490.2,292,1085.3,387.9,195,582.9,520.8,94.7,110.6,258.5,321.4,785.2,397.1,326.5,723.5,6071.6,1613.6,128.1,197.6,1939.4,229.8,369.2,229.6,828.6,306.9,151.4,458.3,386.2,82.1,95.6,292,253.7,723.5,377.4,245.1,622.5,4958.5,1386.7,178.8,80.2,1645.7,186.1,334.1,224.7,744.8,185.9,113.6,299.5,323.9,94.6,110.5,235.6,190.7,631.5,252.4,244.7,497.1,4142.4,479.3,36.5,53.5,569.2,77.3,113.6,94,284.8,58.4,36.5,94.9,131.6,19.4,34.8,93.3,59.2,206.7,86.2,60.6,146.8,1434,685.1,108.9,63.4,857.4,103.8,172.2,128.6,404.6,97.5,75.3,172.9,170.7,39.1,36.6,102,54.6,232.2,147.6,121.8,269.4,2107.2,147.9,NA,NA,175.5,28.9,31.8,34.9,95.6,17.5,9.5,27.1,NA,15.7,8.4,24.9,NA,NA,19.1,22.7,41.8,443.7,93.9,NA,NA,99.2,9,14.5,15.5,39.1,7.1,5.1,12.2,NA,3.1,5.6,6.5,NA,NA,12.2,14.7,26.9,217.6,116.4,10.3,11.3,138,20.6,37.6,22.9,81.1,24,10,34.1,33.7,10.4,9.5,11.2,8.3,39.3,29.6,13.4,43,369.2,6429.5,698.3,670.3,7798.1,958.7,1563.3,1042,3564,1085.4,596.5,1681.8,1615.2,359.1,411.7,1024,919.3,2714.1,1321.7,1049.3,2371,19744.3
39934,1929.3,227.4,242.9,2399.6,295.3,484.2,297.6,1077,395.2,190.7,585.8,527.1,94.9,111.9,259.4,324.1,790.3,408.8,334.4,743.2,6123.1,1627.1,134,195.6,1956.7,222.4,363.1,231.8,817.3,303.1,144.1,447.2,377,78.3,97.3,291.7,268,735.3,389.5,243.6,633.1,4966.6,1405.8,182.3,80.7,1668.8,183.2,336.8,227.1,747.1,189.5,117.9,307.4,327.9,93.2,111.2,233.9,190,628.3,259.9,248.3,508.2,4187.6,482.8,37.7,54.3,574.8,73.2,117.2,95.4,285.9,58.7,36,94.7,134.4,19.5,35,97.8,61,213.3,88.2,59.4,147.6,1450.7,702.1,112.6,65.6,880.3,103.7,178.5,132.3,414.5,96.2,82.5,178.7,185,40.4,37.6,108.2,56,242.1,150.2,122.6,272.8,2173.3,149,NA,NA,177.4,28.3,32.6,34.8,95.8,17.3,10.9,28.1,NA,15.2,8.5,24,NA,NA,19.3,24,43.2,445.8,93,NA,NA,98.3,8.5,15.5,16.9,40.9,7.4,4.9,12.3,NA,3,6.2,7,NA,NA,12.8,14.1,26.9,219.3,118.8,10.6,10.6,140.1,19.4,39.4,23.5,82.3,25.9,10,35.9,33.6,10.6,9.4,10.3,8.6,38.9,30.1,13.2,43.3,374,6507.9,719.6,668.4,7895.9,933.9,1567.4,1059.5,3560.8,1093.2,596.8,1690,1633.2,355.2,417.1,1032.1,937.6,2742.1,1358.7,1059.7,2418.4,19940.4
39965,1933.5,227.7,250.2,2411.3,313.5,505.3,299,1117.9,383.4,187.1,570.6,493.9,95.5,108.6,263,322,789.1,405.3,326.9,732.2,6115,1639,132.5,190.3,1961.8,223.8,385.5,232.6,841.9,293,145.9,438.9,347,80.2,95.7,288.3,271.8,736,381.7,245.3,627,4952.6,1402.6,192.3,79.9,1674.8,179.5,342.7,226.7,748.9,176.5,100.8,277.3,304.7,95.6,108.7,227,190.3,621.6,249.7,245.4,495.1,4122.4,481.4,37.5,54.4,573.3,77.6,125.2,90.4,293.2,56,35.6,91.6,125.7,21.1,31.2,97.9,59.8,210,87,60.3,147.3,1441.1,699.9,107.1,66.6,873.7,108.5,187.4,125.7,421.5,99.3,85.1,184.4,179.9,40.7,36.9,106.9,61,245.4,147.5,120.7,268.2,2173.1,151.9,NA,NA,179.8,28.4,35.4,34.3,98.1,15.1,8.6,23.7,NA,15.7,8.2,25.1,NA,NA,18.4,22,40.4,442.2,91.4,NA,NA,96.8,8.4,15.6,17.3,41.3,7,4.6,11.5,NA,3.1,6.2,6.9,NA,NA,12.1,14,26,215.7,119.4,10.4,10.5,140.2,20.8,39.8,21.8,82.5,23.4,9.5,32.9,32.5,10.9,9.4,9.8,8.6,38.6,31.1,13.7,44.8,371.5,6519.2,722.3,670.2,7911.7,960.5,1636.8,1047.9,3645.2,1053.9,577.1,1631,1530,362.7,404.9,1024.8,942.2,2734.7,1332.7,1048.3,2381,19833.5
39995,1907.1,220.4,246.6,2374.1,271.8,494,297.6,1063.4,379.7,178.1,557.8,495.5,90.2,110.3,280.9,323.6,805,409.2,335.9,745,6040.8,1604.4,135.8,183,1923.2,233,368.1,227.2,828.3,303.6,148.4,452,363.6,79.9,88.6,286.7,260.8,716,363.6,251.5,615.1,4898.3,1401.6,181.2,70.4,1653.1,177.2,331.8,216.7,725.6,179.9,87.9,267.8,306.5,85.6,104.3,215.9,201.3,607.1,253.3,248.9,502.3,4062.5,474.9,37.3,49.5,561.7,75.7,121.4,85.5,282.6,55.6,34.6,90.2,125.9,24.1,27.3,101.1,58.7,211.1,83.1,59.6,142.7,1414.3,692,106.4,70.8,869.2,112.8,184.8,118,415.7,92,74.5,166.5,174.5,41.9,35.4,108.6,72.1,258,142.6,124.8,267.4,2151.3,151.7,NA,NA,180.2,27.8,33.7,32.2,93.7,14.9,7.9,22.8,NA,14.8,7.8,25.4,NA,NA,18.7,23.9,42.6,438.1,90.6,NA,NA,95.9,8.6,15.1,16.9,40.6,6.9,4.5,11.4,NA,2.8,7.5,7.9,NA,NA,12.7,14.7,27.4,217.2,118.8,10.2,11.3,140.4,19,37.5,22.8,79.4,21.6,9.6,31.3,31.9,11.6,9,10.7,8.3,39.6,33.2,14.9,48.1,370.6,6441.1,706.2,650.6,7797.9,925.8,1586.5,1016.9,3529.2,1054.3,545.6,1599.9,1544,350.9,390.1,1037.2,953.3,2731.5,1316.5,1074.2,2390.7,19593.1
40026,1916.5,223.9,246,2386.4,281.8,486.2,303.2,1071.3,382.4,184.9,567.3,500.6,92.7,109.6,266.5,305.2,774.1,418.8,349.8,768.7,6068.4,1609.3,133.9,188.6,1931.7,230.2,372.9,224.6,827.7,303.1,149.1,452.2,364.2,75.6,85.9,272.8,271.4,705.8,366.5,270.6,637,4918.6,1410.2,186.8,72.1,1669.1,176.8,331.2,222.1,730.2,183.9,94.5,278.4,314.8,85.3,104.1,212.8,198.3,600.4,253.3,244.8,498.1,4090.9,478.7,37.6,50.2,566.5,73,117.3,84.5,274.9,56.3,34,90.2,126.1,24.2,27.4,101.1,58.6,211.2,84.8,59.9,144.7,1413.8,699,106.4,74.2,879.7,114.6,179.5,114.3,408.3,90.2,70.7,160.9,177.4,42.1,35.3,106.4,68.2,252,136.2,123.7,259.9,2138.2,153.1,NA,NA,182.6,28.9,34.8,31.2,94.9,14.3,7.8,22.1,NA,13.8,7.6,24.9,NA,NA,18.5,24.6,43,440,92.8,NA,NA,98.2,8.1,14.4,16.3,38.8,7.1,4.8,11.9,NA,2.8,7.1,7.2,NA,NA,11.9,15.2,27.1,217.2,120.1,10.1,11.2,141.5,19.1,37.8,23.6,80.4,21.3,9.8,31.1,31.6,10.5,9.1,11,7.7,38.3,33.7,15.5,49.2,372.1,6479.8,714.1,661.8,7855.7,932.6,1574.2,1019.8,3526.5,1058.6,555.5,1614.2,1560.9,347,386.3,1002.8,938.2,2674.3,1323.7,1104.1,2427.7,19659.3
40057,1939.9,219.7,246.9,2406.5,279.9,467.9,296,1043.8,371.3,180.3,551.6,493.7,90.6,108.7,271.1,305.1,775.5,428.4,357.5,785.9,6057,1621,136.4,189.5,1946.9,224.3,369.2,231.6,825.1,304,156.9,460.8,360.8,74.7,86.7,280.8,282.3,724.4,359.7,271.2,631,4949.1,1415.7,187.5,71.1,1674.3,179,317.7,222,718.7,181.2,95.5,276.7,301.2,85,101.3,219.5,193.8,599.5,257.2,249.1,506.3,4076.7,482,37.4,49.1,568.5,70.6,114.3,84.4,269.3,56,35.3,91.3,125.5,27.1,27.7,100.1,54.9,209.7,83.3,61.9,145.2,1409.6,697.8,103.4,74,875.2,116.1,176.8,114.3,407.2,84.7,69.9,154.6,170.6,39.5,38,107.8,66.8,252.1,138.3,130.2,268.6,2128.1,155,NA,NA,184,27.3,33,33.3,93.6,13.9,7.6,21.5,NA,15.1,7.1,25.3,NA,NA,19.8,23.3,43.1,441,94.5,NA,NA,100.2,8.1,14.2,16.8,39.2,6.9,5.4,12.3,NA,2.9,7.2,6.8,NA,NA,11.5,13.1,24.6,216.7,120.1,10.4,11.6,142.1,18.7,36.6,23.9,79.2,19.9,9.5,29.3,32.2,10.5,8.8,11,8,38.3,33.6,15.9,49.4,370.6,6526,710.4,661.3,7897.6,924.1,1529.8,1022.2,3476,1037.9,560.3,1598.2,1529.5,345.5,385.4,1022.3,940.3,2693.5,1331.8,1122.2,2454,19648.8
40087,1947,218.5,260.9,2426.4,272.8,479.2,299.6,1051.6,371.8,204.6,576.4,511.9,88.6,104.4,281,298.8,772.8,462,365.6,827.6,6166.8,1591.5,139.2,188.6,1919.2,232.6,361.8,233.3,827.7,270.7,158.1,428.8,370,71.9,88.8,276,281.7,718.4,334.3,290,624.3,4888.5,1397.9,184.4,74,1656.3,180.7,345.3,219.7,745.8,181.9,94.8,276.7,316.1,92.5,98.9,219.3,193.7,604.4,253.2,239.1,492.4,4091.7,482.7,38,45.9,566.6,73,116,84.2,273.2,55.3,35.1,90.4,128.8,22.7,27.6,106.7,55.4,212.5,82,59.9,141.9,1413.4,701.2,101.2,70.7,873,117.4,168.6,113,399,86.1,73,159.1,176.6,38,38.8,115.3,69.7,261.8,165.5,121.6,287.2,2156.8,151.7,NA,NA,181.6,25.8,33,35.7,94.6,15,7.1,22.1,NA,15.2,7,28.7,NA,NA,19.1,22.6,41.8,446.9,91.9,NA,NA,96.6,9.1,15.6,19.9,44.6,6.7,4.9,11.6,NA,2.2,7.9,6.2,NA,NA,13,16.6,29.6,221.9,119.4,10.2,9.4,138.9,19.8,36.5,21.9,78.2,19.1,10.5,29.6,33.1,10.8,9.4,12.7,8,40.8,32.2,15.8,48.1,368.7,6483.2,707,668.5,7858.7,931.5,1555.9,1027.3,3514.7,1006.7,588,1594.7,1583.7,342,382.9,1045.9,939.2,2709.9,1361.5,1131.3,2492.8,19754.6
40118,1993.8,224.5,269.7,2488.1,273.5,494.1,294.1,1061.8,409.6,205.9,615.4,512.3,91.2,101.5,279.2,303.4,775.3,474.1,374.8,848.9,6301.7,1641.9,137,188,1967,234.2,375.8,236.7,846.7,293.6,162.2,455.8,371.3,71.1,92.3,282,298.2,743.6,350.2,297.7,647.9,5032.3,1404.6,193.2,76.9,1674.7,174.8,358.8,225,758.6,182.5,92.5,275,313.2,88.5,98.8,214,197.8,599.2,257,233.3,490.3,4111,500.7,39.8,48.8,589.3,71.4,132.9,85.9,290.2,53.6,36.3,89.9,134.9,23.6,27,104,59.3,214,81.4,60.7,142.1,1460.3,706.9,102.6,79.9,889.4,121.1,180.3,113.7,415.1,89.9,67.1,157,175.6,37.2,39.6,109.9,71.8,258.4,168.3,120.2,288.4,2183.9,152.8,NA,NA,183.4,19.1,34.9,35.8,89.8,15.8,6.7,22.5,NA,15.3,6.6,30,NA,NA,19.6,21.8,41.4,444.9,91.9,NA,NA,96.8,9.1,17,19,45,6.8,4.4,11.2,NA,2.6,8.2,7.2,NA,NA,12.9,14.3,27.2,223,122.8,10.5,10.2,143.5,17.8,37.1,23,78,22.3,10.7,32.9,33.4,10.5,9.6,13.2,8.2,41.6,32.6,15.4,48,377.4,6615.6,723.6,692.9,8032.2,921.1,1631,1033.2,3585.3,1074,585.8,1659.8,1588.9,339.9,383.7,1039.5,971.1,2734.2,1395.9,1138.3,2534.2,20134.5
40148,1990,220.3,275.7,2486,273.6,480.3,296.3,1050.2,373.7,209.2,582.9,495.4,95.3,110.7,284.3,298.7,789,489,380.2,869.3,6272.8,1600.8,131.4,210,1942.3,237.5,367.3,233.8,838.6,283.3,157.6,440.9,362.3,68.5,92.9,287.3,280.5,729.1,347.7,303.3,650.9,4964.2,1390.7,182,90,1662.7,178.6,350.1,216.3,745,176.4,91.3,267.7,310.8,91.8,103.3,216.9,212.3,624.2,264.5,237,501.5,4111.8,490.5,37.8,56.1,584.4,79.1,116.6,83.4,279,45.5,32.9,78.4,117.6,24.1,26.2,101.2,60.2,211.7,84.2,60.4,144.6,1415.7,706.8,103.2,73.3,883.2,119.4,178.9,111.4,409.7,89.9,67.8,157.7,173.2,37.1,38.6,111.8,72.8,260.4,170.4,131.2,301.6,2185.8,152.8,NA,NA,182.6,20.1,33.5,34.5,88,15.1,6.4,21.5,NA,13.8,6.7,30.5,NA,NA,23,21.8,44.8,441.8,91.8,NA,NA,96.7,8.8,17,19.4,45.2,7,4.7,11.7,NA,2.8,7.3,6.7,NA,NA,13.4,15.7,29.1,223.3,123,9.5,10.7,143.2,18.5,37.2,21.6,77.3,19.4,10.5,29.9,32,11.1,10.4,14.2,8.9,44.5,33.1,15.6,48.7,375.6,6546.3,699.3,735.5,7981.1,935.5,1580.9,1016.6,3533.1,1010.3,580.3,1590.6,1537.7,344.3,396.1,1053,964.4,2757.9,1425.3,1165.3,2590.6,19991
40179,2005.8,226,261,2492.8,299.7,487.8,313,1100.5,332.8,215.5,548.3,532.3,92.8,93.8,282.7,286.6,755.9,421.8,391.3,813.1,6242.9,1606.1,127.7,170.5,1904.3,244.4,380.9,235,860.3,313,169,482,368.1,64.6,88.6,291.6,297.9,742.7,373.4,303.9,677.3,5034.8,1405.1,194.3,78.8,1678.1,175.9,329.7,219.4,725,173.7,91.3,265,316.5,107.7,109.9,228.9,185.9,632.5,253.1,232.5,485.6,4102.6,483.2,40.3,49,572.5,74,118.6,79.5,272.1,72.6,33.5,106.1,135.6,30.8,25.1,94.3,68.5,218.8,79.6,64.4,143.9,1449.1,713.7,103.2,61.4,878.3,117.5,176.5,110.8,404.8,90.9,68.2,159.2,175.7,36.2,51.9,106.8,78.3,273.2,178.9,120.7,299.6,2190.8,152.7,NA,NA,182.3,18.7,33.4,35.3,87.4,16.3,7.6,23.8,NA,13.9,7.3,24.4,NA,NA,19.5,22.8,42.3,436.1,91.4,NA,NA,97.9,8.9,15.9,17.5,42.4,7.4,4.2,11.6,NA,2.4,6.5,7.5,NA,NA,13.6,15.6,29.2,221,121.2,11.3,16.7,149.2,18.8,35.5,21.7,75.9,19.3,10.1,29.4,32,10,10.6,13.5,7.9,41.9,31.8,16,47.8,376.3,6579.2,718.4,657.8,7955.5,957.9,1578.3,1032.2,3568.5,1026,599.4,1625.4,1606.3,358.5,393.7,1049.7,957.1,2759.1,1371.6,1167.2,2538.8,20053.5
40210,1964.5,226.1,229.7,2420.3,305,471.8,309.4,1086.3,318.2,211.2,529.4,501.7,102.4,92.6,292.2,262.8,750.1,450,390.7,840.7,6128.4,1587.4,130.4,166.5,1884.4,262.8,383.8,229.7,876.3,294.4,163.9,458.3,361.1,72.8,88.3,287.9,318.7,767.7,374.4,302.5,676.9,5024.8,1410.2,186.8,81.1,1678.1,180.2,323.8,213.6,717.6,178.9,93.6,272.5,313.6,95.1,99.3,222.2,189.6,606.2,271.3,227,498.2,4086.2,477.1,40.3,52.9,570.3,73.9,115.3,81.1,270.3,72,33.7,105.7,123.7,26.4,26.2,95.8,66.7,215.1,84.4,60.6,145,1430.1,711.7,104.3,59.9,875.9,119.9,173,107.2,400.1,91.5,68.8,160.3,174.4,36.5,51.5,106.9,77.9,272.7,181.8,117,298.8,2182.1,153.3,NA,NA,181.8,20.4,32.5,36.7,89.7,15.7,7.2,22.8,NA,15,6.9,26.9,NA,NA,19.2,22.9,42.1,440.8,90.9,NA,NA,96.5,8.9,15.8,18.7,43.4,7.3,5,12.3,NA,2,6.8,7.3,NA,NA,15.5,15.5,31,223.8,121.2,11.5,16.7,149.3,18.8,34.5,20,73.4,18.5,10.3,28.9,32.4,10.3,10.1,13.8,8,42.2,34,15.7,49.7,375.9,6516.3,715.1,625.2,7856.6,989.8,1550.6,1016.5,3556.9,996.5,593.7,1590.2,1553.7,360.5,381.8,1052.9,957,2752.2,1430.8,1151.7,2582.5,19892.1
40238,1986.2,224.9,230.2,2441.3,296.2,473.9,319.3,1089.4,335.9,220.1,556,513,101.7,97.2,307.9,276.6,783.4,467,371.8,838.8,6222,1599.3,137.4,167.6,1904.2,243.2,371,247.4,861.6,289.7,153.3,443,367,76.3,90,287.8,285,739.2,382.8,309.8,692.5,5007.5,1419.9,NA,NA,1684.4,176.1,303,203,682.1,177.1,91.6,268.8,308.8,91.2,97.8,232.9,186.1,608,269.1,225.4,494.4,4046.5,479.8,40.5,51.7,572,69.7,116,84.9,270.7,75.2,34.5,109.7,125.7,27.2,25,97.2,64.9,214.3,82.4,61.2,143.5,1435.9,718.6,100.7,66.1,885.4,113.4,170.7,105.8,389.9,86.3,70.1,156.4,174.1,34.7,54.8,104.7,82.3,276.5,183.7,118,301.7,2184,152.2,NA,NA,181.2,20.4,32.2,36.2,88.8,15.8,7.4,23.1,NA,13.7,7.1,27.9,NA,NA,18.7,21.2,39.8,438.4,92,NA,NA,97.2,8.9,15.2,19.1,43.3,7.2,4.6,11.8,NA,1.9,7,8.8,NA,NA,15.3,15.8,31,225,122.5,12,17.6,152,19,34.1,22,75.2,18.3,10.6,28.9,32.2,9.7,10.5,14.1,8.1,42.3,32.7,15.9,48.7,379.3,6570.5,720.4,626.9,7917.8,947,1516.2,1037.8,3501,1005.4,592.3,1597.7,1568,356.5,389.4,1081.2,936.4,2763.5,1451.6,1138.9,2590.4,19938.5
40269,2025.3,233.8,224.2,2483.3,295,491.6,332,1118.6,337.1,207.7,544.8,478.7,111.8,97,265.5,284.7,759,433.4,403.1,836.5,6221,1615.9,136.7,165.6,1918.2,234.4,388.3,257.5,880.2,286.5,175.7,462.2,363,90.3,80,324.9,278,773.3,389.7,301.1,690.9,5087.8,1443,NA,NA,1715.6,179.4,323.1,211.2,713.7,180.2,92.4,272.6,306.7,89.4,97.9,231.1,187.9,606.4,275.9,218.2,494.1,4109.1,497.8,40.8,55.3,593.9,66.4,123.1,100.3,289.8,76.8,34.3,111.1,127.5,28.1,25.9,96.2,67.6,217.8,78.5,65.1,143.6,1483.7,727,106.4,74,907.4,110.7,169,113.8,393.5,87.5,69.4,156.9,175.2,33,55.4,102.3,82.4,273.1,179.9,122.7,302.5,2208.6,154.4,NA,NA,181.8,23.1,33.8,35.8,92.6,16.1,7.1,23.2,NA,12.9,5.9,26.9,NA,NA,18,27.4,45.4,441.4,92.7,NA,NA,98.2,9.1,15.9,20.2,45.1,7.7,4.9,12.6,NA,1.9,6.5,7.5,NA,NA,16.8,16.6,33.5,229.4,122.8,12.1,17.7,152.6,19.6,33.1,21.2,73.8,18.1,10.2,28.3,31.8,9.3,9.7,14.1,9.4,42.5,34.7,16.6,51.3,380.3,6678.9,736.2,635.9,8051,937.6,1577.8,1092,3607.4,1010.1,601.5,1611.5,1529.4,376.8,378.3,1068.5,940.5,2764.1,1426.9,1170.8,2597.7,20161.3
40299,2031.4,229.5,227.1,2488,298.4,494.7,330.5,1123.7,355.7,209,564.7,504,113.8,97.6,275.8,288.3,775.5,443.4,402.4,845.8,6301.7,1614.5,139.3,164,1917.8,233.4,381,270.8,885.2,290.5,179,469.4,362.2,90.5,86.4,318.7,275.3,770.8,396.6,302.7,699.3,5104.7,1449.8,NA,NA,1720.3,176.8,310.8,208.5,696.1,179.7,90.3,270,293.1,89.4,99.3,227.3,187.4,603.4,282.1,221.2,503.3,4086.2,496.6,41.8,52,590.3,66.2,122.9,93.2,282.2,76.3,34.8,111.1,125.5,24.9,26.3,96.1,66.6,213.9,82.4,65.8,148.2,1471.3,731.4,104.3,79.2,914.9,109.2,170.1,98.2,377.5,83.9,70.3,154.2,173.7,32.8,57.5,99.8,82.5,272.6,174.7,122.3,297,2189.9,153.3,NA,NA,180.8,23.2,33.1,35.9,92.2,16.1,6.9,22.9,NA,12.7,6.4,27,NA,NA,17.4,27.1,44.5,441.2,92,NA,NA,97.4,9,15.6,19.1,43.6,7.5,4.9,12.4,NA,2,6.2,6.8,NA,NA,16.8,16.7,33.5,227,124.7,12.2,18.7,155.6,18.5,31.7,20.7,71,18,10.2,28.2,31.3,9.6,9.5,14.1,8.6,41.8,34,16.4,50.4,378.3,6693.7,731,640.3,8065.1,934.8,1559.9,1076.9,3571.5,1027.8,605.3,1633,1536,375.6,389.2,1065.6,942.3,2772.7,1447.5,1174.5,2622,20200.3
40330,2030.1,229.4,219.1,2478.5,305.3,497,343.1,1145.4,345.5,202.8,548.3,505.7,122.5,98.3,287.5,288.9,797.1,446,412.6,858.6,6333.6,1608.1,141.3,161.9,1911.3,248.8,397.4,261.8,908.1,295.1,179.6,474.7,363,90.7,91.4,314.3,278.5,775,395.4,313.1,708.5,5140.6,1458.7,NA,NA,1729.7,184.4,315.3,209.6,709.3,183.2,87.9,271.1,309.3,85.2,100.2,230.4,179.6,595.4,270.3,216,486.3,4101.2,499,42.5,51.6,593.1,62.1,124.3,84.3,270.7,75,33.8,108.8,126.7,25.7,25.9,96.4,69.5,217.5,79.9,66.1,146,1462.8,729.3,107.6,81.6,918.5,113.4,168.7,93.4,375.5,84.3,71,155.3,173.3,33.2,56.7,96.9,82.2,269,177.6,125.1,302.7,2194.3,153.1,NA,NA,181.1,22,33.4,34.6,90.1,17,6.4,23.4,NA,12.5,6.5,27.3,NA,NA,16.6,28.1,44.7,436.2,92.3,NA,NA,97.7,8.6,14.4,19.3,42.3,7.7,4.9,12.7,NA,2,6,7.1,NA,NA,17.3,17.2,34.5,226.6,123.7,12.1,19,154.8,20.8,32.8,23.1,76.7,18.2,10.1,28.2,32.1,9.5,8.8,14.5,8.1,41,33.4,16.4,49.9,382.7,6694.4,737.9,632.6,8064.8,965.4,1583.3,1069.3,3618,1026,596.5,1622.4,1556,381.3,393.9,1074.3,936.2,2785.7,1436.5,1194.6,2631.1,20278.1
40360,2058,225.8,209.3,2493.1,302.3,481.5,331.4,1115.2,347.3,223.7,571,503.8,124.9,101.4,274.7,280.1,781.1,466.6,417.3,883.9,6348.1,1616.5,145.6,168.6,1930.7,243.8,393.2,249,886,292.2,178.4,470.6,363.4,90.8,106,311,301.5,809.3,415.6,311,726.6,5186.6,1449,NA,NA,1726.9,182.5,296.3,208.5,687.3,185.2,93.7,278.9,308.6,80.7,94.8,237.9,193.4,606.8,326.2,231.8,558,4166.5,498.1,43.5,55,596.7,62.5,119.7,82.1,264.3,75.8,32.6,108.4,126.6,23.8,25.7,95.8,66.5,211.8,88.4,64.2,152.7,1460.5,738.4,103.3,58.1,899.8,110.9,177.4,94.6,382.9,85.1,71.5,156.7,174,27.2,52.6,108.5,79.6,267.9,185,121.3,306.3,2187.7,153.2,NA,NA,183.6,23,30.1,32.5,85.6,17.1,7.2,24.3,NA,12.2,6.6,27.3,NA,NA,17.8,24.2,42,432.8,91.7,NA,NA,97.3,8.3,15.6,19,42.9,8.3,5.4,13.7,NA,2.3,5.8,5.6,NA,NA,16.5,17.4,33.9,226.3,124.1,13.9,18.2,156.3,20.1,31.7,22.2,74,18.7,10.3,29,31.3,8.3,8.9,14.3,7.1,38.6,31.6,16.9,48.5,377.7,6729,735.3,620,8084.3,953.5,1545.6,1039.2,3538.2,1029.7,622.9,1652.6,1554,370.1,401.9,1075.1,957.9,2805,1547.8,1204.2,2752,20386.1
40391,2053.4,229.9,209.4,2492.7,304.8,487.7,326.7,1119.2,359.3,206.6,565.9,503.4,128.5,100.8,283.1,292.4,804.7,500.8,414.8,915.6,6401.6,1607,149.3,162.1,1918.4,240,389.8,239.1,868.9,294.1,175.6,469.7,368.6,92.2,108.3,311.7,321.9,834.1,430.8,307.7,738.6,5198.3,1438.9,NA,NA,1720.3,182.3,303.5,205.4,691.2,185.9,94.6,280.5,308,82.1,89.6,239.3,202.2,613.1,309.7,223.4,533,4146.2,497.1,40.9,53.4,591.3,63.8,123.6,81.7,269.1,75.5,33.2,108.7,125.8,24.6,25.1,96.9,67.7,214.3,81.7,62.6,144.2,1453.5,730.9,102.6,59.9,893.3,113.8,171.1,100.7,385.7,85.2,70.4,155.6,173,30,58.9,108.9,85.6,283.5,186.3,126.7,313,2204.1,151.2,NA,NA,181.6,23.8,32.6,31.9,88.4,17.2,7,24.1,NA,11.6,5.9,27.5,NA,NA,18.7,24.4,43.1,432.8,90.7,NA,NA,96,8,16.4,18.2,42.6,7.2,4.9,12.2,NA,2.4,5.7,5.8,NA,NA,18.3,17.7,36,225.6,124.2,14.1,18.8,157,21.2,31.5,20.6,73.2,18.6,9.9,28.6,31.6,9.2,9.2,14.4,8.5,41.3,31.3,17.5,48.8,380.5,6693.3,741.8,615.5,8050.6,957.7,1556.3,1024.3,3538.3,1043.1,602.2,1645.3,1557.2,380.5,403.5,1087.6,1007.2,2878.7,1577.6,1194.7,2772.4,20442.5
40422,2035,235.9,205.3,2476.2,303.3,473.7,330.5,1107.5,355.5,207.5,563,503,130.4,98.1,283.9,280.9,793.3,474.1,419.5,893.5,6336.5,1606.9,154.9,164.3,1926.1,245.9,387.7,261.1,894.6,300,174.6,474.5,361.8,96.2,98.4,313.7,318.7,827,447.1,300.4,747.5,5231.6,1435.8,NA,NA,1719.2,180.2,293.8,209.2,683.3,191.3,97.8,289.1,310.7,81.7,87.7,251,198,618.3,300.1,223.9,524,4144.6,491.1,43.3,53.2,587.6,61.8,125.8,83,270.6,73.6,35.9,109.5,126.1,24.6,25.5,92.9,69.7,212.6,82.8,61.4,144.3,1450.8,736.6,102.3,59,897.8,111.2,165.5,106.2,382.8,91.9,72.9,164.8,174.3,31.5,60.8,110,87.5,289.8,190.5,128.5,319,2228.4,152.8,NA,NA,184.1,23.1,33.5,31.5,88,17,7.1,24.1,NA,12.5,6.2,27.1,NA,NA,17.5,24,41.4,432.5,89,NA,NA,94.3,7.9,16.6,18.4,42.9,7.8,5.1,12.8,NA,2.4,5.7,6,NA,NA,20.1,18.2,38.3,227.5,124.5,14.3,18.2,157,19.3,31.6,21.6,72.4,19,9.7,28.8,31.5,8.6,9.1,13.8,8.1,39.5,31.1,16.5,47.6,376.8,6671.7,753.6,617.2,8042.4,952.6,1528.1,1061.5,3542.2,1056.1,610.5,1666.6,1553.3,387.7,391.4,1098.3,991,2868.5,1563.3,1192.3,2755.6,20428.7
40452,2034.2,239.8,209,2482.9,299.9,481.5,325.9,1107.2,338.6,169.4,508,490.7,141.2,103.5,294.1,285.3,824.2,425.6,411,836.6,6249.5,1618.2,156.3,173.3,1947.8,261.2,376.4,275.2,912.8,302.5,163.8,466.3,361.8,101.6,88.4,321.4,288.3,799.7,403.6,292.5,696.2,5184.6,1433,NA,NA,1728,171.7,284.5,219.4,675.6,192.7,97,289.7,303.6,79.8,81,225.4,216.5,602.7,286.6,222.3,508.9,4108.4,495,42.3,53.3,590.6,59.6,125.2,88.2,273.1,73.7,32.8,106.4,124.2,25,23.6,94.8,67.5,210.9,81.3,63.1,144.4,1449.6,738.1,98.8,57.8,894.7,126.9,169.8,105.8,402.5,88.1,69.4,157.6,169.9,30.2,55.5,107,75.2,267.9,189.1,128.5,317.7,2210.2,153.4,NA,NA,183.8,24.6,32.5,32,89.2,16.3,6.6,22.9,NA,12.3,8.4,29.2,NA,NA,17.5,24.5,42,436.3,86.2,NA,NA,91.1,9.3,15.9,17.9,43.1,7.3,4.9,12.2,NA,2.4,5.3,5.3,NA,NA,17.5,16.6,34.1,218.2,124.9,13.5,18.5,157,27.3,30.7,21,78.9,18.8,9.7,28.5,31.6,8.2,8.5,14.7,8.4,39.8,28.6,17,45.6,381.4,6682.9,754.7,638.3,8075.9,980.5,1516.4,1085.4,3582.3,1038.1,553.5,1591.5,1527.3,400.7,374.3,1092,968.7,2835.7,1450,1175.5,2625.5,20238.2
40483,2048.3,240.3,202,2490.6,296.7,472.6,331.2,1100.5,345.6,183.9,529.5,496.5,140.9,100.3,296,302,839.1,447.2,411,858.2,6314.5,1631.3,155.8,183,1970.1,274.5,376.1,274.6,925.2,305.4,163.4,468.8,366.2,99.6,91.6,323.9,295.4,810.4,387.8,294.5,682.3,5223.1,1445.2,NA,NA,1745.3,173.7,290,223.9,687.6,189.2,96.8,286,315.2,80.5,82.8,224.5,208.6,596.4,288,224.6,512.5,4143.1,483.1,42.1,50.4,575.6,63.3,127.2,84.5,275.1,75.1,33.5,108.5,125.7,26.3,23,92.4,65.7,207.4,80.8,65.4,146.2,1438.4,744,98.8,57.5,900.3,126.2,165.8,106.2,398.2,85.9,69.8,155.7,175.9,30,54.8,107.7,72.7,265.2,189.7,131.6,321.3,2216.4,152.9,12.5,16.9,182.2,24.3,31.6,32.7,88.6,16.2,6.7,22.9,NA,12.3,7.9,28.6,NA,NA,18.2,24.9,43.1,434.5,84.9,NA,NA,90,7.7,16.3,17.9,41.9,7.1,5,12.1,NA,2.4,5.2,5.2,NA,NA,16.5,17.9,34.3,216.1,124.9,13.3,19.7,157.8,29.1,29.6,21.3,80,19.4,9.9,29.3,32.4,8.2,8.4,15.4,8.3,40.3,28.8,17,45.8,385.7,6714.5,756.4,641.1,8112,995.5,1509.1,1092.4,3597,1043.9,568.9,1612.8,1558.3,400.2,374,1093.7,979.9,2847.8,1457,1186.8,2643.8,20371.7
40513,2060.1,252.4,201.4,2513.9,297.6,470.4,336.4,1104.4,348.5,199.7,548.2,488.7,146.9,106.6,302.6,297,853.1,448.6,406.7,855.3,6363.5,1615.4,149.6,193.1,1958,260.4,395,281.7,937.1,325.2,159.9,485.1,360.4,106.9,90.3,306.2,296,799.5,401.6,299,700.5,5240.7,1445.7,NA,NA,1747.6,174.1,306.3,221.5,701.9,184,92.7,276.7,303.2,84.5,91.8,225.2,216.3,617.8,294.9,220.7,515.6,4162.8,477.2,41.3,60.2,578.7,63.2,126.7,84.2,274.1,67.2,33.2,100.4,118.4,26.8,21.8,91.4,67.6,207.5,82.4,66.1,148.4,1427.6,737,97.9,58.5,893.4,126.7,179.6,112.4,418.6,84.1,67,151.1,171.4,31,49.2,104.6,63.7,248.5,203,134.1,337.1,2220.1,151.7,12.5,18.7,182.9,22.6,32.6,31.6,86.8,15.7,6.6,22.3,NA,12.5,8,29,NA,NA,16.3,24.7,41,429.7,85.4,NA,NA,90.9,8.3,16.4,18.4,43.1,6.9,5.1,11.9,NA,2.5,5.2,5.5,NA,NA,17.4,17.5,34.9,218.9,124.9,12.6,20,157.6,25.6,32,21.5,79.1,18.9,9.8,28.7,31.5,8.8,8.8,15.4,8.6,41.7,29.2,16.9,46.2,384.6,6697.4,760.6,664.9,8122.9,978.5,1558.9,1107.6,3645.1,1050.5,573.9,1624.4,1518.9,420,381.8,1079.7,976,2857.6,1493.4,1185.7,2679.1,20447.9
40544,2097.5,244.6,206.7,2548.8,307.4,443.2,311.7,1062.3,334.5,178.9,513.4,499.6,154.1,104.1,307.2,326.7,892,456.3,397.9,854.2,6370.3,1629.7,155.9,193,1978.6,234.3,339.9,293.2,867.4,305.1,164.7,469.8,362.7,93.8,90.7,312.9,299.4,796.9,381.5,292.8,674.3,5149.7,1485.3,NA,NA,1787,163.9,285.9,229.8,679.6,178.8,88.1,266.9,308.4,79.7,77.5,217,229.6,603.9,280.5,226.1,506.6,4152.3,506,40.5,50.4,596.9,59.6,124.3,85.7,269.7,67.4,33.7,101.1,126,27.1,21.5,96.4,68.6,213.6,78.4,66.1,144.5,1451.8,761.3,98.5,65.9,925.8,121.9,172.7,113.5,408,85.6,75.5,161.1,172.9,31.7,49.3,117.5,66.1,264.6,205.7,135.4,341.2,2273.6,151.4,12.8,15.2,179.5,22.8,32.2,28.5,83.4,16,6.1,22.1,NA,12.2,8.1,26.9,NA,NA,17.1,25,42.1,422,91.3,NA,NA,96.7,7.4,17.2,18.2,42.8,7.1,4.7,11.8,NA,3.1,5,4.9,NA,NA,18.7,16.6,35.4,224.4,128.8,13.1,19.4,161.4,29.4,31.4,21.9,82.7,19.6,9.6,29.2,32.2,6.1,8.4,15.3,8.5,38.3,28.7,18.6,47.3,391,6851.4,762.8,660.6,8274.7,946.9,1446.7,1102.4,3496,1014.1,561.4,1575.5,1547.4,407.8,364.5,1098.1,1025.6,2896.1,1466.9,1178.6,2645.5,20435.2
40575,2105.5,247.9,206.6,2560,300.2,463.6,325.4,1089.2,352,173.4,525.4,491.5,140.3,97.9,292.7,343,873.9,452.3,394.9,847.3,6387.3,1627.5,150.7,190.3,1968.5,250.6,339.7,283,873.4,298.8,173.2,472,367.5,97,88.6,316.6,303.8,806,381.9,285.9,667.9,5155.4,1471,NA,NA,1781.5,189.7,287.3,239.8,716.7,208,93.2,301.1,327.3,77.1,83.8,215.2,246,622.2,307,235.2,542.2,4291.1,501.9,42.4,52.4,596.7,62.1,120,87,269.2,69.9,34.7,104.6,125.3,24.2,20.7,99.3,68.6,212.6,76.3,65.2,141.5,1449.8,780.9,100.2,66,947.2,130.6,171.8,116.5,418.9,85.2,70,155.2,175.5,37,46,121.1,68.5,272.6,201.2,136.8,337.9,2307.3,156.4,12.6,14.9,183.9,27,31.4,26.4,84.9,16.9,6.3,23.2,NA,13.2,7.9,25.4,NA,NA,18.2,25.2,43.4,429.6,89.7,NA,NA,95.1,8.7,16.8,17.8,43.2,7.2,4.6,11.8,NA,3.2,5,4.9,NA,NA,22.2,20,42.2,230.8,129.9,13.4,19.9,163.1,25.3,28.8,22.1,76.2,20.1,10.2,30.2,31.6,5.9,8.1,13.8,8.8,36.6,27.7,18.3,45.9,383.7,6862.7,771.4,661.9,8296,994.2,1459.4,1118,3571.7,1058,565.6,1623.6,1564.7,397.9,358.1,1088.8,1065.9,2910.7,1486.7,1181.6,2668.3,20634.9
40603,2089.5,248.6,204.3,2542.4,303,458.6,338.6,1100.2,351.8,180.4,532.2,480.5,145.4,98.8,303.9,326.9,874.9,448.8,376.6,825.4,6355.6,1638.3,153.7,188,1980.1,244.4,345.1,299,888.4,302.3,165.8,468.1,356.2,97.7,85.1,320.3,328.1,831.3,383.7,296.8,680.5,5204.6,1456.9,NA,NA,1757.7,186.2,278.6,225.7,690.5,193.8,90.2,284,306.2,78.8,79,218.5,223.9,600.2,292.6,233.7,526.4,4164.9,501.6,42.2,49.4,593.2,57.8,121.5,88.1,267.5,69.7,37.7,107.3,126.1,23.7,20.9,100.6,68.5,213.8,74.9,65.8,140.7,1448.5,774.2,101.2,67.9,943.2,131.4,166.2,115.7,413.3,83.5,75.5,159,164.4,31.5,50.3,123.4,73.7,278.9,211.3,133.1,344.3,2303.2,153.7,12.8,14.7,181.2,24.3,31.6,29.1,85.1,17.4,6,23.4,NA,12.2,8.4,25.8,NA,NA,17.5,25.1,42.6,425.4,89.1,NA,NA,94.3,8.6,17.1,18.4,44.1,7.8,5.1,12.8,NA,3.2,5.1,5.2,NA,NA,20.2,19.4,39.6,229.4,128.8,13.3,19.7,161.8,24.7,28.8,22.5,76,19.4,10.3,29.8,31.1,6,8.3,14.4,9.1,37.8,27.5,18.3,45.9,382.2,6832.1,769.1,652.7,8253.9,980.5,1447.5,1137.1,3565.1,1045.6,571.1,1616.7,1508.8,398.5,355.9,1112.1,1057.7,2924.1,1476.6,1168.8,2645.4,20513.9
40634,2089.3,252,201.1,2542.5,306.1,454.2,343,1103.4,351.7,180.6,532.3,498.4,137.8,104.1,303.2,312.4,857.5,448.2,361.6,809.8,6344,1640.8,157.1,188.6,1986.5,264.9,362,303,930,308.1,206.5,514.6,375.1,93.3,88.9,315.8,338.1,836.1,394.5,312.6,707.1,5349.5,1452.3,NA,NA,1778.2,196.9,282.9,221.2,701,193.3,89,282.3,320.8,77.1,83.6,247.3,222.3,630.3,294.1,238.1,532.2,4244.7,496.5,41.7,53,591.2,64.4,119.7,82.5,266.7,66.7,44.5,111.2,124,23.8,19.9,90.7,71.3,205.7,75.8,66.2,142,1440.8,782.6,100.9,67.3,950.8,140.3,160.9,116.7,417.9,80.7,54.8,135.5,173.5,31.9,51.5,122.3,101.3,307,207.1,123.3,330.4,2315.1,159.5,12.8,14.3,186.7,22.7,30.6,25,78.4,17.4,6.1,23.5,NA,11.1,8.4,28.5,NA,NA,18.4,25.4,43.7,428.6,90.4,NA,NA,95.5,9.3,17.1,18.3,44.7,6.9,4.7,11.7,NA,3.2,5,4.6,NA,NA,19.2,19.8,39,228.4,128.2,12.7,19,159.8,24.1,29.1,21.8,75,19.6,10.2,29.8,34.5,5.8,9.8,14.3,9.2,39.2,27.7,16.8,44.5,382.8,6839.7,778.1,673.4,8291.2,1028.7,1456.6,1131.7,3617,1044.4,596.5,1640.8,1572.4,383.9,371.3,1126.6,1081.7,2963.6,1485,1163.8,2648.9,20733.8
40664,2090.8,252.1,192.5,2535.4,300.8,458.9,341.8,1101.6,346.6,172.8,519.4,492.2,137,100.1,317.6,290.4,845.1,452.2,355.6,807.8,6301.5,1660.2,153.4,186.2,1999.8,263.4,356.3,303.5,923.3,303.1,185.2,488.2,359.9,91.5,85.9,307.4,354.1,838.9,393.2,309,702.2,5312.3,1464.8,NA,NA,1790.3,187.3,286.7,216.3,690.4,199.1,88.7,287.9,306.1,76.9,79.6,250,223.4,629.9,288.2,240.5,528.7,4233.4,493.4,41.6,49.7,584.7,64.4,119.9,83.5,267.8,67.5,45.9,113.4,120.8,24.5,20.8,90.9,70.8,207,71,66.5,137.6,1431.2,785.2,104.7,67.9,957.8,143.8,156.4,116.1,416.4,85.2,54.8,139.9,176,28.5,50.8,127.2,96.2,302.7,221.3,126.6,347.8,2340.6,159.9,12.8,14.1,186.9,21.8,30.9,23.9,76.6,18,6.1,24.1,NA,11.1,8.5,29.4,NA,NA,19.5,24.8,44.3,428,90.9,NA,NA,95.9,8.4,17,18.6,43.9,7.3,5.2,12.5,NA,2.9,5.4,4.8,NA,NA,17.4,19.7,37.2,227.6,128.5,12.8,18.2,159.5,23.7,29.2,21.9,74.8,19.4,10.1,29.5,32,6.6,8.3,14.2,9.6,38.6,26.4,18.9,45.3,379.8,6873.6,773.3,663.4,8310.3,1013.7,1455.3,1125.7,3594.7,1046.1,568.8,1614.8,1531,379.1,359.4,1141.3,1072.7,2952.5,1489.2,1161.6,2650.9,20654.3
40695,2092.4,247.5,190.6,2530.5,304.3,450.1,337.6,1092,330.1,171.5,501.5,463.7,144.3,104.8,308.3,296.4,853.8,457.2,353.9,811.1,6252.7,1663.7,154.3,189.3,2007.4,255.8,348.2,302.5,906.5,299.6,188.1,487.6,340.1,90.7,88.6,308,361.6,849,404.5,303.6,708,5298.7,1475.7,NA,NA,1806.7,186.4,283,220.2,689.6,196.3,91.5,287.9,301,73.5,83.3,253.8,214.9,625.4,279.4,238.8,518.2,4228.8,496.2,41.4,47.4,584.9,61.6,117.8,85.7,265.1,63.7,44,107.7,117.3,23.1,20.6,92.2,71.7,207.6,66.3,67.2,133.6,1416.2,792.3,102.8,66.8,961.9,146.6,157.7,113.9,418.2,84.3,55.8,140.1,173.6,24.5,53,133.1,107.6,318.3,225.4,123,348.4,2360.6,159,13,14.6,186.6,23.5,29.6,24,77.1,17.8,5.8,23.7,NA,11,9.4,26.4,NA,NA,20.2,25.5,45.8,428.1,89.7,NA,NA,94.4,8.1,17,17.5,42.6,7.1,5.1,12.3,NA,3,5.6,4.7,NA,NA,19.9,20.1,40,227.9,129.4,12.3,18.3,159.9,25.5,28.6,22,76,19.1,9.9,28.9,31.8,5.7,8.4,14.2,9.7,38,25.2,18.7,43.9,378.5,6898.4,767.2,666.7,8332.3,1011.9,1431.9,1123.4,3567.2,1018,571.7,1589.8,1471.2,375.8,373.7,1140.8,1091.6,2981.9,1498.1,1150.9,2649,20591.3
40725,2116.5,261.2,199.4,2577.1,311.6,433.1,335,1079.7,330.2,166.5,496.7,486.9,145.1,111.3,322.8,322.4,901.6,484.5,328.6,813.1,6355.1,1682,162.7,190.3,2035,258.7,352.9,285.7,897.3,291.6,167.6,459.2,356.5,91.2,104.2,307.6,365.4,868.4,378.7,320.8,699.5,5315.9,1481.6,NA,NA,1823.9,174.7,286.2,214.4,675.2,190.1,92,282.1,303.3,79.4,90.5,249.7,211.5,631.1,291.7,244.9,536.6,4252.2,501.6,41.9,44.6,588.1,58.5,114.6,86.6,259.6,58.6,44.3,102.9,120.9,23.5,22.8,95.9,75.3,217.4,68,70,138,1426.8,789.7,110.4,67.3,967.5,147.9,163.9,118.2,430,87.2,53.8,141,179,23.9,54.8,130.8,98.7,308.2,234.8,126.9,361.7,2387.3,153.6,13.3,13.1,180,23.1,30.1,24.9,78.1,24.3,5.7,29.9,NA,11.6,9.1,29.7,NA,NA,18.5,25.8,44.3,432.3,90.1,NA,NA,95.2,7.8,16.9,17.5,42.2,7.3,5.7,13,NA,2.3,5.6,4.6,NA,NA,20.8,20.3,41.1,229.8,136.6,12.1,12.6,161.3,24.5,29,22,75.6,18.5,9.6,28,32.4,5.7,9,12.4,10.1,37.2,24.7,18.6,43.4,377.9,6951.8,798.7,677.5,8428,1006.7,1426.6,1104.3,3537.6,1007.8,545.1,1552.9,1523.8,382.7,407.3,1153.5,1113.9,3057.4,1521.7,1155.9,2677.7,20777.4
40756,2121,263,197.3,2581.2,315.5,445,349.5,1109.9,330.2,163,493.2,477.6,144.7,105.3,320.5,345.2,915.7,487.9,341.2,829.1,6406.8,1689.2,164.2,200.2,2053.6,273.9,353.9,301.8,929.5,288.7,169,457.7,352.3,87.7,90.9,310.3,354,843,375.1,310.8,686,5322,1471.2,NA,NA,1820.8,182.1,288.5,214.5,685.1,188.5,89.7,278.2,302.9,80.5,87.1,255.2,218,640.7,309.1,244.6,553.6,4281.4,505.7,41.9,43.5,591.1,57.4,117.1,88.7,263.2,63.4,44.6,108,119.8,22.6,21.9,96.2,75.8,216.5,65.3,72.2,137.5,1436,796.4,111.9,69.4,977.7,150,167.9,121.9,439.8,88.1,54.7,142.8,174.6,24.2,55.1,126.3,91.8,297.5,241.3,127.3,368.6,2401,151.9,13.4,13.5,178.9,25.1,28.8,26.8,80.8,23.6,5.9,29.5,NA,11.5,9.2,33.7,NA,NA,19.1,26.1,45.2,438.2,88.8,NA,NA,94,8.4,17.4,18.4,44.2,7.1,5.2,12.3,NA,2.6,4.8,4.6,NA,NA,22.6,20.3,42.9,230,139.2,11.9,13.5,164.6,23.8,29.1,22.1,75,17.8,8.8,26.6,32.7,5.4,9.1,12,10.8,37.4,25,18.9,43.9,380.1,6963.4,802,696.6,8461.9,1036.1,1447.7,1143.7,3627.5,1007.4,540.8,1548.2,1503.4,379.4,383.4,1158.8,1126.2,3047.7,1545.5,1161.4,2706.8,20895.6
40787,2115.9,261.8,197,2574.7,321.5,446.5,353.6,1121.7,330.6,166.4,497,474.3,141.7,112.6,317.2,329.4,900.9,498.8,339.6,838.4,6407.1,1683.5,163.6,188.1,2035.2,275.4,352.6,305.7,933.7,282.2,166.8,449,350.3,83.9,82.6,308.7,365.3,840.4,370.9,310.3,681.2,5289.8,1474.4,NA,NA,1821.5,173.2,288.2,218.2,679.6,190.5,89.5,280.1,298.2,75.3,87.6,250.6,234.5,648,318.5,248.1,566.5,4294,509.2,40.9,43.4,593.5,63.4,118.6,88,270.1,63.3,44,107.3,118.6,22.2,21.5,96.7,72.7,213,72.1,69.8,141.9,1444.5,792.5,110.8,66.4,969.7,153.7,172.9,120,446.5,87.7,59.5,147.1,171.9,23.7,55,122.6,96.9,298.2,236.8,127.3,364.1,2397.5,153.5,13.4,13.1,180,26,28.8,25.8,80.6,23.9,5.5,29.4,NA,11.3,9.5,35,NA,NA,18.6,26.1,44.7,439.3,90.4,NA,NA,95.7,8.1,17.6,18,43.7,7.2,5,12.1,NA,2.8,5.2,4.9,NA,NA,21.9,21.3,43.2,232.9,140.9,11.9,12.8,165.6,22.8,29.5,22.5,74.8,18.1,9.6,27.8,32.1,5.4,10.7,11.8,10.6,38.5,25.6,18.9,44.5,383.2,6960.3,798.7,676.9,8436,1044.1,1454.7,1151.9,3650.6,1003.5,546.4,1549.8,1489.5,366.2,384.8,1147.4,1139.4,3037.8,1563.2,1161.3,2724.5,20888.2
40817,2115.5,266.6,190.9,2573,320.3,442,353.7,1116,337.8,170.6,508.4,469.3,135.8,108.6,321.1,320.3,885.8,517.9,338.3,856.2,6408.9,1692.5,160.3,169.9,2022.8,259,392.5,312.7,964.2,287,174.4,461.4,352.2,83.2,93.7,311.2,374.8,862.9,373.1,306.2,679.3,5342.9,1492.7,NA,NA,1838.6,171.2,290.3,218.2,679.8,198.9,87.5,286.5,295.3,71,89.5,258.2,217.9,636.5,286.4,252.5,538.9,4275.6,513.3,41.7,52.1,607.1,58.6,111.5,82.7,252.8,62.2,41.9,104.1,117,24.3,21.8,96,70.5,212.6,81.3,69.8,151.1,1444.8,791.3,111.7,60.1,963.1,155.9,188.2,124.9,469,90.2,58.7,148.9,172,26.2,54.3,117.5,107.3,305.3,249.8,131.7,381.5,2439.8,152.4,13.6,16.8,182.8,21.1,27.7,26.1,74.9,22.3,5.7,28,NA,11.8,10.4,36.7,NA,NA,19.1,24.4,43.5,435.9,90.7,NA,NA,96.1,8.2,17.8,18,43.9,7,4.7,11.7,NA,2.9,5,5.1,NA,NA,21.7,23.7,45.4,235.1,140.2,12.2,14.5,166.9,22.7,29,23.1,74.8,17.4,9.3,26.7,31,5.4,9.9,11.5,10.9,37.7,26.8,18.4,45.2,382.4,6988.8,803.8,657.8,8450.5,1017.1,1499,1159.3,3675.4,1022.8,552.9,1575.7,1480.5,360.5,393.3,1157.2,1130.9,3042,1576.2,1165,2741.2,20965.2
40848,2119.6,271.4,198.8,2589.9,331.7,442.4,349.4,1123.5,342.7,173.3,516,473.4,128.9,113.9,326.1,315.1,884,532,335.6,867.6,6454.4,1706.9,162.2,162.9,2032,257.6,372,317,946.6,284,172.3,456.3,352,82.7,89.9,304.3,353.4,830.3,372.4,302.6,675,5292.2,1501.9,NA,NA,1856.6,173,289.4,223.7,686.1,199.3,89.7,288.9,302.6,69.2,91.6,258.9,227.1,647,273.7,249.6,523.2,4304.4,521.5,42.5,53.5,617.5,56.5,105.1,84.1,245.6,61.7,40.8,102.6,120,24.2,22.3,96.2,72.6,215.3,81.7,66.9,148.6,1449.5,800.5,111.1,58.4,970,164.7,191.2,122.3,478.2,90.8,56.8,147.6,173.2,26.5,54.3,117.5,108.2,306.5,254.2,130.4,384.6,2460,152.1,13.7,16.8,182.6,24,27.6,25.7,77.4,21.9,6.1,28.1,NA,11.1,10,36.6,NA,NA,18.8,24.1,42.9,436.7,90.2,NA,NA,95.4,8.9,17.8,17.8,44.5,6.8,4.6,11.4,NA,2.9,5.3,5,NA,NA,24,22.8,46.8,235.1,139.8,12.4,12.8,165,23,27.7,22.5,73.2,17.5,9.2,26.6,30.4,5.2,10.2,10.3,11,36.6,24.2,19.4,43.6,375.5,7032.5,816.3,660.1,8508.9,1039.4,1473.3,1162.5,3675.2,1024.7,552.8,1577.5,1495.3,350.7,397.6,1154.9,1115.4,3018.6,1581,1151.3,2732.3,21007.8
40878,2103.2,269.9,207.5,2580.6,334.3,438.9,342.7,1115.9,348,184.8,532.8,477.5,126.2,110.4,328.3,326.8,891.7,523.2,347,870.2,6468.8,1702.6,164.3,153.8,2020.7,260.8,379.1,317.2,957.1,302.9,172.7,475.6,353.8,86.5,87.2,319.7,394.1,887.5,367.9,297.1,665,5359.7,1486.8,NA,NA,1838.4,172.5,291.2,231.3,694.9,199.9,89.1,289,300.9,70.9,95.6,259.2,208.9,634.6,260.9,247.6,508.6,4266.5,515.6,42.4,60.4,618.3,57,106.8,85.6,249.4,59.9,40.7,100.6,118.2,26.2,21.3,100.2,70.8,218.5,78.2,64.1,142.3,1447.3,803.7,111.7,58.1,973.5,152.3,188.1,121.5,461.9,92.1,57.1,149.2,175.5,29.6,52.4,114.1,110.5,306.5,254.8,133.4,388.2,2454.9,150,13.7,17.8,181.5,22,26,26.4,74.3,23.1,5.5,28.6,NA,10.3,9.7,36.9,NA,NA,18.2,24.4,42.6,432.1,91.3,NA,NA,96.7,8.2,17.3,17,42.5,6.7,4.6,11.3,NA,2.6,5.1,5.3,NA,NA,18,22.2,40.3,229.1,141.2,12.4,13.3,166.9,21.6,28.1,22.9,72.6,18.1,8.9,26.9,30.5,5,9.4,11.3,11.1,36.7,27.3,19.8,47.1,380.8,6994.4,814.1,668.1,8476.6,1028.7,1475.5,1164.6,3668.8,1050.7,563.3,1614,1500,357.3,391.1,1175,1152,3075.5,1548.6,1155.7,2704.3,21039.2
40909,2101.6,264.4,193.3,2559.3,321.4,408.6,338.1,1068.1,359.5,169.8,529.3,480,120.3,105.4,320.4,317.8,863.9,525.6,354.8,880.4,6381.1,1699.7,172.5,152.9,2025.1,237,385.7,300.9,923.6,314,186.5,500.5,350.6,84.3,81.4,330.6,358.2,854.4,354.8,298.7,653.5,5307.8,1497,NA,NA,1845.7,169.6,280.8,227,677.4,184,91.4,275.4,303,87.8,86.6,256.6,231.4,662.4,295.7,253.3,549,4312.8,526.6,42.4,53.4,622.4,56,101.9,78.4,236.3,57.3,41.2,98.5,117.5,20.3,19.8,96.5,70,206.6,83.2,67.3,150.5,1431.8,814.5,106.9,57.1,978.6,143.1,190.7,124.6,458.4,91.2,60.6,151.8,175.4,26.3,56.1,119.6,120,322,255.4,138.7,394.1,2480.3,151.5,13.7,17.9,183.2,19.9,26,26.4,72.2,21.8,5.6,27.3,NA,10.2,10.8,35.1,NA,NA,17.1,22.8,39.8,426.5,92.3,NA,NA,97.6,8.9,18.2,16.4,43.5,6.9,4.5,11.3,NA,2.5,5,4.6,NA,NA,20.8,24.1,44.9,234.4,141.5,11.7,12.6,165.8,23,27.3,27.1,77.5,18.2,9.5,27.7,30.9,4.8,9.1,12.5,10.6,37,31.6,19.4,51,389.7,7024.7,806.6,646.4,8477.7,979,1439.1,1138.8,3557,1052.8,569.1,1621.9,1500.9,356.5,374.2,1175.9,1137.4,3043.9,1584,1179.2,2763.3,20964.6
40940,2098.8,266.1,199.4,2564.2,300.9,403.6,326.1,1030.6,350.5,159.5,510.1,481.5,124.9,107,322,319.1,873.1,532.7,348.4,881,6340.6,1708.2,173.2,156.4,2037.8,228.4,385.1,303.9,917.4,296.2,179.3,475.5,353,86.9,81.1,331.7,364.4,864.1,349.4,303.1,652.6,5300.3,1507.2,NA,NA,1864.7,168.8,297,226.3,692.1,196,88.1,284.1,310.6,87.6,87.2,260.8,228.9,664.4,307.6,252.7,560.3,4376.3,527.8,43.3,53.6,624.8,59.7,107.8,79.8,247.4,63.3,42.5,105.9,120.3,20.2,18.8,100.3,68.2,207.5,78.9,67.3,146.3,1452.1,815.5,104.2,56.2,976,154.8,191.2,124.7,470.7,91,61.1,152.1,176.5,28.5,56,124,123.9,332.4,255,140.9,396,2503.6,149,13.8,18,180.8,22.4,26.2,26.2,74.8,23,5.6,28.6,NA,10.3,10.3,38,NA,NA,19,22.2,41.2,432.1,93.7,NA,NA,99.1,8.3,18.3,17.5,44.1,7.4,4.7,12.1,NA,2.6,4.9,5,NA,NA,20.9,22.7,43.6,235.5,141.7,12.4,12.7,166.8,20.8,28.2,23.6,72.6,18.1,9.4,27.5,34,5,9,13.1,11,38.1,28.9,20.4,49.3,388.3,7042,814.7,657.4,8514.2,964.1,1457.5,1128.1,3549.6,1045.5,550.2,1595.7,1519.6,366.1,374.4,1194.9,1144,3079.4,1592.4,1177.8,2770.2,21028.8
40969,2126.7,263.2,204,2594,301.3,426.9,328.1,1056.3,359.5,163.6,523.1,488.1,125.4,102.6,330.6,325.9,884.5,534.7,341.5,876.2,6422.1,1719.3,169.9,156.7,2045.9,242.7,394.9,302.8,940.5,311.5,187.1,498.6,359.7,85.7,87.2,330.7,359.9,863.6,359.7,304.5,664.3,5372.6,1522.8,NA,NA,1873.7,162.7,298.3,227.9,688.9,193.6,86,279.6,311.3,89.7,85.6,263.2,225.8,664.2,303.2,262.3,565.5,4383.3,535.9,43.3,54,633.1,59.1,102.2,78.2,239.5,62.2,43.4,105.6,116.2,19.3,19.8,99.5,75,213.7,80.6,69.3,149.9,1458,819.3,109.4,56.2,984.9,155.5,189.9,127.4,472.9,93.2,60.7,153.9,176.2,30,59.3,126.7,117.9,333.9,273.6,146.4,419.9,2541.7,151.1,13.8,17.3,182.3,20.7,28,25.7,74.5,21.8,5.6,27.4,NA,11.3,10.4,39.6,NA,NA,19.6,21.4,41,433.7,92.5,NA,NA,97.9,7.8,19.1,16.5,43.4,7.4,4.6,11.9,NA,2.5,4.9,5.7,NA,NA,22.3,22.9,45.2,236.8,145.4,11.8,12.2,169.4,21.1,29.9,23.5,74.6,19.8,9.3,29.1,31.6,5,9.1,13.5,10.7,38.4,31.3,20.3,51.5,394.5,7113,810.9,657.4,8581.2,971,1489.4,1130.2,3590.6,1069,560.3,1629.3,1526.5,369,379,1209.6,1144.3,3101.8,1625,1188.5,2813.5,21242.8
41000,2137,259.6,218.6,2615.3,313.8,419.6,337.6,1071,356.5,171.4,527.9,479,122.9,96.6,338,330.2,887.7,543.6,374.1,917.7,6498.6,1733.2,171.6,145.7,2050.5,234.6,385.6,296.4,916.6,300.9,190.7,491.7,351.5,93.4,83.7,329.7,339.4,846.2,332.5,305.4,637.9,5294.3,1512.1,NA,NA,1861.1,168.8,294.8,232.8,696.4,198,93.6,291.6,315.3,88.9,90.1,272.2,219.6,670.8,316.6,247.6,564.2,4399.4,539.4,44.4,57.3,641.1,61.2,100.6,75.1,236.9,57.4,47.7,105.1,119.9,18.9,19.6,98.6,79,216.2,78.2,69.3,147.4,1466.7,824.5,109.7,60.2,994.4,152.4,190.2,129.6,472.1,89.4,64.3,153.7,177.9,28,53.5,132.3,116.6,330.5,288.9,137.4,426.2,2554.8,145,14,18.7,177.7,22.4,23.2,26,71.7,24.1,5.4,29.5,NA,10.1,11.2,45.9,NA,NA,19.9,20.1,40,431.7,91,NA,NA,96.9,7.9,18.4,16.8,43.1,7.5,4.9,12.5,NA,2.3,5.1,5.8,NA,NA,22.5,23.9,46.4,237.2,147.5,12.5,11.9,171.9,18.7,29.5,25,73.2,19.1,8.9,27.9,31.3,5.2,8.8,13.9,10.2,38.1,31.4,20.3,51.6,394.1,7129.7,815.2,664,8608.9,979.9,1461.8,1139.4,3581.1,1052.9,587,1639.8,1517.6,369.7,368.7,1236.3,1123.2,3098,1633.5,1197.9,2831.4,21276.8
41030,2144.4,262.5,220,2627,311.4,438.2,346.2,1095.8,363.7,178.1,541.8,491.5,125.6,99.5,339.4,333.6,898,534.9,368.3,903.2,6557.2,1737,173.8,145.6,2056.4,234.8,393.2,292.6,920.6,299.5,195.7,495.2,362.5,93.3,89.5,326.9,332.7,842.4,356.7,315.3,672,5349.1,1513.1,NA,NA,1864.9,165.9,297.3,241.7,704.8,197.2,95.8,293,313.6,92.5,91.8,277.1,224.9,686.2,321,250.2,571.2,4433.8,539.3,44.3,57.5,641.2,60.3,102.2,70,232.5,59.1,44.6,103.7,125,19.7,18.3,92.3,76.8,207.1,77.5,70.7,148.1,1457.6,827.9,110,59.8,997.6,155.8,194.7,131.8,482.3,88.6,64.5,153.1,178.4,29.2,52.9,135.6,120.3,338.1,299.5,140.9,440.4,2590,146.3,14.2,18,178.6,21.9,23.5,26.2,71.6,25.1,5.5,30.6,NA,9,11.1,40.8,NA,NA,20.2,19.4,39.6,428.7,93.4,NA,NA,99,7.4,18.7,17.8,43.9,7.1,5,12.1,NA,2.3,5,5.6,NA,NA,22.3,24.6,46.9,240.2,146.3,12.7,11.7,170.7,17.7,30.4,23.6,71.7,19.3,9.2,28.5,32.5,5.2,9,14.1,10.2,38.5,33.8,20.7,54.4,396.2,7147.7,823.6,664.1,8635.4,975.3,1498.2,1149.8,3623.3,1059.6,598.3,1657.9,1548.3,376.6,377.1,1231.7,1126.6,3112.1,1665.7,1210.2,2875.9,21452.8
41061,2173.2,262.8,221.7,2657.8,311.2,434.5,355.5,1101.2,373.4,178.4,551.7,503.4,123.2,94.2,341.9,369,928.2,529.9,372.1,901.9,6644.2,1766.5,170.2,154.4,2091,224.3,383.9,300.7,908.9,306.3,205.7,511.9,377.5,88.2,92.7,331.4,323.4,835.7,360.7,330.1,690.7,5415.8,1538.2,NA,NA,1886.9,173.5,300.5,242.8,716.8,196.4,95.3,291.6,335.2,88.6,90,284.4,229.7,692.7,325.5,261,586.5,4509.7,539.6,45.4,53.7,638.7,62,99.7,69.4,231.1,59.5,42.5,102,129.2,19.2,19,97.7,80.4,216.3,81,69.6,150.5,1467.8,827.8,110.3,62.3,1000.4,150.8,188,131.2,470,92,65.7,157.8,187.3,29.4,54.6,137.4,121,342.5,298,141.9,439.9,2597.8,147.4,14.4,18.1,179.9,22.8,23.9,25.5,72.1,24.7,5.2,29.9,NA,10.2,10.4,38.5,NA,NA,21.1,18.4,39.5,431.3,95.7,NA,NA,101.1,7.9,19.2,18.1,45.2,7.6,5,12.6,NA,2.1,5.1,6,NA,NA,21.3,24.9,46.2,245.3,149,12.6,12.8,174.3,18.1,29.6,24.2,71.9,18.3,9.2,27.6,32.2,5.3,7.9,15.4,10.3,38.9,36,20,56,400.8,7237.3,819,673.7,8730.1,970.6,1479.3,1167.4,3617.3,1078.1,607,1685.1,1614.1,366.3,374,1252.6,1162,3154.9,1673.4,1237.9,2911.3,21712.8
41091,2161.7,268.8,220.6,2651.1,318.7,436.1,348.9,1103.7,376,182.5,558.5,470.1,122.9,96.4,335.9,351.1,906.3,536.5,382.5,919,6608.7,1800.6,162.6,138.5,2101.7,239.7,388,323.6,951.3,313.5,182.9,496.4,336,86.1,93.4,327.8,305.4,812.7,379.9,301.6,681.5,5379.5,1526.2,NA,NA,1882.7,171.4,298.7,252.5,722.6,195.2,94.3,289.4,294.8,83.6,95.3,297.6,220.9,697.4,329.2,254.6,583.8,4470.7,539.7,45.1,62.8,647.6,64,101,60.1,225.1,56.7,42.4,99.1,114.3,17.2,17,101.8,75,211,82.3,68.7,151,1448.1,831.9,109.2,66.7,1007.8,147.1,198.8,137.4,483.2,90.3,71.6,161.8,175,31.8,60.3,127.9,113.5,333.6,305.8,138.1,444,2605.4,148,14.6,12.8,175.4,22.6,23.1,27.1,72.8,23.3,5.4,28.7,NA,10.1,9.7,37.4,NA,NA,22.1,22.7,44.8,423.2,95.3,NA,NA,100.9,8.9,19,18,45.9,7.9,4.7,12.6,NA,1.8,4.7,5.6,NA,NA,18.9,26.3,45.2,240.6,148.4,12.3,15.9,176.6,19.9,30.9,24,74.8,19.5,9,28.5,29.4,5.1,8.7,11.8,9.7,35.3,31.9,20.2,52.1,396.7,7251.8,817.3,674.7,8743.8,992.3,1495.6,1191.6,3679.4,1082.3,592.7,1675,1460.9,358.7,385.7,1245.9,1102.3,3092.5,1706.6,1214.6,2921.3,21573
41122,2157.6,268,218.2,2643.8,320.1,434.7,357.1,1112,367.4,180.5,547.9,486.7,116.2,99.3,344.3,354.4,914.3,529.8,369.9,899.7,6604.4,1805.4,164.3,135.8,2105.4,229.8,387.3,312.9,929.9,308,183.2,491.2,363.1,86.9,94.1,324.2,300.7,805.9,367.7,296.3,663.9,5359.4,1533.5,NA,NA,1895.3,169.2,281.7,262.2,713.1,192.8,95.5,288.3,311.1,83.2,93.3,300.2,212.5,689.2,326.6,261,587.5,4484.5,540.5,45.1,63.4,649.1,66.3,97,64.5,227.8,57.3,40.6,98,122.7,15.6,18.5,100,72.6,206.7,83.8,68.9,152.7,1456.9,837.9,108.3,70.4,1016.6,145.7,198.8,138.4,483,89.6,73.1,162.7,183.2,30.6,62.2,126.6,113.1,332.6,307.2,137.9,445.1,2623.2,148.3,14.5,12.3,175.1,20.6,22.5,27.7,70.8,23.1,5.5,28.7,NA,10,10.6,36,NA,NA,22.8,22.4,45.2,422.7,94.8,NA,NA,100.4,7.4,18.4,18,43.8,8.1,4.6,12.7,NA,2.1,4.8,5.5,NA,NA,17.9,26.6,44.4,238.9,151,12.6,17.1,180.8,19.1,29.7,24.5,73.3,21.2,9,30.2,31.8,5.5,8.8,12.4,9.1,35.9,36.9,20,56.9,408.9,7269.1,817.1,680.2,8766.4,978.2,1470.1,1205.5,3653.8,1067.6,592.1,1659.6,1543.1,350.2,391.6,1249.3,1089.5,3080.7,1692.6,1202.8,2895.4,21599
41153,2164.7,274.8,217.6,2657.1,309.5,443.9,372.5,1125.8,379.7,172.3,552,480.1,117.4,111.2,349.1,364.2,942,504.1,373.8,877.9,6635,1819.7,160,136.7,2116.3,225.5,386,317.8,929.3,304.4,182.8,487.2,358.3,89.4,87.3,323.7,291.5,791.9,373,297.9,670.9,5353.9,1533.2,NA,NA,1906,170.1,293.7,260.5,724.3,182,93.2,275.2,309.5,86.4,94.7,303,216.7,700.8,344.2,254.1,598.3,4514.1,543.7,45.3,63.8,652.7,68.6,94,68.5,231,54.9,41.2,96,118.1,14.8,18.5,100.8,70.1,204.2,87,69.1,156.1,1458.2,843.4,106.9,70.7,1021,163.1,198.6,145,506.7,88.4,71.1,159.5,184.3,31,63,130.2,118.2,342.4,311.3,133.4,444.7,2658.6,147.5,14.4,11.2,173.1,21.2,23.4,25.9,70.6,22.8,5.4,28.2,NA,9.7,10.1,39.1,NA,NA,23.1,22.1,45.2,422.1,95.6,NA,NA,101.1,7.8,17.5,18.2,43.5,7.7,4.8,12.5,NA,2,4.8,5.6,NA,NA,18.4,26.4,44.9,238.5,150.6,12.6,16,179.2,20.9,27.4,24.8,73.1,19.4,9,28.4,31.2,5.6,8.4,12.2,9.1,35.3,37.5,19.4,56.9,404.1,7298.2,820.6,687.8,8806.7,986.8,1484.4,1233.2,3704.3,1059.3,579.6,1639,1525.4,356.3,398.1,1263.7,1096.1,3114.2,1698.6,1196.2,2894.9,21684.5
41183,2164.4,270.1,223.9,2658.4,316.7,438,350.1,1104.8,367.8,165.5,533.3,478.8,117.6,107.3,349.5,373.8,948.2,510.4,368.3,878.7,6602.1,1816.6,156.4,141.4,2114.3,224.2,382.7,301.7,908.7,311.3,179.8,491.1,355.5,87.6,83.3,321.9,283.2,776.1,374.3,304.3,678.5,5324.2,1545.3,NA,NA,1931.6,175.2,289.8,254.5,719.5,192.2,92.6,284.8,312.5,82.9,95.2,299.4,208.5,686,328.4,260.1,588.5,4522.9,546.7,44.8,62.7,654.1,55.5,87.8,68.8,212,51.3,41.9,93.2,119.2,20.2,19.2,96.5,70.2,206.1,87.6,67.9,155.5,1440.2,858.1,108,90.5,1056.6,146.2,196.7,149.5,492.3,86.9,70.9,157.8,180.9,30.6,63.6,135.7,114.9,344.8,308.5,136.9,445.4,2677.7,150.7,14.5,10,175.2,19.4,21.5,24.8,65.7,29.1,5.3,34.5,NA,9.6,9.7,30.3,NA,NA,23.3,22.5,45.8,415.3,100.2,NA,NA,106.4,6.8,19.2,16.6,42.6,8,4.6,12.7,NA,2.5,5,6.2,NA,NA,16.4,25.2,41.6,241.7,150,12.3,14,176.3,19.7,26.7,25.7,72.2,19.6,9.6,29.2,30.8,5.6,8.7,12,8.8,35.1,33.4,18.8,52.2,395.7,7332,813.2,727.8,8873,963.6,1462.5,1191.8,3617.8,1066.3,570.2,1636.5,1521.3,356.5,392,1251.5,1085,3085.1,1682.3,1203.8,2886.1,21619.9
41214,2154.5,267.8,219.4,2641.7,310.4,437.7,346,1094.1,372.6,163.2,535.8,482.1,114.3,104.5,355.9,389.7,964.5,510.4,368.4,878.8,6596.9,1827.2,167.5,137.7,2132.5,216.7,386.1,302.5,905.2,317,170.9,487.8,354.7,86.7,83.6,311.8,294.9,777,375.7,303.2,679,5336.3,1547.6,NA,NA,1928,170.3,288.7,246,705,191.6,92.6,284.2,308.5,82.9,93.2,304.2,206,686.3,321.6,266.5,588,4500,546.1,45.8,61.6,653.4,51.6,86.2,67.6,205.4,52.4,39.3,91.8,118.7,18.9,19.4,95.9,67.1,201.3,91,66.3,157.3,1427.9,855,105.7,85.1,1045.7,144.6,197,150,491.6,85.6,70.8,156.5,179.8,30.1,62.1,135.9,115.1,343.3,299.6,136.1,435.6,2652.4,151.5,15.1,9.9,176.5,18.9,23.5,24.1,66.5,29.1,5.2,34.3,NA,9.4,9.8,28.5,NA,NA,23.2,22.5,45.6,415.5,97.3,NA,NA,103.5,6.6,17.9,17.6,42.1,8,4.5,12.5,NA,2.2,5,6.3,NA,NA,18.9,25,43.9,239.2,150.9,12.6,13.8,177.3,20.9,26.4,25.4,72.7,19.5,9.3,28.8,30.5,5.5,7.6,11.9,9,33.9,37.4,18.6,56,399.2,7330.1,821.7,706.8,8858.6,940,1463.5,1179.2,3582.7,1075.8,555.9,1631.7,1517.3,350.1,385.3,1250.5,1107.1,3093,1677.7,1206.6,2884.3,21567.5
41244,2147.7,265.2,219,2631.9,312.7,444.1,357.2,1114,376.8,166.3,543.2,485.1,103.8,99.3,332.6,393.7,929.4,514,374.3,888.3,6591.8,1823.9,169.9,126.1,2119.9,217.8,382.1,313.4,913.3,321.1,172.1,493.3,357.4,84.3,84,327.5,290.4,786.2,374.2,296.9,671.1,5341.1,1551.2,NA,NA,1938.6,174.4,285.5,252.4,712.3,195,99,294,311.2,78.2,93.3,305.5,215.1,692.1,314.2,268.9,583.1,4531.3,545.1,46.2,61.2,652.5,52.3,95,70.2,217.5,49.9,40.7,90.6,119.9,19.5,21.8,95.2,65,201.5,88.8,65,153.9,1435.8,859.9,108.1,82.4,1050.4,136.5,199.7,154.2,490.4,84.9,74.2,159.1,179.9,28.7,64.5,135.2,118.6,347,286.4,138.9,425.4,2652.1,152.7,14.6,9.7,177.1,20.9,24.5,24.8,70.1,32.6,5.3,37.9,NA,9.3,10,29.3,NA,NA,23.8,22.5,46.3,424.6,97.3,NA,NA,103.8,7,19.2,17.6,43.7,8.2,5.1,13.3,NA,2.1,5.1,6.5,NA,NA,19.3,24.6,43.9,242,142.4,13,12.7,168.1,20.1,27.8,25.6,73.5,19.2,9.7,28.9,31,5.1,7.5,11.4,9.2,33.2,38,18.7,56.7,391.3,7320.2,832.9,689,8842.1,941.6,1477.8,1215.4,3634.8,1087.8,572.4,1660.2,1527.8,330.8,385.5,1243.2,1116.9,3076.4,1658.7,1209.9,2868.6,21610
41275,2170.1,273,236,2679.2,302.6,443.5,343.4,1089.6,376.7,174.3,551,473.7,112,107.6,356.3,402.1,978,527.4,350.8,878.2,6649.6,1836.7,165.7,143.1,2145.6,233.1,388.9,326.2,948.1,333.4,168.6,502.1,347.9,80.5,78.7,304.8,288.5,752.6,371,298.3,669.3,5365.5,1549,NA,NA,1932.3,177,285.3,253.4,715.7,193.6,99.6,293.2,305.3,77.5,93.8,307.6,222.4,701.3,329.9,276.2,606.1,4553.8,550.3,41.3,62,653.6,55.6,92.1,68.8,216.5,45.6,42.8,88.4,114.3,22.5,23,102.5,67.5,215.5,90.2,65.2,155.4,1443.6,866.2,109,85.8,1061,150.3,201.2,158.1,509.6,85.1,68.9,154,181,27.9,60.1,132.1,114.9,335.1,280.4,132.3,412.7,2653.3,153.1,14.4,10.1,177.6,19.7,24.9,24.9,69.5,30.7,5.4,36.1,NA,9.7,9.8,28.3,NA,NA,22.6,26.4,49,424.9,99.9,NA,NA,106.8,5.7,17,18.6,41.3,7.6,6.8,14.4,NA,2.3,6.5,6.9,NA,NA,18.9,24,42.9,245.9,152.3,10.8,13.5,176.6,24,28,26,78,19.2,9.8,29,29.9,5.7,6.6,11.1,9.6,33,39,17.8,56.8,403.2,7377.6,821.7,733.2,8932.6,967.9,1481.1,1219.4,3668.3,1091.9,576.2,1668.1,1495.6,338.2,386,1249.6,1131.2,3105.1,1679.3,1190.9,2870.3,21739.9
41306,2180.9,268,239.5,2688.4,311.3,472,337.2,1120.6,396.7,171.4,568.1,501.3,113.7,113.9,366,409.7,1003.3,508.3,362.8,871.1,6752.8,1865.3,170.6,137.6,2173.5,230.7,391.8,309.3,931.9,343.7,169,512.8,355.3,85.7,82.2,303.8,279.3,751,386.7,296.1,682.8,5407.2,1553.1,NA,NA,1929.4,188.6,298.3,269.1,756,189.5,105.8,295.3,330.5,78.4,98.2,301.9,222,700.5,344.1,287.6,631.7,4643.3,550.7,42.3,57.3,650.2,56.4,89.7,63.8,209.9,43.3,42.6,85.9,119.9,22.5,22.4,104.2,61.7,210.7,89.9,64.5,154.5,1431.1,874.5,108.5,84.5,1067.5,149.6,199.5,153,502.1,85.1,71.4,156.5,184.1,29.3,59.9,136.7,113.1,339,295.3,133.7,429,2678.2,151.6,14.6,10.6,176.9,22.7,23.7,25.4,71.8,32.2,5.1,37.3,NA,10,11.1,27,NA,NA,23.4,23.9,47.3,425,98.8,NA,NA,105.8,5.8,16.8,18.6,41.2,7.3,5,12.2,NA,2.4,5.6,7.2,NA,NA,17.3,24,41.4,240.7,157.4,10.8,13.6,181.7,20.6,28.6,24.1,73.3,20.1,9.6,29.7,31.7,5.8,7.6,12.3,9.5,35.2,40.5,17.5,58.1,409.8,7432.3,821.4,719.7,8973.4,985.8,1520.4,1200.6,3706.8,1118,579.9,1697.8,1566.2,347.9,400.8,1259.2,1120.3,3128.2,1705.6,1210.1,2915.7,21988.2
41334,2199.2,272.7,237.2,2709.1,310.2,442.4,357.6,1110.2,375.6,168.6,544.1,481.5,103.4,110.3,364.7,420.2,998.6,497.5,371.3,868.8,6712.5,1890.5,174.3,142.7,2207.5,219.7,394.1,304,917.8,316.8,165.7,482.5,359,80.6,79.3,299.5,283.2,742.7,376.9,298.4,675.3,5384.8,1542,NA,NA,1924.1,184.3,277.8,270.1,732.2,172.2,99.5,271.7,315,73.1,102.4,296.3,224.4,696.3,342.9,294.8,637.7,4576.9,552.9,42.2,58.1,653.2,57.5,96.6,58.3,212.4,42.2,41.6,83.9,120.4,22.1,23.8,104.4,62.9,213.3,88,64.9,152.9,1436.1,866.5,109.5,86.6,1062.6,152.2,198.3,157.2,507.7,84.7,67.3,152,185.4,29.3,61,139.4,110.5,340.3,295.8,135.1,430.9,2678.9,152.5,14.9,11.3,178.7,20.5,25.6,27.8,73.9,28.5,5.1,33.6,NA,9.5,10.5,24.7,NA,NA,23.7,23.4,47.1,422,100.5,NA,NA,107.7,6,16.1,17.9,39.9,7.3,4.3,11.6,NA,2.5,5.7,7,NA,NA,18.4,23.8,42.3,241.8,154.4,11.2,13.4,179.1,19.4,27.5,26,73,19.6,9.2,28.7,31,5.6,7.6,12.2,9.7,35.1,44.7,19.6,64.2,411.1,7458.6,840.5,722.9,9022,969.8,1478.4,1218.9,3667.1,1046.9,561.2,1608.1,1536.4,326.2,400.7,1248.2,1136,3111.2,1688,1231.3,2919.4,21864.1
41365,2214.4,276.3,244.2,2734.9,313.8,440.6,321.8,1076.2,398.7,169,567.7,479.2,104.9,124.1,374.9,419.4,1023.4,485.1,375.8,861,6742.3,1866.5,159.7,149.9,2176,218,381.6,320.3,920,329.8,156.7,486.5,359.3,62.5,84.8,304.1,287,738.4,390.7,295.2,685.9,5366,1550.8,NA,NA,1922.9,179.8,275.7,277.5,733,185.6,104.7,290.3,309.2,78.9,97.6,286.7,232.1,695.3,352.7,302.1,654.8,4605.5,562.7,42.7,53.3,658.7,54.6,95,63.7,213.3,42.4,41.8,84.2,115.2,22.1,22.2,102.7,66.2,213.2,91.9,59.7,151.6,1436.2,852.5,110,81.9,1044.4,150.1,202.4,170.9,523.4,83.7,69.8,153.5,168,32.3,64.9,139.5,109.5,346.2,290.5,131,421.5,2657,152.1,14.1,11.2,177.4,13,28,33,74,33,5.3,38.3,NA,9.4,10,19.9,NA,NA,22.8,21.6,44.4,417.6,99.2,NA,NA,106.6,5.4,15,17.5,38,7.6,4.5,12.2,NA,2.7,5.6,7.2,NA,NA,18.5,22.4,41,238.2,157.3,11.3,15.8,184.5,20.6,27.5,27,75.1,19.2,9.2,28.5,29.7,5.4,7.6,12.1,10.6,35.8,40.3,18.7,58.9,412.4,7455.6,817.8,732.1,9005.5,955.4,1465.8,1231.8,3653,1100.1,561,1661.1,1503.4,318.3,416.8,1247.1,1151.1,3133.2,1692.6,1226.5,2919.1,21875.2
41395,2208.7,266.1,243.4,2718.2,319.9,431.9,315.4,1067.1,405.2,171.5,576.8,483.5,97.9,118.6,392.2,424,1032.7,488,373.8,861.8,6740,1857,161.8,156.3,2175.2,216,392.4,324.3,932.7,340.5,152.7,493.1,357.6,67.8,84.5,323.4,288.3,764,398.4,288.4,686.8,5409.3,1539.3,NA,NA,1919.4,177.8,282.6,279.1,739.5,183.6,105.1,288.7,311.3,73.6,99.1,287.1,242.8,702.5,356.5,307.4,663.9,4625.3,568,43.2,54.2,665.4,54.2,94.7,65.7,214.6,42.1,39.6,81.7,115.6,22.7,22.5,104.4,68,217.6,92.5,63,155.5,1450.2,864.6,108.6,86.1,1059.2,151.7,199.7,174.2,525.6,87.8,74.2,162,182.5,32.1,68.5,137.5,109.1,347.2,289.4,139.4,428.8,2705.4,152.8,15.1,11.2,179,12.9,29,32.2,74.1,34.1,5.1,39.2,NA,9.8,8.9,21.7,NA,NA,22.9,22.3,45.1,422.7,99.9,NA,NA,107.2,7.6,15.4,17,40,7.7,4.4,12.1,NA,2.5,5.8,5.9,NA,NA,19.5,22.8,42.3,240.4,158.4,11.4,14.6,184.5,20,27.7,26.6,74.3,20,9.3,29.3,30.3,4.7,7.4,12.2,10.4,34.8,38.1,18.3,56.4,409.5,7448.8,812.8,746.5,9008.1,960,1473.3,1234.6,3667.8,1121,561.8,1682.8,1523.8,311,415.4,1284.5,1169,3180,1705.2,1235.3,2940.5,22003
41426,2213.8,271,241.7,2726.5,327.3,437.7,314.4,1079.4,403.5,174.5,578.1,490.6,87.3,114.7,384.1,419.2,1005.2,480.4,375.8,856.2,6736,1865.1,163.3,155.9,2184.3,223,394.2,325.9,943.1,338.3,157.8,496,357.5,66.5,86.2,315.3,272.2,740.3,402.5,290,692.5,5413.7,1546.2,NA,NA,1920.9,173.5,280.3,270.1,723.9,184.8,106.3,291.1,314.5,78.4,101.8,285.3,238.5,704,370.4,313.5,683.9,4638.4,567.6,42.6,53.8,664,56.3,93.4,65.9,215.7,43.4,41.6,85,119.9,22.4,21,101,64.7,209,94.9,65,159.9,1453.4,866,109.9,86,1061.9,147.6,193.1,169.9,510.6,86,72.8,158.8,181.5,31.3,59.3,136.6,108,335.1,289.4,141.6,431,2678.9,152.1,14.9,10.9,177.8,13.5,27.7,34.1,75.3,33,5.4,38.3,NA,9.7,9.2,21,NA,NA,23.1,22.2,45.3,421.1,99.9,NA,NA,107.2,6.2,15.3,16.2,37.7,7.6,4.5,12.1,NA,2.4,6,6.8,NA,NA,20,22.8,42.8,240,157,11.3,14.8,183.2,19.2,30.1,26,75.2,19.7,9.8,29.5,30,5.3,7.9,11.9,11.1,36.2,40.7,18.2,58.9,413.1,7467.7,823.9,734.3,9025.9,966.6,1471.9,1222.6,3661,1116.3,572.8,1689,1538,303.4,406,1261.9,1139,3110.3,1721.3,1249.2,2970.5,21994.7
41456,2222.9,273,248.7,2744.6,315.3,440.6,328.5,1084.4,424.5,175,599.5,458.5,89.3,115.1,352.7,426.9,984,506,363.8,869.7,6740.7,1881.3,165.2,158.2,2204.7,221.7,405.1,340.4,967.2,341.7,162.9,504.5,329.9,62.5,75.8,321.9,292.3,752.5,383.3,282.8,666.1,5424.9,1562.2,NA,NA,1923.6,175.1,307,278.7,760.7,182.9,103.6,286.5,286,75.9,105.6,287.6,242,711.2,360,312.7,672.8,4640.7,576.6,44.6,56.4,677.6,57.8,95.7,66.1,219.5,44.1,41.8,85.9,111.4,22.9,22.3,107.5,67.8,220.5,97.5,68.6,166.1,1481.1,871.6,109.5,82.7,1063.9,153,187.4,164.1,504.6,87.6,67.7,155.4,171.6,30.7,55.1,135.1,110.3,331.2,295.5,145.3,440.9,2667.6,155.7,NA,NA,183.2,16.1,31.4,33.4,80.8,34.9,5.3,40.2,NA,9.5,9.4,18.3,NA,NA,23.9,23.2,47.1,430.5,107.6,NA,NA,115.3,6.4,15.9,18.5,40.7,7.6,4.5,12.1,NA,2.4,6.4,9.7,NA,NA,21.6,15.5,37,248.3,158.9,11.6,15.4,185.9,18.2,28.5,25.3,72,19,9.5,28.5,29.2,5.2,6.3,12.5,11.2,35.2,42.1,17.9,60,410.7,7536.9,833.8,728,9098.7,963.6,1511.5,1254.9,3729.9,1142.2,570.4,1712.6,1427.5,298.5,396,1245.3,1176.2,3116.1,1729.8,1229.9,2959.8,22044.6
41487,2221.2,275.2,258.4,2754.7,310.4,435.9,337,1083.4,428.9,172.3,601.2,484,89.6,126,352.5,404.5,972.6,538,371.9,909.9,6805.9,1889,163.5,164.9,2217.4,223.6,410.8,340.1,974.5,360.9,169.4,530.3,354.8,61,80.5,316.2,272.1,729.8,363.6,283.5,647.1,5453.9,1574.4,NA,NA,1937.9,176.7,288.5,293.7,758.9,182.6,104.8,287.4,309.1,73.3,116.5,280.7,239.2,709.7,356.5,318.8,675.2,4678.2,574.3,43.8,54.2,672.2,57.9,96.1,67.2,221.2,43.3,42.7,86,116.8,24.5,21.4,106.6,65.9,218.5,95.6,69.3,164.9,1479.6,873.7,109.2,81.2,1064.2,156.8,191.5,162.3,510.5,86.7,68.8,155.5,176.5,31.9,59.2,135.2,107.7,334,297.6,149.2,446.8,2687.6,157,NA,NA,184.5,16,32.3,33.5,81.9,34.5,5.4,39.8,NA,10.2,9.7,17.4,NA,NA,23.6,23,46.7,434.7,109,NA,NA,116.8,6.4,15,19.4,40.8,8.7,4.6,13.2,NA,2.2,6.6,11,NA,NA,19.9,17.3,37.2,252.1,158.5,11.4,15.4,185.2,17.5,26.8,27.1,71.5,21,9.9,30.9,29.9,5.2,7.3,12.7,11.2,36.4,40.6,17.2,57.8,411.6,7557.1,834,741.8,9132.9,965.4,1497,1280.3,3742.7,1166.6,577.8,1744.4,1513.6,297.9,427.3,1232.3,1126.8,3084.3,1735.4,1250.2,2985.6,22203.5
41518,2235.6,276.6,248.8,2761,313.8,431.9,330.3,1075.9,452.2,178.9,631.1,511,94.4,118.2,367.2,405.6,985.4,543.3,366.5,909.8,6874.3,1892,161.2,164.6,2217.7,219,408,340.6,967.6,376.1,161,537.1,362.9,57.2,84.2,335.5,286.9,763.7,384.2,279.5,663.7,5512.7,1573,NA,NA,1938.5,181.1,289.8,269.7,740.5,186.1,105.5,291.5,313.1,72.1,121.2,292.8,255.2,741.2,370.1,317.6,687.6,4712.5,575.7,43.5,54.6,673.9,56.8,94.1,68,218.9,45.1,43.3,88.4,117.5,22.7,24.4,110.3,70,227.5,90.8,69.4,160.2,1486.4,864.2,109.2,79.6,1053.1,160.3,189.7,160.7,510.7,85.5,67.4,152.9,180.3,32.1,55.3,136.9,108.6,332.9,286.5,147.9,434.3,2664.1,158.8,NA,NA,186.2,16.5,31.8,32.6,80.9,32.7,5.2,37.9,NA,10.2,9.8,19.1,NA,NA,23.5,23.1,46.6,435.6,110.1,NA,NA,118.2,6.3,14.8,18.3,39.4,8,4.7,12.7,NA,2.2,6.5,10,NA,NA,21.4,16.4,37.8,252.5,158.7,10.9,15.9,185.6,18.3,28.7,27.6,74.6,21.2,10.2,31.4,30.5,4.8,6.9,12.1,11.8,35.6,39.6,16.7,56.3,414,7568,832.2,734,9134.2,972.1,1488.8,1247.7,3708.6,1206.9,576,1782.9,1559.5,295.8,426.6,1283.8,1164.4,3170.6,1759.3,1237.1,2996.4,22352.2
41548,2234.5,267.6,238.1,2740.2,333.2,418.1,332.5,1083.8,458.7,177,635.7,489,95.8,124,367.9,420.8,1008.5,565.9,375,940.8,6898,1907.2,163.8,177.5,2248.4,214.5,380.2,350.2,945,392.4,144.5,536.9,353.1,59.5,80,329.5,304.3,773.2,397.3,277.8,675.1,5531.7,1564.9,NA,NA,1928.4,179.9,292.5,263.2,735.6,183.4,106.6,290,311.3,69.4,116.9,298.8,263.8,748.9,390.3,320.7,711,4725.2,567.9,44.8,51.5,664.2,56.6,97.6,67.2,221.4,46.8,44.4,91.2,114,19.8,21.8,106.2,71.3,219.1,87.3,75.2,162.5,1472.4,878.3,113.7,89.1,1081.1,162,183,160.5,505.6,94.7,66.9,161.6,182.9,32.5,61.6,129.4,99.4,322.9,294.1,139.9,434,2688.1,159,NA,NA,186,20.3,34.1,31.9,86.2,27.7,6.8,34.5,NA,10.6,9.7,21.3,NA,NA,23.8,24.5,48.3,444.1,110.2,NA,NA,118.4,6.9,14.8,16.7,38.5,8.4,4.7,13.1,NA,1.7,6.7,10.2,NA,NA,22.4,15.3,37.7,251.2,161.3,10.6,15.5,187.3,17.2,32,23.9,73.2,21.4,9.8,31.2,28.8,4.8,6.7,13.5,9.9,34.9,44.4,19.2,63.7,419.1,7583.2,834.4,736.3,9154,990.6,1452.4,1246.2,3689.2,1233.5,560.7,1794.2,1520.8,294.1,427.3,1276.8,1200,3198.2,1825.6,1247.6,3073.2,22429.7
41579,2239.8,256.7,229.2,2725.7,334.1,429.8,338.7,1102.6,460.3,182.7,643,484,103.6,129.5,367.2,431,1031.3,587.5,387.4,974.9,6961.4,1911.2,163.4,181.8,2256.5,215.3,388.2,352.6,956.1,400.2,147.9,548.1,354.1,61.2,83.8,333.6,321.3,800,406,281.4,687.4,5602.2,1574.5,NA,NA,1926.3,183,294.3,260.6,737.9,190.1,105.5,295.6,302,70.6,121.2,301.3,265.9,758.9,407.5,310.2,717.7,4738.4,573.6,44.2,53.8,671.6,58.3,98.9,71.4,228.5,46.6,44.5,91,115.7,17.9,22.4,108,70.2,218.6,85.7,78.1,163.9,1489.3,880.1,115.9,88,1083.9,158.1,194.7,162.2,515,98.5,66.4,164.9,179.2,33.2,64.4,131.2,111,339.7,302.3,140.9,443.2,2725.9,159.6,NA,NA,187.4,19.3,32.2,31.5,83,28.7,6.6,35.3,NA,11.2,10,22.8,NA,NA,24.6,24.4,49,447.3,110.8,NA,NA,119.2,6.7,14.8,17.7,39.2,8.6,4.7,13.2,NA,1.6,6.3,9.8,NA,NA,20.7,15.5,36.2,252,162.7,10.8,14.7,188.1,17,32.7,22.8,72.5,21.5,10,31.6,30.5,4.9,7.2,14,10.5,36.6,38.1,17.6,55.7,415,7612.3,823.6,722.8,9158.7,991.7,1485.7,1257.4,3734.7,1254.5,568.3,1822.8,1507.7,304.3,444.6,1288,1242.6,3279.6,1872.4,1255.5,3127.9,22631.3
41609,2332.9,262.5,220,2815.4,347.5,437,362.4,1146.8,435.5,181.2,616.7,493.8,103.9,131,366.9,424.7,1026.6,623.6,380.9,1004.5,7103.9,1978.3,171.8,191.6,2341.7,215.6,387.2,364.2,966.9,384.3,142.9,527.2,356.2,59.8,82.9,333.2,298.8,774.7,414.3,287.3,701.6,5668.4,1622.2,NA,NA,1970.2,184.8,286.7,266.9,738.4,183.7,102.5,286.2,307.5,71.1,123.7,295.5,251.2,741.5,400.9,316.1,717,4760.8,577,44.7,51.7,673.3,59.2,97.2,71.8,228.2,48.9,41.7,90.6,115.8,14.1,22.7,106.5,71.9,215.2,86.5,79.6,166.1,1489.3,905.9,114.4,88.3,1108.6,156.2,186.6,163,505.7,95.4,64,159.4,177.5,32.7,64.6,128.1,107.9,333.3,306.9,135.4,442.2,2726.7,165.5,NA,NA,193.2,21.1,31.4,31.8,84.4,30,7,37.1,NA,11.7,10.3,22.9,NA,NA,24.9,25.2,50.1,458.3,109.7,NA,NA,117.9,7,15,17.7,39.6,8.2,4.6,12.8,NA,1.8,6.7,10.2,NA,NA,21.1,13.3,34.4,248.3,164.2,12.8,14.1,191.1,17.5,34.1,24.1,75.8,21.3,10,31.3,30.8,5,7,14.3,10.1,36.5,37,17.2,54.1,419.7,7855.7,837.8,718.1,9411.6,1008.9,1475.2,1301.7,3785.8,1207.4,554,1761.3,1524.1,300.2,449,1277.6,1195.7,3222.5,1915,1255,3170.1,22875.4
41640,2347.2,273.5,233.1,2853.8,361.6,435.1,386,1182.8,451.9,183.1,635,494,104.2,138.3,373.5,433,1049,626.9,388.5,1015.5,7230,2003.2,171.3,184.6,2359.1,221.1,373.1,367.9,962.2,382.9,145.8,528.6,361.4,76,85.2,340.3,282.5,784,429.1,298.4,727.5,5722.9,1619.4,NA,NA,1983.6,181,302.7,260.5,744.2,180.3,99.9,280.2,307.7,69,126.8,297.6,246.3,739.8,423,314.1,737.1,4792.6,579.5,45,66.4,690.9,60.2,100.7,64.2,225.1,54.9,39.7,94.7,118.3,15.4,21.8,97.3,69.2,203.6,88.1,83.4,171.5,1504.1,899.5,125.7,86.5,1111.7,164.7,184.7,160.8,510.2,87.5,65.1,152.6,176.8,33.6,62.8,129.6,108.6,334.5,299.2,130.8,429.9,2715.7,168.1,NA,NA,197.6,22.2,29.9,32.9,85,29.6,7.9,37.5,NA,10.2,10.4,21.5,NA,NA,25.3,24.9,50.2,461.1,111.4,NA,NA,120.7,8.1,15.7,18,41.7,8.2,4.7,12.9,NA,1.6,7.1,10.8,NA,NA,24.3,14.6,38.9,259.4,164.8,11.6,14.3,190.7,16.4,32,22.8,71.3,21.2,10.3,31.5,30.7,5.6,6.9,13.9,10.2,36.6,36,16.9,52.9,413.6,7893,862.5,752.4,9508,1035.4,1473.9,1313.1,3822.4,1216.4,556.4,1772.9,1533.2,315.5,459.4,1284.4,1180,3239.3,1952,1271.6,3223.6,23099.3
41671,2329.6,266.6,226.4,2822.6,374.1,437.9,383.1,1195.1,454.9,185.1,640,482.1,106.5,129.7,372.6,447.6,1056.4,639.9,399.6,1039.5,7235.7,1962.6,169.3,186.3,2318.1,222,383.9,376.9,982.8,387.3,150.5,537.9,358.6,69,84.6,347.3,310.5,811.4,428.4,283.4,711.8,5720.5,1628.2,NA,NA,1981.4,186.1,302.1,268.5,756.6,185,101.4,286.4,303.5,69.4,129.9,303.7,238.3,741.1,414.9,315.8,730.7,4799.8,588.1,44.9,54,686.9,58.2,98.6,63.6,220.4,52.7,36.5,89.2,112.3,16.8,21.8,101.8,68.6,209,89.6,84.8,174.5,1492.2,895.2,118.9,89.8,1103.9,163.5,188.3,168.7,520.5,90.4,68.2,158.6,174.4,35.3,66.5,130.2,111.5,343.4,298.4,125.1,423.5,2724.4,166.9,NA,NA,195.8,20.2,30.7,35,85.9,28.3,6.9,35.2,NA,9.6,10,22.3,NA,NA,25.8,24.2,50,454.7,109.8,NA,NA,119,8.6,15.9,17.3,41.7,8,4.6,12.7,NA,1.5,7.4,11.3,NA,NA,20.6,15.4,35.9,255,166.1,10.9,13.3,190.2,16,30.5,23.2,69.7,20.6,9.9,30.5,30.1,5.4,7,14,11.3,37.7,36,15.9,51.9,410.1,7846.4,844.7,726.9,9418,1048.6,1487.9,1336.4,3872.8,1227.3,563.2,1790.5,1502.6,313.5,456.7,1303.2,1217.5,3290.8,1953.6,1264.1,3217.7,23092.5
41699,2341.3,270.8,231,2843.1,397.2,446.9,368.5,1212.6,454.4,188.1,642.4,473.2,107.3,144,368.2,453.3,1072.8,652.7,405.1,1057.7,7301.8,1979.1,172.1,186.7,2337.9,229.1,377,379,985.1,366.1,146.2,512.3,351.4,66,84,341.7,301.5,793.3,448.7,277.1,725.8,5705.7,1633.3,NA,NA,1984.2,184.7,311.3,267.8,763.9,181.2,104,285.2,298.3,72.9,112.6,294.1,248.1,727.6,423.9,317.5,741.4,4800.5,591.4,42.8,52.5,686.7,57.1,90.7,62.2,209.9,53.5,36.5,90,111,17.3,21.8,104.1,66.7,209.9,92.8,82.7,175.6,1483.1,890.2,116.5,88.5,1095.2,161.7,184.1,166.7,512.5,90.8,68.4,159.2,174.4,34.4,63.5,124.4,105.6,327.9,294.2,127.6,421.7,2690.9,168.8,NA,NA,197.1,22.4,30.9,34.1,87.3,28.9,6.8,35.7,NA,8.7,9,22.4,NA,NA,25.7,24.6,50.3,458.2,110,NA,NA,119.3,7.9,15.2,18,41.2,8.1,4.6,12.8,NA,1.4,7.5,11.1,NA,NA,21.4,16.1,37.5,256.7,165.6,11.4,13.3,190.3,17,30.3,23.2,70.5,20.9,10.1,31,29.9,5.3,6.4,14.2,10.9,36.8,35.9,15.3,51.2,409.7,7879.8,845.2,728.8,9453.8,1076.9,1486.4,1319.6,3882.9,1203.9,564.6,1768.6,1479.1,313.3,448.8,1280.3,1218.7,3261.1,1995.2,1265.9,3261.1,23106.6
41730,2344.9,272.8,211,2828.6,365.4,455.4,376.4,1197.2,452.3,192,644.3,494.9,106.9,137.6,355.8,462.5,1062.9,663.7,403.5,1067.2,7295.3,1977.6,177.1,192.3,2346.9,221.7,378.3,376.1,976.2,363,145.8,508.8,371.2,64.2,90.6,344.9,317.5,817.3,445.4,289,734.5,5754.8,1646.7,NA,NA,2002.2,181,314.6,275.8,771.4,176.8,99.4,276.1,302.7,62.7,119.3,288.7,250.7,721.4,412.5,314.8,727.3,4801.1,589.1,46.5,54.8,690.4,55.5,93.4,65.9,214.8,53.8,35.4,89.1,114.3,16.1,24.2,108.8,63.6,212.8,83.2,81.3,164.5,1485.8,880.6,118.2,84.7,1083.5,152.6,193.2,167.2,513,94.5,70.1,164.6,180.3,35.2,62.8,127.1,101.5,326.6,300.5,131.9,432.3,2700.3,167.5,NA,NA,199,23.5,30.3,35.3,89.2,24.7,6.6,31.3,NA,9.2,10.1,23,NA,NA,24.6,24.6,49.2,461,110.4,NA,NA,119.3,8.2,16.1,17.1,41.4,8,4.7,12.6,NA,1.3,7.5,11.4,NA,NA,20.9,15.5,36.4,256.5,162.9,12,12.6,187.4,17.1,30.1,22.3,69.5,21.2,9.9,31.1,30.6,5.4,6.4,14,9.6,35.4,36.2,14.8,51,405,7879.5,861.7,716.1,9457.4,1024.9,1511.6,1336.1,3872.6,1194.2,563.8,1758,1537.2,301.1,458.4,1273.8,1238.9,3272.2,1987,1275.4,3262.4,23159.8
41760,2351.8,278.1,222.3,2852.2,358,447.2,380.6,1185.7,437.5,187.7,625.2,476.4,101,132.8,352.5,460.3,1046.6,659.8,407.7,1067.5,7253.5,1981.7,180.1,183.2,2345.1,220.2,368.6,385.7,974.6,354.5,141.6,496.1,350.6,67.9,81.9,352.4,327,829.2,428.7,296.9,725.6,5721.1,1652.7,NA,NA,2003.4,188.1,311.2,269.7,769,183,100.4,283.4,307.8,68.1,117.8,277.1,248.6,711.7,416.9,313.6,730.4,4805.7,595.3,46.7,53,695,60.8,85.9,61.4,208.1,51.1,34.5,85.6,112.5,16.7,24.5,111.6,65.1,217.9,90.9,82.1,172.9,1492.1,888.5,117,82.3,1087.7,154.7,192.9,170.8,518.4,98.7,68.3,167,177,34.6,63,125.9,100.6,324.1,301.1,130,431.1,2705.3,167.7,NA,NA,197.2,24.7,30.6,35,90.3,24.3,7.1,31.3,NA,8.6,9.9,22.7,NA,NA,26,25.8,51.8,460.6,111.4,NA,NA,120.4,8.6,16.7,17.2,42.5,8.2,4.7,13,NA,1.2,7.1,11.6,NA,NA,20.4,16.1,36.6,259.1,165,11.7,12.5,189.2,17.2,29.4,24,70.7,20,10,30,29.6,5.3,6.8,14.5,9.7,36.3,35.5,15,50.5,406.2,7914,869.2,707,9490.2,1032.4,1482.4,1344.5,3859.3,1177.2,554.3,1731.5,1495.5,303.5,443.7,1268.3,1245.3,3260.7,1979.2,1287.2,3266.4,23103.6
41791,2369,278.7,226.5,2874.2,373.1,450.7,389.4,1213.2,453,187.7,640.7,484.5,104.5,144.6,350.8,457.1,1057,649.2,403.7,1052.9,7322.5,2000,178.5,188.7,2367.2,225.6,382.4,382.1,990.2,362.4,138.8,501.1,346.9,64.5,77.8,343.5,336,821.8,423.3,305.8,729.1,5756.3,1662.3,NA,NA,2014.7,193.5,314.8,272.8,781,180,96.5,276.4,289.7,66.3,109.5,276.5,256,708.4,409.8,311.3,721.1,4791.4,602.2,48.3,51.5,702,54.9,90.7,59.5,205.2,53.6,36.6,90.2,113.2,16.4,24.3,110.5,64.6,215.9,88.8,80.8,169.6,1496,898.4,117.4,84.7,1100.5,157.2,196.8,170.7,524.7,94.2,66.6,160.8,178.6,38.9,62.9,129.2,99,330,302.3,129.4,431.6,2726.2,169.3,NA,NA,198.5,25.2,31.2,37.2,93.6,24,6.6,30.6,NA,8.7,9.8,24.8,NA,NA,26.3,25.4,51.7,466.9,110.6,NA,NA,119.4,8.4,16.5,17.5,42.3,8.2,4.8,13,NA,1.2,6.7,12,NA,NA,20.6,15.7,36.3,258.2,165.2,12.1,12.3,189.6,15.9,30.9,23.1,69.9,20.3,10.1,30.4,29.7,5.1,6.7,15.3,9.5,36.7,35.8,14.6,50.4,406.7,7977.1,872.1,717,9566.2,1053.7,1513.9,1352.4,3920,1195.7,547.6,1743.3,1484.2,305.8,442.4,1262.7,1257.1,3267.9,1956.1,1286.7,3242.8,23224.4
41821,2397.2,278.1,222.1,2897.4,386.7,463.8,398.3,1248.8,437.9,190.4,628.3,511,106.1,132.1,358.5,468.3,1065,655.3,414.7,1070,7420.4,1995.6,181,190.5,2367,216.8,371.3,389.6,977.7,348.6,147.2,495.8,358.8,65.9,79.5,368.5,324.4,838.3,445,316.6,761.6,5799.3,1669.4,NA,NA,2013.6,188.8,307.7,268.8,765.2,195.6,97.9,293.5,312.8,70,112.3,260.7,251.1,694,418.2,310.9,729.2,4808.3,605.7,47.6,50.2,703.5,58.4,91.6,67.9,217.9,63.7,37.3,101,112.5,15.5,24.8,106.6,63.3,210.2,95.5,73.5,169.1,1514.2,905,119,88.4,1112.5,158.7,192.3,170.4,521.4,89.3,69.2,158.5,174.7,39.2,60.9,136.9,96.2,333.2,295.2,132.1,427.3,2727.7,172.4,NA,NA,200.9,24.2,29,38.2,91.5,25.4,6.3,31.7,NA,6.3,10,23.4,NA,NA,25.8,24.5,50.2,464,109.3,NA,NA,117.4,8.3,16.4,17.5,42.2,8.1,4.7,12.8,NA,1.3,6.5,12.5,NA,NA,19.5,15.8,35.3,254,167.3,12.4,11.8,191.5,16.6,30.7,23.8,71.1,20.6,11.1,31.7,30.8,5.2,6.9,16.5,10,38.6,35.9,16.4,52.3,415.9,8021.9,873.8,708.2,9603.9,1058.5,1502.8,1374.6,3935.9,1189.2,564,1753.3,1541.1,309.5,432.9,1283.6,1249,3275,1990.4,1304.5,3294.9,23403.9
41852,2409,272.6,223.2,2904.8,392.4,459.6,375.8,1227.8,445.5,193.3,638.8,481.9,109.6,132.7,357.5,494.4,1094.2,634.8,424.5,1059.3,7406.7,2010.7,180.3,192.8,2383.8,215.5,366.2,399.6,981.3,362,150.2,512.2,348.8,66,79.9,373.3,333.9,853.2,462.6,310.2,772.8,5852.1,1675,NA,NA,2014.2,185.6,302.3,264.7,752.7,186.5,100.2,286.7,300.6,77.8,109.7,262,252.6,702.1,422.3,309.8,732.1,4788.2,606.7,46.6,50,703.4,57.7,91.1,73.6,222.4,68.3,37.3,105.5,108.8,16.3,24.4,103.8,64.2,208.7,87.8,77.8,165.6,1514.4,911.6,121.4,88.1,1121.1,157.6,191.5,182,531.1,84,68.9,152.9,167.8,41,62.3,137.9,93.7,334.9,295.9,131.9,427.8,2735.7,174.1,NA,NA,203.1,23.9,29,40.3,93.2,24.9,6.2,31.1,NA,6.4,9.6,22.8,NA,NA,26,23.9,49.9,464.9,110.5,NA,NA,118.8,8.5,16.5,17.4,42.4,7.9,5,12.9,NA,1.4,6.2,12.7,NA,NA,20.7,16.5,37.3,257.5,168.3,12.7,12.3,193.3,16.9,31.4,24.2,72.5,20.5,11,31.5,29.6,4.9,6.9,16.4,9.5,37.7,35.5,17.8,53.3,417.9,8066.1,865.4,711,9642.4,1058,1487.7,1377.6,3923.3,1199.5,572.2,1771.7,1477.4,323.4,431.7,1286.3,1283.2,3324.6,1985.5,1312.5,3298,23437.4
41883,2400.1,274.7,222.6,2897.5,393.6,510.3,388.6,1292.5,447.9,206.7,654.7,493.5,105.2,131.4,355.1,514.9,1106.6,667,422.7,1089.8,7534.6,2014.5,183.4,191.6,2389.5,212.5,413.9,404,1030.3,343.8,150.3,494.2,358.4,65.9,92.2,373,309.1,840.2,464.8,316.2,781,5893.7,1680.7,NA,NA,2024.6,189.8,321.3,273.9,785.1,186.7,104.5,291.2,305.2,70.7,117.9,271,230.8,690.4,406.8,315.3,722.1,4818.5,608.1,49.2,49.9,707.2,55.4,101.5,68.2,225.1,70.1,37.4,107.5,115,15.8,23.6,106.5,65.4,211.4,84.9,81,165.9,1532.2,916.1,122.6,88.3,1127.1,154.3,207.6,173.4,535.4,91.2,69.6,160.8,178.1,34.3,62.4,129,103,328.7,290.1,134.4,424.5,2754.7,175.9,NA,NA,205.2,24.2,31.9,38.5,94.5,23.7,6.6,30.3,NA,6.3,11,22.8,NA,NA,23.8,24.7,48.6,467.8,110.9,NA,NA,118.9,8.9,16.3,17.6,42.8,8.6,4.9,13.5,NA,1.3,6.4,12,NA,NA,19.7,16.8,36.6,255.5,168.8,13,12.7,194.4,16.8,33.9,24.8,75.5,20.4,11.3,31.7,30.2,5.1,7.6,16,10.1,38.8,36.4,18.4,54.8,425.4,8075.1,882,707.2,9664.3,1055.5,1636.7,1389,4081.1,1192.5,591.4,1783.9,1520.9,304.6,452.6,1285.3,1266.2,3308.8,1993.6,1329.6,3323.2,23682.3
41913,2427.5,287.6,233,2948.1,371,512.7,410.6,1294.3,450.4,207.4,657.8,491.2,102.5,125.1,350.5,553.1,1131.2,629.8,433.7,1063.6,7586.1,2009,191.2,182.3,2382.5,236.9,427.3,401.8,1066,338.2,155.6,493.8,362.5,58.7,79.7,367.1,317.3,822.8,459.6,310.1,769.7,5897.2,1670.7,NA,NA,2017.8,193.7,316,286.7,796.5,188.6,114,302.6,301.5,74.6,132.6,256.1,224.8,688.2,411.4,312.4,723.8,4830.4,609.5,50.6,51.7,711.8,58.2,102,69.9,230.2,75,37.4,112.3,113.5,16.5,21.5,109.6,69.2,216.7,85.7,80.5,166.3,1550.8,913.2,125,88.3,1126.5,147.1,199.7,175,521.7,90.5,69,159.4,174.6,32.9,67,142.7,111.6,354.3,284,141.9,425.9,2762.3,176.7,NA,NA,204.6,24.8,31.4,34,90.2,23.7,6.4,30.1,NA,6.5,8.4,23.9,NA,NA,25.3,23.8,49.1,463.2,113.2,NA,NA,120.5,8.4,15.5,17.6,41.4,7.8,5.3,13.1,NA,1.3,5.8,13.4,NA,NA,19.1,17,36.1,255.2,169,13.2,12,194.2,16.8,33.1,25.3,75.3,20.3,12.1,32.4,30.3,4.8,7.9,15.3,11,39,36.1,19.3,55.4,426.5,8088.8,909.2,708.1,9706.1,1056.9,1637.6,1421,4115.4,1194.6,607,1801.6,1513.9,297.8,448,1278.6,1320.7,3345,1951.1,1338.7,3289.8,23771.8
41944,2455.1,278.2,239.6,2972.9,388.1,507.9,412.8,1308.7,447.5,213.9,661.4,500.6,102.1,127.3,335.2,501.1,1065.7,636.6,446.2,1082.8,7592,2008.6,181.1,184.7,2374.3,246.3,423.5,405,1074.7,325.2,155.7,480.9,363.2,58,84.2,366.3,333.7,842.2,454.2,308.4,762.6,5897.9,1676.6,NA,NA,2027.7,195.8,320,285.8,801.6,182.2,107.5,289.7,305.2,70.4,117.1,242.5,221.2,651.2,416.7,319.7,736.4,4811.8,614.4,51.5,49.1,715,60.1,99.8,69.7,229.6,73.2,37.8,111,113.5,17,18.7,114,76.2,225.8,84.5,78.2,162.7,1557.7,917.3,122.7,86.4,1126.3,146.7,194.2,175.7,516.6,92.3,68.9,161.1,175.8,29.8,68.1,142.1,109,349,285.8,146.8,432.6,2761.6,180,NA,NA,208,25.8,30.1,35.5,91.5,24.6,6.4,31,NA,6.8,8.3,24.1,NA,NA,24.9,24.3,49.2,468.2,114,NA,NA,121.4,8.2,15.7,17.7,41.5,7.5,5.4,13,NA,1.3,6.1,13.5,NA,NA,17.8,17.1,34.9,257.4,170.3,13,11.9,195.1,16.5,33.3,25.3,75.1,22,12.2,34.3,30.7,4.6,7.9,14.9,11.1,38.6,37.6,20.1,57.7,431.5,8136.3,886.9,717.7,9740.9,1087.5,1624.5,1427.4,4139.5,1174.5,607.8,1782.3,1529.8,290,437.7,1252.6,1286.5,3266.8,1958.1,1360.8,3318.9,23778.1
41974,2453.8,281.2,237.3,2972.2,388.6,511.1,397,1296.7,447.9,211.2,659.1,494.8,98.8,123.5,345.3,512.9,1080.5,643,454.1,1097.1,7600.3,2010.3,180.8,181.2,2372.3,258.8,427.1,389.2,1075.1,344.8,161.3,506.1,362.9,52.2,84.5,358.4,340,835.1,452.1,301.2,753.4,5904.8,1677.2,NA,NA,2034.3,194.4,313.8,285.6,793.8,193.9,114.1,307.9,306.9,67,118,247.5,232.1,664.7,426,325.8,751.8,4859.3,616.5,51.4,45.7,713.5,59.6,96.7,70.7,227.1,74.1,38.9,113,113,15.8,19.1,115.8,83.8,234.4,77.3,73.9,151.2,1552.3,913.3,126.3,90.5,1130.1,148.1,191,179.9,519,94.2,70.8,165,179.4,33.1,69,145.9,109.5,357.5,282.2,145.2,427.4,2778.5,179.2,NA,NA,206.9,24.3,30.4,35,89.7,23.3,6.2,29.5,NA,7.4,9.3,23.8,NA,NA,25.3,23,48.3,464.8,112.3,NA,NA,119.9,7.9,15.4,17.2,40.6,7.6,5.6,13.2,NA,1.2,6.2,12.9,NA,NA,21.5,17,38.5,257.8,168.9,12,12.5,193.4,18.3,32.5,25.2,76,21.7,12.5,34.2,30.2,5.1,7.8,13.3,10.7,36.9,40.1,20.1,60.2,430.9,8131.6,894.9,716.1,9742.6,1100.1,1618.2,1399.6,4117.9,1207.6,620.5,1828.1,1527.6,280.6,437.5,1263,1323.5,3304.5,1967.7,1360.2,3327.9,23848.6
42005,2455.9,277.4,220.3,2953.6,388.2,512.1,400.9,1301.2,459.1,217.6,676.8,514.6,98.8,130.8,348.9,516.2,1094.6,637.6,450,1087.6,7628.3,2003.4,173.6,182.2,2359.2,253.9,439.8,390.4,1084.1,340.4,158.5,498.9,367,46.3,84.8,380.1,346.8,858,471.3,316.5,787.8,5955,1681.4,NA,NA,2038.5,201.9,318.6,296.1,816.6,192.9,115.2,308,304.2,67.3,116,258.1,234.2,675.6,461.3,313.3,774.6,4917.5,611.9,49,52.9,713.8,61.2,95.5,76.7,233.3,65.5,41,106.6,114.4,14.5,19.5,121.1,76.8,232,81.1,71.2,152.3,1552.2,911,128.1,97.3,1136.4,148.9,185.9,177.6,512.5,93.4,70.4,163.8,179,32.6,66.9,132.9,107.3,339.6,296.3,149.9,446.2,2777.4,179.4,NA,NA,205.5,27.1,30.9,36.1,94.1,24.5,6.3,30.8,NA,7.5,8.9,26.8,NA,NA,25.4,23.2,48.7,472.3,113.3,NA,NA,120.4,8.2,14.7,15.4,38.3,7.5,5.7,13.2,NA,1.1,5.8,12.1,NA,NA,20.3,16.7,37,253.1,167.5,13.3,12.8,193.6,15.2,31.4,24.3,70.9,20.1,11.7,31.8,30,5.6,7.6,12.5,11.8,37.4,37.6,18.6,56.2,420,8123.9,883.2,714,9721.1,1104.5,1628.9,1417.5,4150.8,1203.4,626.4,1829.8,1550.2,273.8,440.2,1292.6,1327.2,3333.7,2030.9,1359.5,3390.4,23976
42036,2469.7,278.3,226.4,2974.4,390,539,408.3,1337.2,457.4,219.9,677.3,484.1,104.1,125,353.5,523.4,1106,627.6,455.3,1082.9,7661.8,2016.3,175.6,184.3,2376.2,258.4,454.4,391.6,1104.4,343.7,160.5,504.2,352.7,48,91.3,383.3,355.8,878.4,472.5,303.1,775.7,5991.6,1702.7,NA,NA,2067.8,203.5,320.6,298.8,822.9,186.9,115.2,302.2,298.4,69.2,115.5,263,247,694.7,442.7,309.8,752.6,4938.6,617.7,51.4,55.1,724.3,59,95.6,77.4,232.1,68,40.6,108.6,110,14.7,20.8,122.1,79.2,236.8,82.5,77.9,160.4,1572.2,918.6,129.9,90.2,1138.6,155.8,192.3,176.3,524.4,93.9,71.2,165.1,176.2,30.8,64.7,137.2,111.6,344.4,306.9,160.6,467.5,2816.2,181.5,NA,NA,209.1,25.7,30.8,35.2,91.8,25.6,7.1,32.7,NA,8.7,9.6,27.1,NA,NA,24.7,24.1,48.8,477.7,113.8,NA,NA,120.6,7.8,15.8,17.7,41.4,7.5,5.7,13.2,NA,1,5.9,12,NA,NA,20,17.8,37.8,257.3,171.5,13.1,12.8,197.5,16.1,31.4,25.6,73.1,20.2,12,32.2,30.1,6.4,7.6,13,11.5,38.5,38.3,19.9,58.2,429.6,8191.8,891,725.7,9808.6,1116.4,1680,1430.8,4227.2,1203.2,632.2,1835.5,1491.3,282.9,440.6,1311.2,1364.1,3398.7,2015.3,1368.5,3383.8,24145.1
42064,2462.2,279.6,218.8,2960.6,395.5,517.3,413.1,1325.9,461.1,220.3,681.4,505.9,101.7,115.8,333.6,530.1,1081.2,646.7,457.9,1104.6,7659.5,2016,177.7,181.5,2375.2,255.2,436.7,394.4,1086.4,356.1,160.1,516.2,375.4,52.1,87.3,382.5,364.2,886,463.5,280.2,743.7,5982.9,1711.8,NA,NA,2077.2,208.3,311.7,302.2,822.2,203.1,116.9,319.9,307.1,69.2,115.5,252,248.9,685.6,446,308.2,754.2,4966.2,609.9,51.1,53.4,714.4,63.7,93.6,79.4,236.7,68.8,41.3,110.1,115.1,15.2,18.9,121.7,79.6,235.4,83.5,77.7,161.2,1572.9,920.4,128.8,89.9,1139,153,183.8,176.5,513.4,95.1,72.6,167.7,185.5,31.7,62.1,140.4,113,347.1,289.1,143.4,432.4,2785.1,178.9,NA,NA,206.6,28.5,29.1,34.9,92.5,26,6.7,32.7,NA,8.9,8.7,27.6,NA,NA,24.2,24.9,49.1,477.3,113.5,NA,NA,120.7,8.1,14.7,18,40.8,7.5,5.7,13.2,NA,1,5.4,11.5,NA,NA,19,18,37,255.5,170.4,13.2,13.4,197.1,16,30.4,24.7,71.1,19.7,12.4,32.2,30.5,6.1,7.8,12.9,11.5,38.3,38.2,19.9,58.1,427.3,8183.1,897.2,710.4,9790.7,1128.3,1617.4,1443.2,4188.9,1237.3,636,1873.4,1560.6,285.8,421.4,1282,1383.4,3372.7,2010.3,1330.1,3340.4,24126.7
42095,2482.1,267.5,210.2,2959.8,393.9,527.2,407.6,1328.7,476.6,215.8,692.3,503,109.6,117.3,325.2,533.2,1085.3,665.7,462,1127.7,7696.8,2039,174.8,185.2,2399,264.5,441.4,388.7,1094.6,369.4,158.6,528,365.4,45.5,84.8,382.7,369.8,882.8,457.9,291.6,749.5,6019.4,1711.7,NA,NA,2070.6,213.7,308.2,300,821.8,206.3,112.2,318.5,303.9,70.1,117.2,245,250.1,682.4,445.5,305.9,751.3,4948.5,611.3,48.1,50.9,710.3,66.9,93.8,78.8,239.5,72.1,43.6,115.7,116.1,13.1,19.3,123.4,76.2,232,84,81.3,165.3,1578.9,924.2,130.3,94.9,1149.4,148.9,183.5,175.8,508.3,100,70.4,170.3,176.4,31,54.3,138.8,114,338.1,292.6,147.9,440.6,2783.1,181.6,NA,NA,208.3,25.8,30.1,34.6,90.5,25.5,6.5,32,NA,9.6,8.8,27,NA,NA,23.8,24.7,48.5,473.4,114.5,NA,NA,121.7,8.2,14.8,19,41.9,7.5,5.5,13,NA,0.9,5.5,10.6,NA,NA,19,18.9,37.9,255.7,173,12.4,13.5,199,17.1,31.3,23.9,72.3,20.9,13,33.9,30.7,6,8.3,13,11.6,38.8,37.1,20.8,58,432.5,8237.4,875.1,705.5,9818,1139,1630.3,1428.3,4197.6,1278.2,625.6,1903.8,1535.1,285.7,415.5,1265.8,1388.1,3355.1,2025.6,1353.2,3378.8,24188.4
42125,2491.4,277,203.8,2972.1,391.6,529.5,412.7,1333.8,469.4,218.7,688.1,497.9,104.3,110,328.9,541.1,1084.2,671.3,463.2,1134.5,7710.6,2041.2,177.6,185.3,2404.1,267.5,440.3,392.4,1100.2,363.6,151.4,515,363,43.8,78.7,388.4,376.7,887.6,466.1,288.5,754.6,6024.4,1716,NA,NA,2080.5,219.4,305.4,307.5,832.3,206.9,112.8,319.7,302.1,70.4,119.6,240,251.5,681.5,439.9,298.6,738.6,4954.7,614.3,50.3,50.6,715.2,65.6,94.5,82.9,243.1,67.1,39.9,107,111.9,12.3,19.6,126.4,72.9,231.2,84.4,80.8,165.2,1573.7,929.1,130.1,97.6,1156.7,152.1,182.8,179.6,514.5,97.7,72.5,170.3,176.1,30.5,60.4,140.6,113.8,345.4,286.8,149,435.8,2798.8,179.3,NA,NA,205.5,27.6,28.7,34.9,91.2,25.2,6.8,31.9,NA,9.3,10,28.7,NA,NA,22.6,24.7,47.3,474.4,113.8,NA,NA,121.4,7.8,14.6,19.1,41.5,7.4,5.3,12.7,NA,1,6.1,10.8,NA,NA,18.7,19.2,37.9,254.6,177.2,12.4,12.6,202.2,18.3,31.5,24.4,74.1,21.1,11.6,32.6,30.1,6.3,8.4,12.4,11.8,38.8,38.2,20.5,58.8,436.7,8262.3,892.5,703,9857.7,1149.9,1627.2,1453.6,4230.7,1258.4,618.9,1877.3,1520.7,277.8,412.9,1276.2,1402,3368.8,2028,1344.6,3372.7,24227.9
42156,2498.6,278,218.1,2994.7,406.6,531.9,434.1,1372.6,452,216.2,668.2,500.3,100.5,120.3,339.9,555.9,1116.6,677.2,471.7,1148.9,7801.3,2046,180.9,184.2,2411.1,266.7,449,408,1123.7,349.3,153.7,503,352.4,45.7,74.6,391.3,387.9,899.6,476.8,289.3,766.1,6055.8,1711.1,NA,NA,2080.4,212.8,301.7,313.7,828.2,193.6,108.4,302.1,301.4,68.8,124.9,249.9,247.2,690.9,452.9,310,762.9,4965.9,612.3,50,53.5,715.9,68.2,96.2,83,247.5,65.7,39.1,104.8,112.2,11.7,20.2,130.9,79.6,242.5,81.8,81.9,163.7,1586.6,928.3,127.6,96.5,1152.4,156.3,182.4,185.5,524.2,95.7,70.9,166.7,175.8,29.6,59.7,139.7,115.9,344.9,285.5,151.1,436.7,2800.6,179.6,NA,NA,206.6,26.3,28.2,34.3,88.9,25.1,6.6,31.7,NA,9.6,9.4,31.1,NA,NA,22.7,24.2,46.9,474.1,113.5,NA,NA,121.4,8.6,14.4,19.5,42.5,7,5.3,12.2,NA,1.1,5.7,9.8,NA,NA,19.6,20.5,40.1,257.4,176.5,12.1,12.8,201.5,17.3,31.1,25.5,73.9,21.2,12.4,33.6,30.2,6.2,7.8,12.5,12.1,38.7,38,20.8,58.9,436.8,8266,895,722.9,9883.9,1162.9,1635,1503.7,4301.5,1209.6,612.6,1822.3,1512.3,273.2,422.6,1305.3,1433.3,3434.4,2054.5,1369.6,3424.1,24378.6
42186,2507.6,283.6,222.6,3013.9,377.1,546.8,425.8,1349.7,474.1,223.3,697.4,529.8,97,116.3,341.7,540.3,1095.2,662.4,479.2,1141.6,7827.6,2040.2,181.9,191.7,2413.8,273,451,394.3,1118.3,362.7,163.4,526,373.9,45.5,63.9,390.6,384.1,884.1,492.8,292.2,785,6101.1,1710.1,NA,NA,2077.6,217.7,305.2,307.7,830.6,206.9,116.5,323.3,313.1,64,119.2,256.7,248.9,688.8,431.6,318.6,750.1,4983.6,613.5,50.5,49.6,713.6,66.3,95.1,82.8,244.2,64,41.5,105.5,116,13.1,18.5,126.5,80.5,238.6,84.6,80.8,165.4,1583.3,925.4,127.4,92.3,1145.1,161.7,187.2,183.9,532.7,97.5,70.1,167.6,181.7,33.2,56.5,140.7,120.5,350.9,284.7,145.6,430.3,2808.3,176.7,NA,NA,203.5,26.8,29.1,35.9,91.8,25.3,6.8,32,NA,10.2,9.9,32.3,NA,NA,23.1,23.5,46.6,478.3,112.3,NA,NA,120.8,7.8,15.2,18.5,41.5,7,5.5,12.5,NA,1.1,5.6,9.6,NA,NA,19.5,22.3,41.8,259.6,176.8,11.6,11.8,200.2,18.1,30.9,24.4,73.4,21.3,13,34.2,31.3,6.9,6.7,12.7,12.7,39,37.5,20.7,58.2,436.4,8262.6,899.3,726.6,9888.5,1148.3,1660.6,1473.3,4282.2,1258.7,640,1898.6,1587,270.9,396.7,1310.8,1424.3,3402.7,2036.3,1382.9,3419.2,24478.1
42217,2519.5,282.8,220,3022.3,378.3,557.2,432.7,1368.3,473,228.5,701.5,522.8,94.6,121.1,346.6,541.1,1103.4,674.5,477.3,1151.8,7870.1,2048.2,183.9,196.5,2428.6,274.3,460.6,398.5,1133.4,352.8,160.4,513.1,384.6,45.1,71.6,394.1,396.5,907.3,495.4,291,786.3,6153.4,1716.3,NA,NA,2077.9,209.2,314.6,313.9,837.8,203.8,115.1,318.9,312.2,63.6,125.8,263.2,246.1,698.7,416.4,305.1,721.5,4966.9,612.7,50.9,51.7,715.3,67.2,97,81.5,245.7,63,40.3,103.3,115.6,12,19.1,127.5,81.6,240.2,83,81.4,164.5,1584.6,930.6,128.3,92.1,1151,158.9,190.9,182.6,532.4,98.9,68.2,167.1,182.3,37.5,57.2,142.5,120.6,357.8,284.5,142.6,427.1,2817.7,177.1,NA,NA,204.6,27,29.8,35.8,92.6,25.3,6.9,32.3,NA,10.7,10.4,32.7,NA,NA,22.8,23,45.8,480.8,112.8,NA,NA,120.4,8.4,15.4,17.8,41.7,7.2,5.5,12.6,NA,1.1,5.9,9.9,NA,NA,18.8,20.4,39.2,257.3,176.2,11.6,10.6,198.4,18.5,31.1,23.9,73.6,20.9,12.8,33.7,31.7,6.9,7.8,13.4,12.2,40.2,38.1,19.9,58.1,435.7,8293.5,902.5,722.4,9918.4,1141.9,1696.8,1486.7,4325.4,1244.8,637.8,1882.6,1590.1,271.4,419,1330,1435.4,3455.8,2033.4,1360.8,3394.2,24566.5
42248,2525.7,277.9,224.5,3028,377.3,558.8,425.4,1361.4,464.8,228.6,693.5,509.5,94.5,131.7,352,536.6,1114.8,679.4,486.8,1166.2,7873.4,2049,185.5,193.1,2427.5,277.9,463.7,418.6,1160.2,369.6,158.1,527.8,370.1,45.2,90.5,389.6,398.6,923.9,499.8,294,793.9,6203.3,1727.6,NA,NA,2085.5,205.2,315.1,311.2,831.5,209.4,113.7,323.1,301.7,62.3,126.8,265.6,246.2,701.1,406.1,304.3,710.3,4953.2,612.7,50.7,50.4,713.8,67.9,101.1,79.8,248.8,63.1,41.1,104.2,114.2,13,20.1,128.5,84.6,246.3,86.3,81.5,167.7,1595,934.3,130,93.6,1157.9,156.4,194.5,182,532.9,100.3,68.1,168.4,177.4,40.6,58.8,146.6,120.6,366.7,283.7,146.4,430.1,2833.4,178.2,NA,NA,206.1,26,30,37.9,93.9,25.6,6.3,31.9,NA,10.6,10.2,34.4,NA,NA,23,23.1,46.1,484.3,112,NA,NA,119.6,8.1,15.2,19.3,42.6,7.3,5.4,12.7,NA,1.1,6.1,10.2,NA,NA,19.5,20.8,40.3,260,174.8,11.9,10.1,196.8,19.4,30.9,24.4,74.7,21.1,13.1,34.3,30.9,6.8,8.4,13.8,13,42,38,20,58.1,436.7,8314.3,901.4,719.5,9935.2,1138,1709.3,1498.5,4345.9,1261.3,634.5,1895.8,1544.1,274.1,452.7,1340.6,1437.9,3505.4,2035.8,1376.9,3412.8,24639.2
42278,2553.2,283.6,224.6,3061.4,384.2,567.8,433.4,1385.4,473.7,229.4,703.2,522,98.5,125.8,353.2,521.8,1099.3,679.5,485.9,1165.4,7936.7,2076.7,192.8,190.6,2460.1,279.4,463.9,407.4,1150.8,359.7,160.5,520.2,390.4,48.2,83,407,392.7,930.9,492.9,296.4,789.3,6241.6,1733.8,NA,NA,2095.3,212.9,312.5,314.9,840.3,208.2,110,318.2,308.5,63,127.1,264.1,255.9,710.1,404.3,296.7,701,4973.4,620.7,50.3,49.8,720.7,62.1,101.7,79.1,242.9,62.2,41.8,104,117.6,13.5,19.8,118,87.5,238.9,88.1,83.2,171.3,1595.4,935.4,128.6,90.3,1154.3,157.2,198.6,180.5,536.4,99.2,65.8,165,181.4,42.9,54.2,148.8,124.8,370.7,279.1,143.5,422.7,2830.4,176.5,NA,NA,206.2,25.9,30.1,39.8,95.9,26.6,6.1,32.8,NA,10.4,10.3,32.9,NA,NA,24.6,23.1,47.7,488.3,111.8,NA,NA,119.1,8.1,14.5,19.5,42.1,7.5,5.3,12.7,NA,1.1,6.7,9.5,NA,NA,18.7,21.1,39.8,259.1,172.9,12.2,10.3,195.4,17.5,31.2,23.7,72.4,21,11.7,32.6,32.1,6.9,8.1,13.9,13.4,42.3,40.9,20.1,61,435.9,8381.1,916.3,715.1,10012.5,1147.2,1720.5,1498.4,4366.1,1258.2,630.6,1888.8,1593.5,284.6,435.1,1347.3,1434.9,3502,2028.1,1370.1,3398.1,24760.9
42309,2567.1,280.2,222.9,3070.2,390,575.6,434.9,1400.5,473.1,231.3,704.4,520.3,94.3,135.9,350.1,504.4,1084.7,679.8,484.7,1164.5,7944.5,2071.4,189.9,192.4,2453.7,275.9,472,402.7,1150.6,359.6,159.6,519.1,385.1,48.4,81.7,407.8,394.4,932.3,500.2,305.7,805.9,6246.7,1741.9,NA,NA,2105,206,315.8,319,840.8,210.8,110.2,321,314.7,61.2,127,263.4,247.9,699.4,414.6,300.4,715,4995.8,620,49.7,50.1,719.7,65.4,102.5,79.6,247.4,62.1,40.9,102.9,116.4,13.5,20.8,124,87.8,246.1,86,86.4,172.4,1604.9,940,130.5,90.2,1160.7,160.8,192.8,178,531.6,98.2,66.3,164.6,182.5,44,54.5,149.9,119.6,368,279.5,142.9,422.5,2829.7,175.5,NA,NA,203.9,27.6,31.4,37.8,96.9,26,6.1,32.1,NA,10.8,10.5,34.7,NA,NA,23.6,23.5,47.2,488.9,113.1,NA,NA,119.9,8.1,15,18.6,41.7,7.5,5.1,12.6,NA,1.2,7,9.8,NA,NA,19.1,20.4,39.5,259.8,174.6,11.8,9.5,196,22.6,31.6,23.7,77.9,20.2,10.8,31,31.1,6.7,8,14.2,14.1,43,43.6,20.2,63.8,442.8,8403.5,912.9,712.7,10029.1,1156.3,1736.6,1494.3,4387.3,1257.5,630.1,1887.7,1591.5,280.1,445.3,1354,1407.6,3487,2046.6,1384.1,3430.7,24813.2
42339,2578.4,284.8,223.1,3086.3,388.6,566.7,437.5,1392.8,486.4,239.5,725.9,519.1,90.6,135.2,349.9,531,1106.7,691.3,482.2,1173.5,8004.2,2092.1,195.7,196.2,2483.9,279.1,468.9,405.1,1153.1,359.3,159.4,518.6,390.3,46.6,84.9,386.9,400.6,919,498.8,307.2,806.1,6271,1748.6,NA,NA,2109.1,212.7,319.2,323.6,855.5,215.3,111,326.3,313.5,58.9,122.7,270.2,241.3,693.1,404.5,302.7,707.2,5004.7,625,49.4,48.6,723.1,65.2,102.8,80.5,248.5,62.4,40.9,103.3,115.3,12.8,19.5,121.5,89,242.9,90.3,87.2,177.6,1610.7,939.7,128.2,89.6,1157.5,158.1,189.8,178.6,526.6,97.3,68.2,165.5,183.2,43.9,54.2,150.5,118.7,367.4,267.2,144.2,411.4,2811.7,177.1,NA,NA,204.8,27.7,31.9,37.2,96.8,25.7,6.1,31.8,NA,10.9,9.6,33,NA,NA,25.4,24.7,50.1,489.5,112.9,NA,NA,119.7,7.9,14.8,18.7,41.4,8.4,5.1,13.5,NA,1.2,6.6,9.5,NA,NA,18.5,20.5,39.1,260.4,175.8,11.7,9,196.4,27.1,31.8,27.3,86.2,21.8,11.1,32.9,31.5,6.5,9.2,14.2,14.3,44.2,47.6,20.3,67.9,459.2,8449.5,918.6,712.7,10080.9,1166.5,1725.8,1508.5,4400.8,1276.5,641.3,1917.8,1594.8,271.5,442,1335.8,1435,3484.3,2043.6,1389.1,3432.8,24911.3
42370,2569.4,285.1,222.6,3077,387.7,563.6,446.4,1397.7,482.5,241.4,724,526.5,88.9,131.4,354.1,547.2,1121.6,711.9,474.3,1186.3,8033,2085.8,195.6,194.1,2475.5,282.4,456.8,412.1,1151.3,356.4,162.3,518.7,393.6,44.2,87.5,400.4,413.7,945.9,487.7,304,791.7,6276.6,1738.9,NA,NA,2101.1,210.6,308.6,325.1,844.2,222.8,111.9,334.7,318.4,58.4,131.9,259.1,260.1,709.5,415.5,302.6,718.1,5026.1,624.6,49,47.7,721.3,66.8,97.6,81.2,245.6,66.4,44.9,111.3,117.4,11.8,19.7,125.5,91.7,248.7,91,84.4,175.4,1619.8,933.3,126.1,90,1149.4,161.1,191.7,185.7,538.6,100,65.7,165.7,183.9,42.4,57.5,149.2,121.1,370.2,269.6,144.8,414.4,2822.2,177.4,NA,NA,205.6,26.2,31.9,37.7,95.8,27.3,7.2,34.5,NA,11.7,9,36,NA,NA,25.3,25.1,50.4,495.7,116.1,NA,NA,122.3,8.2,15,18.7,42,9.4,4.8,14.2,NA,1.1,6.6,10.6,NA,NA,20.6,20.8,41.4,266.2,177.1,11.5,9.8,198.4,27.5,31.7,26.3,85.5,21.4,11.6,33,30.5,6.1,8.3,14.8,15.6,44.9,44.5,21.5,66,458.3,8422.7,918.3,709.7,10050.7,1170.6,1696.9,1533.3,4400.7,1286.3,649.7,1936,1612.1,264.6,451.9,1349.7,1488.6,3554.8,2066.1,1377.5,3443.6,24997.9
42401,2569.6,289.3,222.3,3081.2,390.2,550.9,453.9,1394.9,489.3,241.5,730.9,521.2,89.4,135.5,355.2,541.3,1121.5,685.9,501.9,1187.9,8037.5,2078.3,195.9,196.9,2471.1,283.2,451.3,414.8,1149.3,371.9,151.6,523.5,392.8,44.7,84.2,395.7,429,953.7,492.5,300.6,793.1,6283.6,1731.1,NA,NA,2094.7,215.5,318.7,324.6,858.8,229.3,108.4,337.8,310.6,55.2,124.2,257.6,264,701,407.3,305.7,713,5015.8,620.6,48.7,50,719.2,65.3,94.1,86.8,246.3,67.9,44.3,112.2,116.4,12,19.4,127,88.9,247.2,93,87.9,180.9,1622.2,936.6,126.1,93,1155.7,151.7,192.5,183.8,527.9,104.3,64.8,169.1,178.3,42.4,56.8,142.4,126.5,368.1,265.9,147.3,413.2,2812.3,179.4,NA,NA,207.3,25.9,31.7,37.4,94.9,25.6,6.3,31.9,NA,13,8.7,36.5,NA,NA,24.7,25.5,50.2,496.3,114.8,NA,NA,120.3,7.7,14.8,18.8,41.2,10.8,5.3,16.1,NA,1.3,6.4,10.1,NA,NA,19.1,18.7,37.7,260.3,179.9,12,9.1,201,26,33.9,25.5,85.5,22.2,12.2,34.4,31.3,6.2,8,14.9,15.4,44.5,43.6,21.7,65.3,462,8410.3,924.8,715.5,10050.5,1165.4,1687.8,1545.6,4398.9,1321.5,634.5,1956,1592.4,264.2,443.2,1339.5,1504,3550.9,2031.9,1409.3,3441.3,24990
42430,2591.2,294.6,223.3,3109,385.8,557.5,467.3,1410.7,499,242.1,741.1,516.6,93.1,137,354.1,524.9,1109,686.5,500,1186.5,8072.9,2083.4,196.4,199.1,2478.8,280.7,463.8,411.2,1155.7,387.5,153.3,540.7,394.9,46.7,82.6,406.1,423.1,958.6,486.3,306.4,792.7,6321.3,1737.9,NA,NA,2110.8,206.3,340.2,322.4,868.9,227.5,107.1,334.5,307.5,55.4,122.8,254.5,264.4,697.1,409.6,310.4,720,5038.8,620.1,50,53,723,63,99.2,81.7,243.9,67.2,40.1,107.3,116.1,12.4,19.4,126.8,95.8,254.4,93.5,89.8,183.3,1627.9,919.7,126.7,92.3,1138.7,151,200.9,187,538.8,104.9,66.3,171.1,180.8,41.8,61.3,150.5,128.6,382.1,279.6,147.7,427.3,2838.9,179.5,NA,NA,207.6,26,33.2,39.3,98.5,25.3,6.3,31.6,NA,12.3,8.8,35.7,NA,NA,25.3,25.3,50.6,499.6,114.1,NA,NA,121,8.2,15,17.9,41.1,9.8,5.3,15.1,NA,1.4,5.7,10.6,NA,NA,18.6,19.3,37.9,259.7,178.9,12.3,8.8,200,26,34.5,25.5,86,22.5,12.2,34.6,30.5,6,7.7,15.1,15.9,44.7,41.9,23.1,65,460.8,8424.6,939,725.3,10088.9,1147,1744.4,1552.2,4443.6,1343.5,632.6,1976.1,1587.6,269.1,445.2,1353.4,1492.6,3560.4,2041.3,1422,3463.2,25119.9
42461,2562.7,286.9,224.4,3074,384.3,570.7,466.8,1421.8,497,248.3,745.3,509.2,88.4,135.7,363.2,559.4,1146.8,686.5,503.3,1189.7,8086.8,2076.4,187.2,194.8,2458.5,279.1,447.9,417.2,1144.3,373.3,155.6,528.9,392.5,50.3,81.1,409.7,415.5,956.6,496.4,315.6,812.1,6292.7,1728.2,NA,NA,2088.6,210.4,319.7,317.4,847.5,227.8,111.6,339.5,312.2,50.7,117.1,260.1,267,694.9,406.3,315.1,721.4,5004,632.9,49.1,51,733,63.4,97.2,79.2,239.8,66.4,44.9,111.3,113.4,12.2,18.3,126.9,97.8,255.2,94.3,88.6,182.9,1635.6,930.2,122.7,91.2,1144.1,159.8,190.2,190.4,540.4,103.9,67.1,171,183.5,41.5,57.8,147.8,128.3,375.4,282.7,149.5,432.2,2846.7,181.1,NA,NA,208.3,27.2,31.9,38.3,97.4,27.4,6.7,34.2,NA,11.2,8.3,35.9,NA,NA,26,25.7,51.8,501.7,113.5,NA,NA,120.2,7.5,15.5,18.2,41.2,8.9,5.4,14.3,NA,1.4,5.9,10.3,NA,NA,18.5,20.8,39.3,259.3,178.4,11.8,8.7,198.9,25.8,33.9,25.3,85.1,21.4,13.5,34.9,30.9,6.4,6.9,14.9,17,45.1,41,23.2,64.2,459.1,8403.3,908,714.4,10025.7,1157.5,1707,1552.9,4417.4,1326.1,653.3,1979.3,1582.6,262.2,431.1,1368.7,1525.4,3587.3,2051.7,1441.9,3493.6,25085.9
42491,2566.9,294.4,223.6,3084.9,370.9,544.7,467.9,1383.5,478.1,247.6,725.7,515.9,88.8,144.7,366,568.9,1168.4,677,512.4,1189.4,8067.9,2085.2,196.7,202.2,2484.1,284.8,437.9,408.1,1130.8,369.5,154.1,523.5,385.9,51.2,83.8,409.8,407.5,952.4,509.1,313.6,822.7,6299.4,1715.7,NA,NA,2089,208.6,315.7,322.8,847.1,221.6,105.7,327.3,303.7,48.5,120.3,261.1,263.9,693.7,400.9,315.5,716.5,4977.1,628.7,50,54.3,733,62.4,97.3,78.4,238.1,67,45.8,112.8,112.7,11.8,18.7,120.8,96.6,248,94.8,89.7,184.5,1629,932.4,125.4,90.1,1147.9,151,179,187.8,517.8,104.4,64.4,168.7,178,42.2,57.7,153.3,128,381.3,270.6,151.2,421.8,2815.6,182.2,NA,NA,210,25.1,33.5,37,95.6,24.3,6.4,30.7,NA,12.2,8.4,34.9,NA,NA,26,25.6,51.6,497.5,113.2,NA,NA,120.1,7.8,13.9,18.1,39.7,8.9,5.3,14.2,NA,1.3,6.1,9.9,NA,NA,18.6,20.2,38.8,256.7,175.7,12.2,8.9,196.8,24.6,33.3,24.3,82.2,22.1,12,34.1,32.6,6.1,6.9,15.7,18,46.7,40.1,23.7,63.8,456,8399.9,937.8,728,10065.7,1135.2,1655.3,1544.4,4334.9,1295.8,641.1,1936.9,1569.5,262.1,446.6,1371.5,1523,3603.2,2037.1,1452,3489,24999.2
42522,2578.7,297.6,218.3,3094.5,377,547.2,461.6,1385.9,498.7,252.7,751.4,514.6,84.1,140.8,353.9,567.5,1146.2,676.7,520,1196.8,8089.4,2084.5,197.8,202.6,2484.9,286.5,432.1,413.4,1132,378.6,161.4,540.1,397.2,49.3,82.3,410.4,414.6,956.5,500.2,317.3,817.5,6328.2,1749.3,NA,NA,2120.9,214.9,320.5,320.2,855.6,238.8,111.3,350.1,311.3,53.7,121.2,261,273.9,709.8,413.4,315.9,729.3,5077.1,625.4,50.2,58.2,733.8,63.3,96.7,79,239,67.6,44.5,112.1,114.7,11.7,19,127.8,99.6,258,96.3,89.4,185.8,1643.3,932.7,124.7,88,1145.3,148.6,188.3,192.5,529.4,105,65.6,170.6,174.3,42.1,59.6,150.9,128.3,380.9,271.4,152.8,424.3,2824.8,180.3,NA,NA,208.4,25.7,32.1,36,93.8,24.8,6.3,31.2,NA,11.9,10.5,34.4,NA,NA,24.5,25.8,50.3,496.5,114.4,NA,NA,121.1,7.7,13.6,17.8,39.1,9.3,4.8,14,NA,1.4,6,8.8,NA,NA,17.3,21,38.3,254.4,177.7,12.6,9.6,199.9,24.8,33.1,24.9,82.8,22.3,11.7,34,32.6,6.2,6.2,15.8,15.7,44,39.6,24.9,64.4,457.7,8442.9,941.1,724.8,10108.8,1148.4,1663.6,1545.5,4357.6,1345.2,658.3,2003.5,1584.7,260.3,445.6,1363,1541.2,3610.1,2039.5,1467.2,3506.6,25171.3
42552,2563.5,292.1,210.6,3066.1,386.2,544,445.3,1375.5,501.5,256.7,758.2,505.7,89.2,145.7,362.8,558.1,1155.8,688.2,531.7,1219.9,8081.3,2081.3,197.8,198.7,2477.8,294.3,439.2,393.4,1127,372.8,159.5,532.2,380.7,49,84.9,405.1,402.6,941.6,512.5,321,833.5,6292.9,1752.6,NA,NA,2129.8,219,327.9,310.6,857.5,238.8,110.9,349.8,303.9,54.3,119.9,258.8,277.3,710.4,407.6,318.2,725.8,5077.2,629.9,50.2,59,739.1,63.6,99.1,80.7,243.4,68.8,43.8,112.6,110.7,11,21.9,132.1,99.9,264.9,94.4,91.6,186,1656.8,943.4,125.5,89.1,1158,144.9,183.3,189.5,517.7,106.7,65.8,172.5,168.8,46.2,57.8,149.3,131.4,384.8,268.7,157.9,426.5,2828.3,183.3,NA,NA,211,27.7,33,36.1,96.8,24.5,6.6,31.1,NA,13.6,9.2,36.3,NA,NA,25.4,27,52.3,503,113.7,NA,NA,120.4,8.1,13.6,17.4,39.2,9.2,5.2,14.3,NA,1.4,5.9,10.1,NA,NA,18.6,20.4,39,255.2,179.1,13,10.2,202.3,25.5,33.3,26.9,85.7,22.2,11.6,33.8,29.3,5.7,7.1,16.3,16.7,45.8,41.1,24.1,65.2,462,8446.7,936.6,721.2,10104.5,1169.4,1673.4,1500,4342.8,1344.4,660.1,2004.4,1539,270.3,452.4,1370.8,1524.1,3617.7,2056.4,1491.9,3548.3,25156.6
42583,2605.7,299.7,213.7,3119.1,382.3,542.2,468.3,1392.8,497.6,254.3,751.8,508.3,88.6,140,364.7,543.6,1137,674.7,553.4,1228.1,8137.1,2105.3,198.8,193.8,2497.9,307.4,432.7,414,1154.1,374.2,162.3,536.5,381.3,50.8,86.4,410,380.7,927.9,529.8,328,857.9,6355.5,1771.5,NA,NA,2153.5,225.5,327.7,326.6,879.7,241.7,109.7,351.4,305.2,56.4,120.2,257.9,283.6,718.1,420.9,312.4,733.3,5141.2,632.5,50.1,58.7,741.3,63.7,97.6,84.6,245.8,66,43.5,109.5,111.1,11.1,21.6,132.7,100,265.3,99.1,91.4,190.5,1663.6,944.6,125.2,89.7,1159.5,142,176.5,187.1,505.6,104.8,64.5,169.3,169.6,41.4,53.8,149.5,127.8,372.6,276.1,162.2,438.3,2814.9,182.3,NA,NA,210.1,27.3,32.8,37.4,97.4,24.5,6.6,31.1,NA,15.6,8.8,36.5,NA,NA,25.8,27,52.8,502.7,114.8,NA,NA,121.4,8,13.2,17.7,38.9,9.3,5.1,14.3,NA,1.3,5.9,10.1,NA,NA,20,20.7,40.8,257,178.8,12.9,10.5,202.3,23.7,32.7,27.7,84.2,22.7,11.7,34.4,31,5.8,7.9,15,17.8,46.6,44.1,24.4,68.5,467,8535.6,946.3,723.4,10205.3,1179.7,1655.3,1563.3,4398.4,1340.8,657.5,1998.4,1545.1,271.1,444.6,1376.5,1489.6,3581.8,2090.6,1519.6,3610.2,25339.1
42614,2611.7,302.4,222.3,3136.4,389.4,565.4,491.6,1446.4,495.3,254,749.3,503.3,87.5,132.2,363,548.3,1131,680.1,555.4,1235.5,8201.9,2110.2,202.9,194.1,2507.2,298,454.9,427.8,1180.7,383,166.7,549.7,381.4,49.9,85.7,417.6,412.1,965.3,523.4,339.3,862.8,6447.2,1779.5,NA,NA,2159.3,222.6,333.8,335.9,892.3,239.5,111.1,350.6,304.3,54.4,116.4,259.8,289.5,720.1,422.3,316.7,739,5165.5,638.8,50.1,57,745.9,65.3,96.8,82,244.1,64.6,43.8,108.4,109.9,10.1,20.4,133,102.1,265.6,98.8,90,188.8,1662.7,940.8,124.6,88.8,1154.2,148.6,177.1,200.2,525.9,104.7,65.5,170.2,169.1,41.7,58.4,146.1,132.8,379.1,278.4,161.2,439.7,2838.2,183.3,NA,NA,211.4,27.2,31.9,37.2,96.3,24.6,6.9,31.5,NA,12.7,9.4,35.6,NA,NA,26,26.9,52.9,504.6,116.4,NA,NA,123.2,8,14.8,16.6,39.4,9.2,5.3,14.5,NA,1.3,5.8,10.4,NA,NA,19.8,20,39.8,261,182.3,13,10.2,205.5,23.5,33.9,27.6,85,22.7,11.9,34.6,30.9,5.3,7.9,15.3,17.9,46.4,42.3,24.6,66.9,469.3,8563.1,953.2,726.9,10243.2,1182.5,1708.6,1619,4510.1,1343.7,665.2,2008.9,1539.1,263,436.3,1380.7,1543.8,3623.8,2091.1,1534.1,3625.2,25550.3
42644,2629,297.2,227.4,3153.6,391.4,568.7,499,1459,489.6,257.8,747.4,505.2,88.7,129.4,361.5,557.7,1137.3,678.7,557.4,1236.2,8238.6,2105.8,201.2,190.8,2497.9,296.8,456.4,413.9,1167,378.4,161.8,540.2,377.2,49.1,87.1,412.4,426,974.6,537.3,334.4,871.7,6428.7,1793.6,NA,NA,2170.8,214.8,336.5,356.6,907.9,241.7,110.8,352.5,304.3,56,121.6,261.2,283.4,722.2,416.5,315.4,731.9,5189.6,639.4,50.4,57.4,747.2,65.4,100.8,82.9,249.1,60.2,42,102.2,111.2,9.8,22,135.1,98.4,265.3,93.2,89.2,182.4,1657.5,943.7,123.8,87.7,1155.2,154.1,175,202.1,531.1,101.3,65.3,166.6,171.2,41.5,55.7,146.4,128.4,372,284,161.2,445.2,2841.3,184,NA,NA,214.4,29.2,33,38.1,100.3,23,6.5,29.5,NA,13.1,9.3,34.3,NA,NA,25.6,26.9,52.5,505,116.1,NA,NA,123.5,8.2,13.9,16.8,38.8,9.1,5.2,14.3,NA,1.4,5.5,9.2,NA,NA,20.3,19.9,40.2,260.2,182.5,13.3,10.9,206.7,24.9,33.1,28.6,86.6,23,11.7,34.6,30.4,5.6,8,15.1,17.7,46.5,42,24.3,66.3,471.1,8594.1,948.9,726.2,10269.2,1184.8,1717.2,1637.9,4539.9,1326.2,661,1987.3,1538.8,265.3,438.6,1375.3,1551.2,3630.3,2097.7,1528.8,3626.5,25592
42675,2647.1,303.4,232.5,3183,388.4,560.6,520.5,1469.4,503.7,249.8,753.5,499.9,91.1,128,363.4,555.5,1138.1,665.8,566.5,1232.3,8276.2,2122.4,203.8,192.7,2518.9,308.7,451.3,415,1175,373.8,163.9,537.7,376.4,49.6,83.4,418.6,438.9,990.5,531.3,326.4,857.7,6456.3,1800.2,NA,NA,2175.4,219.1,330.4,344.1,893.5,231.5,108.9,340.4,302.4,54.3,121.9,265.4,290.5,732.1,420.1,306.9,727,5170.9,637.3,49.4,58.9,745.7,64.1,95.8,82.1,242,61.7,44.2,105.9,108.4,9.6,21.9,132.4,95.6,259.5,98.9,88.4,187.3,1648.7,952.3,122.5,88.2,1163,149.1,162.9,195.6,507.6,99,65,164,168.8,41.1,54.8,147.7,131,374.6,279.3,160.5,439.8,2817.8,185.4,NA,NA,217.5,28.4,32.3,38.7,99.4,24.2,6.7,31,NA,11.8,9.1,32.4,NA,NA,26.1,27,53.1,505.5,117.4,NA,NA,125,8.4,13.3,16.9,38.6,8.9,5.3,14.2,NA,1.4,5.6,8.8,NA,NA,20.7,20.4,41.1,260.7,181.8,13.5,11.5,206.9,23.9,32.8,31.2,87.9,22.2,11.8,34,31.2,5.5,8,15.5,18.1,47,40,23.9,63.9,470.9,8643.9,957.3,734.2,10335.4,1190,1679.3,1644,4513.3,1325,655.8,1980.8,1526.3,264.4,432.7,1384.3,1567.6,3649,2082.3,1520,3602.3,25606.9
42705,2672.9,297,230.8,3200.6,395.4,560.2,472.5,1428.1,519.8,259.8,779.5,508,96.8,127.5,370.6,553.5,1148.4,671,557.6,1228.6,8293.2,2134.1,201.9,192.5,2528.5,308,462.8,409.7,1180.5,383.2,171.2,554.5,383.6,52.3,82.4,420.7,413.1,968.5,533.2,324.3,857.5,6473.1,1822.6,NA,NA,2199.6,220.9,328.8,295.8,845.4,245.1,108.6,353.6,305.6,55.4,117.5,267.7,291.9,732.5,423,315.3,738.3,5175.1,641.2,50,56.5,747.6,69.2,97.4,83.4,250.1,64.7,46.1,110.8,111.4,10,22.8,134.4,96.1,263.3,101.4,91.8,193.3,1676.5,950.6,123.8,86.9,1161.3,151.9,173.5,186.9,512.3,103.8,65.5,169.3,171.6,40.7,54,151.9,136.6,383.1,283.3,161.3,444.6,2842.3,188.1,NA,NA,220.3,27.6,31.7,40.3,99.7,25,7.1,32.1,NA,12.8,9.6,31.6,NA,NA,25.8,28.1,53.8,512.5,117.1,NA,NA,124.9,8.7,13.7,16.6,39,8.8,5.3,14.1,NA,1.5,6.1,10.4,NA,NA,21.5,20.4,41.9,264.9,181.5,13.6,9.8,204.8,26,33,27.8,86.8,22.5,12.8,35.4,31.7,5.6,8.2,16.5,17.8,48,40.9,24.6,65.6,472.4,8708,953.2,726.5,10387.7,1207.7,1701.1,1533.1,4441.9,1373,676.4,2049.4,1551.8,275.1,428,1403.9,1548.5,3655.5,2100,1523.5,3623.6,25709.8
42736,2673.4,296,235.6,3205,401.5,567.6,467.5,1436.5,513.5,252.7,766.1,508.2,92.2,128.2,365.7,552.1,1138.2,678,562.4,1240.4,8294.5,2129.4,204.3,197.8,2531.4,313.9,464.3,413.4,1191.6,374.4,175.1,549.5,389.3,50.5,86.9,424.5,410.8,972.7,532.4,330.1,862.5,6497,1807.4,NA,NA,2184.1,225.2,340.3,310,875.4,242.4,110.7,353.1,304.1,56.3,115.1,265.8,271.9,709.1,414.9,314,728.9,5154.7,639.5,52.1,57.1,748.7,74.1,97.9,87.2,259.2,67,45.7,112.7,113,10,23.5,129.7,99.9,263,105.7,91.4,197.1,1693.7,951.2,127.3,84.2,1162.7,146.5,179.5,183.8,509.9,100.4,65.9,166.3,169.4,42.4,51,145,136.6,375,286.1,167,453.1,2836.4,185.7,NA,NA,218.6,28.8,31.9,39.8,100.6,25.2,6.5,31.7,NA,11.5,9.5,31.1,NA,NA,27.1,28,55.1,511.6,117,NA,NA,125.2,8.4,13.9,17.1,39.4,9.2,5.7,14.9,NA,1.4,5.5,9.7,NA,NA,20.7,19.6,40.3,263.7,181.1,13.9,12.1,207.2,25.2,34.4,28.3,87.9,23.3,13.1,36.4,32.3,5.9,8.3,16.9,17,48.1,40,24.5,64.5,476.4,8684.7,964.9,733.3,10382.9,1223.7,1729.7,1547.1,4500.5,1355.3,675.5,2030.7,1555.8,270.1,427.8,1388.3,1529.8,3616,2105,1536.9,3641.9,25727.8
42767,2693,292.4,239.9,3225.3,392.2,569.6,458.4,1420.2,502.9,249.1,752,504.6,91.2,128.7,367.9,551,1138.8,698.9,562,1260.9,8301.8,2140.4,205.9,197.1,2543.4,304.9,458.4,412.1,1175.5,360.2,172.9,533,386.8,53.7,85.6,426.1,411.4,976.7,537.8,309,846.8,6462.2,1806.4,NA,NA,2188.1,213.8,342.1,311.1,867,231.2,109.3,340.6,300.2,54.8,119.5,269.9,284.9,729.1,408.1,314.3,722.4,5147.3,643.2,50.4,56.4,750,67.1,97.1,91.8,256,67,41.2,108.2,110,10.3,23.1,129.6,100.8,263.9,109,88.2,197.3,1685.4,959,123.2,80.1,1162.3,145.6,178.2,181,504.8,98.1,63.9,162,172.3,41.9,52.5,147.1,132.4,374,288.3,168.6,456.9,2832.2,186.8,NA,NA,219.9,29.7,33.1,40.2,103.1,22.1,6.5,28.6,NA,11.8,8.9,31.9,NA,NA,25.9,28,53.9,511.3,117,NA,NA,125.5,7.9,13,17.2,38,8.7,5.2,13.8,NA,1.2,5.1,9.9,NA,NA,21.1,20.8,41.9,262.9,180.9,13.9,11.4,206.2,23.5,35.8,28.3,87.6,21.5,12.4,33.9,31.3,6,8.2,17.7,17.3,49.3,41.6,24.9,66.6,474.8,8726.8,961.1,732.9,10420.8,1184.8,1727.2,1540.1,4452.1,1311.7,660.4,1972.1,1544.8,270.9,431.5,1400.3,1538.8,3641.5,2130.7,1515.8,3646.6,25677.9
42795,2677.5,289.3,239.7,3206.5,400.6,571.3,454.2,1426.1,507.1,255.4,762.4,513.5,90.2,131.6,385.2,550.6,1157.7,690.6,557.7,1248.4,8314.6,2136,211,194.4,2541.4,308.7,464.9,403.8,1177.4,370.9,166.1,537,383.9,53,89.7,452.4,416.5,1011.5,531.7,329.9,861.6,6512.8,1806.1,NA,NA,2175.4,207.6,339.5,312.2,859.2,227.8,107.7,335.5,297,57,120.6,270.7,278.6,726.8,399.5,297.6,697.1,5091,650.2,50.6,55.3,756.1,65.1,95.2,88.3,248.6,64.9,44.4,109.3,107.7,10.3,23.5,127.4,103.3,264.5,107.7,91.4,199.1,1685.4,956.7,124.9,79.8,1161.5,141.1,181.7,182.8,505.5,102.7,60.9,163.6,173.5,42.1,52.9,146.5,133,374.6,293.8,169.7,463.5,2842.2,188.3,NA,NA,222.2,27.5,32.6,38.7,98.8,20.7,6.4,27.1,NA,11.6,10.2,32.1,NA,NA,28.2,27.2,55.4,511.1,115,NA,NA,123.3,8.4,13.2,17.2,38.8,8.2,5.3,13.5,NA,1.4,5.6,9.2,NA,NA,19.6,18.9,38.5,257.9,179.7,13.4,11.2,204.3,24.7,34.2,29.4,88.4,21.9,12.2,34.2,31.6,5.8,9.4,17.6,17.6,50.3,41.3,24.3,65.5,474.4,8709.5,954.8,726.4,10390.6,1183.7,1732.5,1526.6,4442.8,1324.3,658.4,1982.7,1547.1,271.3,443.7,1441.1,1540.9,3697,2112.3,1516.7,3629.1,25689.2
42826,2673,293.5,242.3,3208.8,401.6,558.9,454,1414.5,512.5,248.1,760.6,527,89.1,133,381.8,550.3,1154.2,701,552.9,1254,8319.1,2132.9,205.2,195.9,2534,309.7,467.6,408.4,1185.7,388.2,169.5,557.7,404.2,50.6,90.7,452.9,417.2,1011.4,538.2,330.1,868.3,6561.3,1820.9,NA,NA,2214.1,231.9,342.8,319.6,894.3,232.9,105.5,338.4,319.1,56.2,119.8,272,277.8,725.7,398,308.9,706.8,5198.5,646,50.4,56.8,753.3,70,94.5,90.8,255.3,69.2,43.8,113,116.5,11.1,22.7,124.6,106.3,264.7,111.3,89.7,201,1703.8,960.3,123.6,82.2,1166.2,143.8,175,186.6,505.4,99.4,62.8,162.2,168.6,40.2,51.7,147.8,137.4,377,292.9,171.6,464.5,2844,185.3,NA,NA,220.6,26.8,32.4,38.3,97.5,22.9,6.4,29.2,NA,11.6,10.3,31.2,NA,NA,28.2,28.9,57.1,515.8,116.1,NA,NA,124.5,8.8,13.8,16.7,39.3,8.1,4.8,12.9,NA,1.5,5.5,9.7,NA,NA,21,18.1,39,259.7,180.9,14,12.3,207.2,25.1,33.9,30,89.1,22.7,12.8,35.5,32.2,5.9,8.7,18.3,17.2,50.1,42,22.9,64.9,479,8715.3,972.6,740.7,10428.6,1217.6,1719,1544.4,4481.1,1355.8,653.6,2009.5,1608.5,266.2,442.4,1438.2,1550.9,3697.8,2132.6,1523.1,3655.7,25881.1
42856,2698,292.4,240.8,3231.3,413.7,571.2,466.6,1451.5,511,253.4,764.4,505.5,92.6,139.1,385.1,549.3,1166.2,715.2,553.3,1268.5,8387.2,2139,207.7,194.1,2540.7,314.2,474.9,424,1213.1,388.2,174.5,562.7,392.4,48.8,92.7,469.4,418.2,1029,538,328.1,866,6604.1,1812.3,NA,NA,2192,225.5,344,317.9,887.3,225.1,108.9,334,299.2,54,106.1,275.2,279.6,714.8,401.1,310.2,711.3,5138.6,650.9,49.3,58.1,758.4,68.7,95,90.2,253.9,69,45.6,114.6,113.1,11.1,22,123.2,107,263.3,114.9,91.5,206.4,1709.7,956.7,125.5,80,1162.2,146,176.5,184.1,506.7,98.3,65.5,163.9,171.2,40.7,53.5,147.6,134.3,376.1,292.2,172.7,464.9,2844.9,187.6,NA,NA,222.6,27.2,35.1,37.8,100.2,23.5,6.5,30,NA,11.8,10.2,31.9,NA,NA,29,29.3,58.3,519.4,117.3,NA,NA,125.7,9.1,13.6,17,39.6,8,5.4,13.4,NA,1.5,5.1,10,NA,NA,20,16,36,258.8,180.6,14.6,11.1,206.3,26.4,34.9,30.6,91.9,21.7,12.9,34.6,30.8,6.8,8.3,18.9,18.1,52.1,40.9,24.6,65.5,481.2,8742.5,964.1,732.7,10439.2,1230.8,1745.3,1568.2,4544.2,1344.9,672.8,2017.7,1552.9,267.2,437.1,1461.1,1547.7,3713,2151.2,1525.7,3676.9,25944
42887,2691.2,294.3,241.2,3226.7,435.4,563.6,470.5,1469.5,509.2,254.1,763.3,505.3,89.5,138.5,383.9,543.5,1155.4,729.2,552.7,1281.9,8401.9,2144.7,210.6,196.1,2551.4,315.7,463.1,427.8,1206.6,383.9,170.7,554.5,390.2,47.8,91.5,454.2,426.7,1020.2,543.2,321.6,864.8,6587.8,1814.7,NA,NA,2193.7,237.5,353.9,328.6,920,232.9,109.8,342.7,300.9,55,119.5,276.8,280.1,731.4,411.4,306.3,717.7,5206.4,650.2,49.1,56.2,755.6,71.8,97.1,91.4,260.3,67.5,43.6,111.1,111.2,11.6,24,125.8,107.5,268.8,114.8,89.4,204.2,1711.2,961,128.4,79.9,1169.3,140.5,173.8,185.9,500.2,95.9,64.5,160.4,169.4,40.3,53.4,149.1,136.8,379.6,294.3,174.2,468.5,2847.3,188.4,NA,NA,223.7,29.2,33.5,40.9,103.7,22,7,28.9,NA,11.9,10.7,32.5,NA,NA,27.9,28.8,56.7,522.4,117.4,NA,NA,126.2,9,13.9,17.3,40.2,8.3,5.4,13.7,NA,1.3,5.4,10.7,NA,NA,19.8,17.7,37.5,262.2,180.4,13.7,10.5,204.6,25.8,34.9,31.2,92,21.6,13,34.7,31.2,5.7,8,19,17.9,50.6,40.8,23.9,64.7,477.8,8748,971.4,731.6,10451.1,1264.9,1733.9,1593.7,4592.5,1341.3,668,2009.3,1548.4,263.1,450.9,1452,1553.8,3719.8,2181.3,1514.7,3696,26017.1
42917,2710.9,296.2,239.2,3246.4,421.6,562.4,464.6,1448.6,519,257.7,776.7,503.9,92,142.2,383.3,547.7,1165.2,715.1,550.8,1266,8406.8,2138.2,213.2,201.8,2553.2,317.8,471,422.8,1211.6,393.4,170.9,564.2,389.7,49.8,87.7,458.1,442.7,1038.4,552.1,317.4,869.5,6626.6,1813.2,NA,NA,2202.1,220,345.3,327.8,893.1,240.4,111.9,352.3,296,55.8,126.2,273.5,281.1,736.5,421.3,306.1,727.4,5207.4,644,48.1,60.1,752.2,69.3,96.2,89.6,255.1,69.1,44,113.2,109.8,10.8,23.7,123.8,109.5,267.7,113.9,92.2,206.1,1704.1,962.9,129.3,79,1171.2,134.4,180.7,183.8,498.9,98.7,64.4,163.1,172.1,39.4,53.8,148.4,135.9,377.5,301.7,170.3,472,2855,188.8,NA,NA,224.4,25.9,32,36.7,94.6,21.9,7.3,29.2,NA,11.1,11.5,31.4,NA,NA,27.7,30,57.7,517.1,118.9,NA,NA,127.4,8.7,13.5,17.4,39.5,8.4,5.7,14.1,NA,1.3,5.8,11.2,NA,NA,20.6,17.5,38.1,263.3,179.1,13,10.6,202.7,27.1,35.4,30,92.5,20.9,12.9,33.9,31,6.3,8.1,19.6,17.8,51.8,42.2,25.4,67.5,479.4,8755.9,990.4,733.5,10479.7,1224.7,1736.4,1572.7,4533.8,1372,674.7,2046.7,1542.7,266.3,459,1449.1,1577.8,3752.3,2194.6,1509.7,3704.3,26059.6
42948,2720.1,290.2,241.6,3251.9,416.2,555.9,464.6,1436.7,518,250.3,768.3,493.7,90.1,138.4,378.4,550.1,1157,708.7,546.4,1255.1,8362.7,2140.9,213.2,197.6,2551.7,312.5,474.6,409.4,1196.5,386.3,168.3,554.6,380,49.3,88.3,459,452,1048.6,542.7,321,863.7,6595,1797.4,NA,NA,2183.4,228.6,340.7,324.6,893.9,240.1,109.9,350,302.9,55,119.3,275.9,280.8,731,399.2,307.8,706.9,5168.1,643.1,47.3,56.8,747.1,66.2,95.9,88.5,250.6,68.6,44.7,113.3,107.6,10.5,22.9,124.5,106.9,264.7,112.5,86.1,198.6,1681.9,958.6,128.4,77.2,1164.2,133.4,177.3,186.9,497.6,99,61.2,160.1,171.8,40.4,51.6,146.1,142.1,380.1,293.7,173.2,466.9,2840.7,189.8,NA,NA,225,25,31.6,35.4,91.9,20.5,7.1,27.6,NA,10.8,12.6,30.9,NA,NA,27.3,30.5,57.8,511.6,117.1,NA,NA,126,8.3,13.5,17.7,39.5,8.5,5.5,14,NA,1.3,5.9,10.6,NA,NA,20.5,17.9,38.3,261.3,178.8,12.5,10.4,201.7,26.8,34,28.1,88.9,20.3,12.9,33.2,30.3,6,7.8,19.9,18.7,52.4,42.7,25.8,68.6,475.1,8745.8,976.3,729.1,10451.1,1217,1723.5,1555.1,4495.6,1361.1,659.9,2021,1526,263.3,446.8,1445.3,1591.5,3746.8,2147.2,1508.6,3655.8,25896.4
42979,2746.8,301.5,240.4,3288.7,420.7,544.6,462.8,1428.1,521.7,248.5,770.2,507.4,89.3,138.9,373.7,540.4,1142.3,709.9,555.4,1265.3,8401.9,2139.7,212.7,199,2551.4,313.1,460.1,406.8,1180,381,169.6,550.7,394.2,47.8,83.5,456.3,456.3,1043.9,545.9,325.9,871.7,6591.9,1809.1,NA,NA,2204.3,230.1,338.2,327.9,896.3,238.1,108,346.2,309,55.4,116.5,275.4,274.4,721.7,401.5,305.6,707.1,5184.5,651.8,48.9,59,759.8,63.8,94.9,91.4,250.1,68.5,43.4,111.9,108.5,10.3,24.2,123.6,103.9,262,116.7,90.9,207.6,1699.9,958.5,126.9,77.2,1162.7,130.3,164.6,184.9,479.9,93.2,64.5,157.7,169.4,38,50.9,151.5,134.1,374.6,294.8,171.2,465.9,2810.3,193,NA,NA,227.4,27,32.6,35.2,94.8,21.3,7.2,28.5,NA,10.6,12,30.3,NA,NA,27.1,29.9,56.9,516.4,116.7,NA,NA,125.5,8.3,13,18,39.3,8.7,5.4,14.2,NA,1.4,5.8,10.4,NA,NA,19.1,17.7,36.8,258.1,178,12.9,10.5,201.3,25.7,34,27.9,87.6,20.7,12.3,33,31.4,6,8.1,19.9,18.9,52.9,42.3,25.8,68.1,474.4,8793.6,989.6,737.9,10521.1,1218.9,1682.1,1555,4456.1,1353.3,659,2012.3,1559,258.7,440.1,1441.2,1569.5,3709.4,2157.3,1522.2,3679.5,25937.4
43009,2760.1,304.5,223.1,3287.7,401,549.6,459.6,1410.3,522.7,249.8,772.5,510.4,90.3,127.6,372.6,550,1140.5,729.5,552.9,1282.4,8403.7,2152.4,212.8,205.4,2570.6,320,447.1,416.3,1183.4,381,167.7,548.7,398.1,48.4,79.5,464.6,458.8,1051.3,564.6,331.9,896.4,6648.6,1815.2,NA,NA,2204.1,234.1,343,320.7,897.8,231.3,108.6,339.9,309.4,50.3,115.3,268.1,262.8,696.6,401.4,311,712.4,5160.2,658.7,48.4,59.2,766.2,67.5,95.8,99.6,263,66.3,45.2,111.5,110.2,9.9,23.4,125.2,100.7,259.3,121.9,94.4,216.3,1726.5,963.5,126.2,84.5,1174.2,122.4,169.7,182.8,474.9,96.7,66.5,163.1,169,40.4,49.7,146.3,131.4,367.7,286.1,172.7,458.8,2807.7,198.1,NA,NA,233.3,25.5,32.5,35.9,93.8,20.4,7,27.4,NA,10.4,11.8,27.7,NA,NA,27.6,30.1,57.7,518.3,115.1,NA,NA,124.2,7.9,13,18.1,39.1,8.7,5.6,14.3,NA,1.3,5.9,9.9,NA,NA,21.8,18.4,40.2,259,176.5,13.7,11.3,201.6,26.6,34.7,28.7,89.9,20.3,13.8,34.1,31.5,6,8.8,20,18.9,53.7,41,25.1,66.1,476.8,8839.7,987.9,734.3,10562,1205.1,1685.4,1561.8,4452.2,1347.4,664.2,2011.5,1568.1,257,421.9,1434.4,1563.5,3676.8,2193.8,1536.5,3730.3,26001
43040,2731.7,305.9,234,3271.7,417.4,591.3,461.4,1470.1,518.2,243,761.2,501.1,89.4,133.7,372.4,577.7,1173.1,747.3,547.1,1294.3,8471.5,2174.6,220.8,201.6,2597,313.4,488.4,424.3,1226.1,389.6,171.2,560.8,396.7,47.3,85.5,472.4,474.8,1080,564.2,334.1,898.2,6758.7,1811,NA,NA,2206.6,232.9,354.6,327.2,914.7,238.5,106.7,345.2,294.2,49.5,119.3,275.4,272.1,716.4,394.2,312.2,706.4,5183.4,664.9,49.5,56,770.4,67.8,99.2,100.7,267.7,67.7,45.1,112.9,109.4,9.9,26.5,124.2,103.6,264.2,125.8,93.7,219.6,1744.1,958.1,127.5,83.4,1169,123.8,182.5,184.3,490.6,98.7,67.7,166.4,169.9,39.5,50.7,144,137.9,372,291.4,175.9,467.2,2835.2,200.5,NA,NA,236.6,25.6,34.2,36.2,96,20.6,7,27.6,NA,9.9,12.9,28.6,NA,NA,27.5,30.5,58,526.7,114.9,NA,NA,124.1,8.2,13.2,18.6,40,8.8,5.4,14.2,NA,1.2,6.2,9.9,NA,NA,21.2,18.6,39.8,260.3,177.8,13.1,12.1,203,27.1,38.7,27.9,93.7,20.7,13.9,34.6,30,5.7,8.8,19.7,19.8,53.9,40.2,24.7,64.9,480.1,8833.5,1004,740.9,10578.4,1216.3,1802,1580.7,4598.9,1362.9,660,2022.9,1539.8,252.3,443.5,1446.5,1629.3,3771.7,2211.7,1536.8,3748.5,26260.1
43070,2801.8,316.6,242.5,3360.9,408.1,588.9,475.1,1472.1,518.5,250,768.5,509.9,87,137.6,373.3,553.5,1151.4,747,545.9,1293,8555.8,2183.3,217.3,204.8,2605.5,307,494.4,429.7,1231.2,386.8,184.3,571.1,394.2,48.6,79.5,487.9,465.1,1081.1,565,335.2,900.1,6783.3,1843.8,NA,NA,2244.1,225.9,347.5,336.3,909.6,245,108.2,353.2,304.9,50.3,124.7,275.4,259.2,709.5,390.5,316.1,706.6,5227.9,670,51.2,58.5,779.8,65.2,97.7,98.3,261.2,67.8,46.9,114.7,110.4,10.4,26.7,122.5,105.6,265.2,128.5,96.5,225,1756.2,965.5,127.2,81.2,1173.8,124,176.8,178.1,478.9,98.4,70,168.4,166.6,39.5,51.7,143.1,137.1,371.5,300.7,175.6,476.3,2835.5,200.4,NA,NA,237,25.2,36,35.5,96.7,19.8,7.7,27.5,NA,10.1,13.5,25.9,NA,NA,27.6,29.7,57.3,524.1,113.4,NA,NA,122.5,8.2,13.1,18.5,39.8,8.5,5.7,14.1,NA,1.2,7,8.8,NA,NA,20.7,18.2,38.9,259.4,178.5,13,12,203.5,26.1,39.1,28.5,93.7,21.7,15,36.7,29.4,5.6,9,20.1,19.6,54.3,39.2,22.9,62.1,479.6,8956.7,1017.9,752.2,10726.9,1189.8,1793.5,1600,4583.3,1366.5,687.8,2054.3,1555.3,252.8,449.8,1456.9,1583.2,3742.7,2219.2,1540,3759.3,26421.8
43101,2768.1,308.5,246.9,3323.5,402.2,578.2,480.4,1460.8,534.3,244.1,778.4,496.8,86,132.8,369.7,557.1,1145.5,753.8,539,1292.8,8497.9,2179.6,213.7,210.5,2603.8,311.3,489.6,426.1,1227,392.6,171.9,564.5,386,47.7,81,488,466.3,1083,564.4,334.7,899.1,6763.4,1840.3,NA,NA,2242.2,234.5,353.9,338,926.4,240.9,105.7,346.6,312.7,48.7,126.9,276.3,269.6,721.4,407.7,314.1,721.8,5271.1,673.6,50.2,54,777.7,69.1,102.3,90.2,261.6,66.6,44.1,110.7,109.5,10.9,25,120.4,105.1,261.3,124,93.8,217.8,1738.6,962.7,124.8,83.5,1170.9,121.6,176.6,176.3,474.5,98.5,69.8,168.3,171.1,41.1,51,147.1,139.7,378.9,295.1,172,467.1,2830.8,202.3,NA,NA,237.6,26.3,34.9,35.5,96.6,19.9,6.9,26.8,NA,11.1,12.9,28.4,NA,NA,26.4,27,53.4,522.6,113.9,NA,NA,123.1,8.2,13.9,17.8,39.9,8.7,5.7,14.4,NA,1.5,6,9.6,NA,NA,20.7,19.7,40.4,260.7,176.4,12.9,11.5,200.8,28.4,37,28.7,94.1,23,14.6,37.6,31.4,5.4,9.2,20.8,19,54.3,38.8,23.1,61.8,480,8916.9,996.2,766.6,10679.8,1201.5,1786.4,1593.1,4580.9,1384.5,662.7,2047.2,1546.1,252.2,444.8,1460.2,1599.6,3756.8,2230.9,1523.3,3754.3,26365.1
43132,2767.7,315.9,239.2,3322.7,414.2,576.7,479.7,1470.7,531.3,248.3,779.6,503.6,83.4,144.7,374.1,564.8,1167.1,763.7,553,1316.7,8560.3,2182.7,222.4,217.1,2622.2,320,488.9,437.5,1246.4,404.5,175.7,580.2,388.2,46,77.6,491.8,471.8,1087.2,572.8,337.8,910.6,6834.8,1849,NA,NA,2247.8,228.9,342.7,334.3,905.9,244.3,105.3,349.6,309.1,48.3,118.3,271.5,268.2,706.2,388.8,313.3,702.1,5220.7,672.2,50.7,55.9,778.8,68.7,98.6,96,263.3,65.3,45.9,111.2,110.4,11.6,26.9,121.4,106.5,266.4,123.1,94,217.1,1747.2,954.9,126.6,83.9,1165.4,122.7,171.3,178.3,472.4,101.4,68,169.5,168.3,39.9,50.2,146.8,135.4,372.3,298.3,171.6,469.9,2817.8,201.4,NA,NA,236.1,26.9,35.1,35.1,97.1,21.2,7.1,28.3,NA,10.5,13.3,30.5,NA,NA,27.1,28.8,55.9,528.2,115.1,NA,NA,124.6,8.5,13.1,18.5,40.1,8.7,5.6,14.3,NA,1.4,5.9,9.5,NA,NA,22.3,19,41.3,262.9,176.9,12.8,12.1,201.8,27.7,35.5,29.2,92.5,23.5,14.4,37.9,30.4,5.2,10,20,19.8,55,39,25.8,64.8,482.3,8919.9,1014.3,765.2,10699.4,1217.7,1761.9,1608.7,4588.2,1400.2,670.4,2070.6,1549.6,246.4,446.9,1465.6,1609.2,3768,2235.1,1543.3,3778.4,26454.2
43160,2783.5,314.3,260.1,3357.9,424.1,572.7,475.1,1471.9,510.4,239.9,750.3,501.8,84.7,134.9,367.5,563.7,1150.8,755.5,548.5,1304,8536.6,2205.4,218.4,220.5,2644.3,312.8,481,432.8,1226.6,402.2,178.1,580.2,391.8,43.1,81.2,490.2,472.9,1087.4,571.6,330.2,901.8,6832,1831.3,NA,NA,2232.4,229.7,335,340.3,905,246.4,105.5,351.9,308.7,45.6,128.7,273.1,272.9,720.3,372.4,310,682.4,5200.7,669.8,50.4,56.7,777,67.8,99.3,97.3,264.3,65.2,47.2,112.4,109.2,10.8,26,119,108.6,264.5,127,92.8,219.8,1747.2,973.3,125.8,87.1,1186.2,127.2,169.7,172.8,469.7,99.7,68.3,168,169.3,40.3,48.8,145,132.8,366.9,290.1,173.8,464,2824.1,201.4,NA,NA,236.3,26.5,35.9,35.1,97.5,20,7.1,27.1,NA,11.4,13.7,28,NA,NA,26.8,29.1,55.9,526.4,116.5,NA,NA,125.6,7.7,13.4,18.8,39.9,8.3,5.6,13.9,NA,1.4,5.9,9.5,NA,NA,22.3,19.5,41.8,263.8,179.8,13.9,13.4,207.1,26.8,36.5,29.2,92.5,22.7,14.5,37.2,30.5,5.7,10.5,19.8,19.9,55.9,40.3,26,66.3,489.6,8961,1014.3,791.5,10766.8,1222.6,1743.5,1601.4,4567.4,1374.9,666.2,2041.1,1550.2,243,449.6,1452.1,1614.1,3758.8,2205.9,1530.1,3736,26420.3
43191,2806.6,315.8,246.8,3369.2,433.6,572.2,488.5,1494.3,502.3,251.2,753.5,498.9,86.4,125.2,375.4,559.1,1146.1,770.7,564.1,1334.7,8596.8,2236.6,223,199.3,2658.8,320,485.5,444.5,1250,407.1,172.6,579.7,396.4,44.5,76.7,492.2,473.7,1087.1,574.7,322.4,897.1,6869.2,1844.3,NA,NA,2237.1,224.9,334.6,338.4,897.9,250.3,109.2,359.5,302.6,48.1,119.1,272.6,275.2,714.9,376.6,308.4,685,5197,671.1,49.3,53.3,773.6,67.9,97.3,98.7,263.9,59.6,46.9,106.4,106.2,10.6,25.2,121.3,105.5,262.6,130.1,93.7,223.8,1736.5,975.1,128.4,87.3,1190.9,125.4,175.5,168.6,469.5,99.2,72.9,172.1,170.2,42.6,41.6,149.1,140.2,373.6,289.9,177.7,467.6,2843.9,206.4,NA,NA,240.2,27.4,36.3,35.3,99,20.7,8.1,28.8,NA,11.2,13.1,25.8,NA,NA,27.7,29.6,57.3,532.4,119.8,NA,NA,129,9.3,13.6,19.2,42.1,8.8,5.8,14.7,NA,1.5,5.7,9.7,NA,NA,22.5,18.5,41.1,269.9,180.5,13.4,11.8,205.7,27.5,36.6,30.7,94.8,21.9,15,36.9,29.5,5.4,10.4,20.2,21,57,40.9,27.7,68.6,492.5,9040.4,1016.4,747.7,10804.5,1236,1751.6,1623.9,4611.5,1369.9,681.7,2051.7,1542.5,250.4,416.8,1466.2,1619.1,3752.6,2233.2,1542,3775.2,26538.1
43221,2787.1,316.4,255.4,3358.9,434.1,571.8,479.3,1485.2,538.6,262.7,801.2,524.6,84.1,126.3,372.6,558.3,1141.2,755.7,561.8,1317.5,8628.7,2229.3,221.1,204.2,2654.6,320.1,489.6,434.9,1244.6,407.1,180,587.1,404.6,43.9,76.5,491.1,479.5,1091,548,330.6,878.7,6860.5,1859,NA,NA,2262.7,222.9,340.8,338.3,902,254.6,109.5,364.1,317.9,46.7,128.6,267.1,274.2,716.6,366.8,308.7,675.5,5238.7,670.8,50.6,54.2,775.7,70.8,98.1,99.7,268.6,61.9,45.4,107.3,112.2,10.5,27,122.7,107.4,267.6,126.8,92.1,219,1750.3,990,128.3,86.5,1204.8,119.7,173.8,169.5,462.9,94.5,69.5,164.1,164.2,41,42,147.2,142.2,372.4,287.5,176.2,463.7,2832.2,207.9,NA,NA,242.2,27.2,36,34.4,97.7,21.5,8.8,30.3,NA,10.6,13.8,27.4,NA,NA,28.3,30.7,59,539.2,120.9,NA,NA,130.1,8.2,13.8,18.4,40.3,9,5.9,14.9,NA,1.5,5.5,8.9,NA,NA,22.4,18.7,41,269.4,179.4,13.4,12.4,205.1,27.2,35.6,31.3,94.1,22.8,15.3,38.1,32.1,4.7,11.4,19.2,21.4,56.7,41,26.6,67.6,493.6,9044.5,1020.3,769.2,10834,1230.1,1759.6,1605.7,4595.4,1409.9,697.1,2107.1,1594.4,242.9,430.9,1456.3,1629.5,3759.7,2176.5,1545.4,3721.9,26612.5
43252,2789.4,310.8,256.9,3357.1,434.8,572.9,480,1487.8,539.9,246.9,786.9,511,85.5,120.4,384,563,1152.9,780.4,561,1341.3,8637,2245.4,216.6,205.1,2667,319.6,497.6,429.8,1247,425.6,173.9,599.5,396.7,43.3,79.6,505.6,483.1,1111.6,576.5,341.4,917.9,6939.7,1877,NA,NA,2281.6,219,338.9,341.2,899,253.9,106.2,360.1,309.8,45.3,124.8,269,272.2,711.4,365.4,306.8,672.2,5234.2,671.6,49.8,53.1,774.5,69.8,97.3,100.1,267.2,63.6,47.1,110.7,112.3,10.4,24.9,123.3,107.4,266,127,93.6,220.6,1751.4,973.5,127.5,89.2,1190.1,122.5,179.3,164.1,465.8,100,69.1,169.1,175.6,43.2,44.7,146.9,142.1,377,283.6,173.3,456.8,2834.4,207.4,NA,NA,240.7,28.4,37,36.1,101.5,21,8.2,29.2,NA,10.8,15.3,26.9,NA,NA,29.6,29.7,59.3,541.6,120.8,NA,NA,129.5,8.3,13.4,18.7,40.4,9.4,5.9,15.3,NA,1.5,5.4,8.6,NA,NA,21,18,39,267.1,180.3,13.3,12.6,206.2,28,38.3,29.9,96.2,23.5,15.4,39,31.4,5.2,10.1,19.4,21.9,56.7,42.3,25.9,68.3,497.8,9065.2,1009.3,772.3,10846.8,1230.4,1774.7,1599.8,4604.9,1437,672.7,2109.8,1576,245.3,425.1,1483.8,1636.1,3790.3,2225.8,1549.7,3775.5,26703.3
43282,2797.3,309.3,263.1,3369.7,433.9,561.2,472,1467.1,533.5,242.7,776.2,502.5,84.2,137.2,386.8,571.5,1179.8,782.4,566.5,1348.8,8644.1,2247.2,216.9,204.7,2668.7,309.6,483.8,449.1,1242.6,423.5,175.5,599,385.7,42.2,82.4,511.2,492.5,1128.3,572.8,346.7,919.5,6943.8,1879.2,NA,NA,2290.3,225.4,340.2,341.6,907.2,252.6,106.7,359.4,304.4,48.1,134.7,271.2,281.5,735.6,380.9,313.6,694.6,5291.5,677.2,50.8,50.8,778.8,68.2,97.3,96.9,262.3,60.8,44.7,105.5,112.6,11.3,26.1,121.2,109.3,268,130.4,91.4,221.9,1749.1,967.5,128.7,89.9,1186.2,124.3,166.6,161.3,452.2,93,69.3,162.2,167.3,38.3,45.2,150.9,139.4,373.8,281.5,175.8,457.3,2799,212.7,NA,NA,247.5,27.5,37.6,34.9,100,19.7,8,27.7,NA,8.7,12.9,27.9,NA,NA,30.4,28,58.4,539.9,120.9,NA,NA,129.3,8.1,12.3,18.7,39,9.1,5.6,14.8,NA,1.4,5.3,8.2,NA,NA,19.6,19.3,39,264.1,180.9,13.7,12,206.6,27.2,35,29.6,91.9,24.8,15,39.8,30.3,5.4,10.2,17.9,22.5,55.9,42.7,26,68.6,493.1,9082.9,1019.1,775.1,10877.1,1224.3,1734,1604.1,4562.3,1417,667.6,2084.6,1541.4,239.7,454.1,1495.3,1661.8,3851,2240.7,1567.4,3808.1,26724.6
43313,2813.6,308.1,262.1,3383.7,435.6,558.5,472,1466.1,534.8,248.4,783.1,506.6,89.7,123,402.3,597.2,1212.2,796,574.8,1370.8,8722.5,2259.4,217.9,211.9,2689.2,318.3,486.5,455,1259.9,424.6,179.9,604.5,398,41.5,73.6,509.6,504.4,1129.2,578.5,352.2,930.7,7011.5,1881.2,NA,NA,2289.5,226.7,345.4,340.2,912.3,256.3,105.4,361.7,305.6,55.2,123.5,268.9,291.2,738.8,383.8,317.7,701.4,5309.3,682.8,51.2,51,785,71.5,96.6,98.4,266.4,60.2,44.7,104.9,112,10.6,25.6,121.3,111.2,268.8,131.6,93.2,224.7,1761.8,978.5,129.4,89.3,1197.1,122.6,173.1,159.3,455,92.9,71.5,164.4,167.9,38.7,46.1,151.6,142.7,379.1,285.5,174.7,460.2,2823.7,214,NA,NA,249.5,27,37.8,35.7,100.4,20.3,8.3,28.6,NA,9.3,12.5,27.3,NA,NA,31.3,28.7,60,545.8,120.3,NA,NA,128.9,7.7,11.9,18.5,38.1,9,5.5,14.5,NA,1.5,5.2,8.3,NA,NA,19,19.1,38.1,261.4,182.7,14.2,12.1,209,28.3,32.7,29.5,90.5,26,14.6,40.6,30.8,5.4,9.5,16.9,22.8,54.7,41.2,25.7,67,492.6,9132.3,1019.9,779.6,10931.9,1237.7,1742.5,1608.6,4588.8,1424.2,678.2,2102.4,1559.7,251.9,419.1,1506.3,1715.8,3893,2266.9,1586,3852.9,26928.7
43344,2825.3,307,262.3,3394.6,426,561.6,462.7,1450.3,533,244.8,777.8,509.5,83.9,120.2,386,587,1177.2,781.2,570.8,1352,8661.5,2262,218.2,214.5,2694.7,319.9,479.9,477,1276.8,419.1,178.7,597.9,401.2,42.8,83.7,518.2,499.7,1144.3,590.5,351.6,942.2,7057.1,1889.8,NA,NA,2296.8,237.9,342.6,334.6,915.1,252,105.8,357.7,303.8,50.7,121.4,268.1,297.9,738,388.3,316.2,704.4,5315.9,685,51.2,50.7,786.8,71.8,98.2,101.9,271.9,60.8,43.8,104.6,110.4,10.8,25.3,121.6,112.2,269.8,126.9,92.9,219.9,1763.4,979.6,127,89.1,1195.7,121.7,172.1,158,451.8,93.2,68.7,161.9,169.4,38.8,45.6,152.2,140,376.6,285.3,177.4,462.7,2818.2,214.3,NA,NA,250.1,25.9,36.7,35.9,98.5,20.7,8,28.7,NA,9.4,12.7,28.3,NA,NA,31.4,29.4,60.8,546.4,119.2,NA,NA,127.7,8.1,11.6,18,37.6,8.8,5.5,14.3,NA,1.4,5,8.4,NA,NA,18.2,19.1,37.3,258,182.1,13.9,12.1,208.1,27.6,36.1,31.1,94.8,26,14.2,40.2,30.5,5.3,8.9,18.5,22.4,55.1,40.7,26.1,66.8,495.6,9157.3,1013.2,784.1,10954.6,1238.8,1738.9,1619.1,4596.8,1413.6,669.5,2083.1,1564.1,243,422.8,1501.3,1704.4,3871.5,2262.6,1583.5,3846.1,26916.1
43374,2820.9,300,259.2,3380.1,442.3,569.5,445.7,1457.5,534.2,265,799.2,511.9,79.2,123.6,383.3,581.8,1167.8,731.5,569.3,1300.9,8617.4,2286.3,218.7,211.5,2716.5,323.5,494.3,465.8,1283.6,436.6,181.9,618.4,398.4,41.5,85.9,525.6,494,1146.9,603.5,350.2,953.6,7117.5,1920.2,NA,NA,2328.6,239.7,354.4,340.2,934.2,262,106,368,311.2,51.9,128.6,272.9,302.5,755.9,389,315.3,704.3,5402.2,689.2,51.3,47.3,787.8,72.3,103.7,100.1,276,63,43.7,106.8,111.1,10.9,27.3,121.6,114,273.7,127,90.4,217.4,1772.9,984.8,127.7,88.3,1200.8,124.7,174.5,161.2,460.4,94.4,68.6,163,165,36.9,48.8,155.7,138.4,379.8,291.6,175.3,466.8,2835.8,211.6,NA,NA,248.6,27.1,36.2,37.3,100.6,21.5,8.7,30.2,NA,8.6,13.2,28.6,NA,NA,30.3,29.2,59.5,547.4,118.3,NA,NA,126.7,8,12,18.3,38.4,8.9,5.4,14.3,NA,1.4,4.6,8.9,NA,NA,18.6,18.9,37.5,258.1,186.8,13.4,10.9,211.2,27.3,35.5,31.3,94,25.6,13.3,38.9,30.7,4.7,8.8,18.8,24.6,57,41.4,28.4,69.9,501.7,9218.2,1011.6,770.6,11000.3,1264.9,1779.9,1599.9,4644.7,1446.2,692.5,2138.8,1567.5,235,440.7,1515.5,1700.7,3891.9,2232.8,1577.1,3809.9,27052.9
43405,2839,296.5,257.4,3392.9,414.1,565.7,482,1461.7,516.8,256,772.8,504.3,78.9,113.9,392.1,563.6,1148.5,744.2,559,1303.2,8583.4,2281.8,211.5,206.8,2700.2,317.6,485.1,452,1254.7,422,179.9,601.8,392.1,40.1,84.9,514.7,502.6,1142.3,603.5,336.3,939.8,7031,1920.8,NA,NA,2329.3,224.7,350.8,337.3,912.8,258.6,105.9,364.4,302,55,120.1,275.7,300.2,751,382.2,311.6,693.8,5353.4,686,50.1,48.3,784.3,69.7,101,102.2,272.9,64.4,43.3,107.7,109,10.3,26.3,115.6,112.2,264.4,122.5,89.8,212.3,1750.6,979.4,123.5,86,1188.8,118.8,171.4,163.7,453.9,94.4,68.5,162.9,164.7,36.2,49.7,161.6,142.2,389.7,301.2,175.3,476.5,2836.5,210.6,NA,NA,247.2,25.8,36.7,35.5,97.9,20,8.6,28.6,NA,8.5,12.8,29.1,NA,NA,30.9,28.9,59.7,540.8,117,NA,NA,125.1,7.9,11.9,18.6,38.4,8.7,5.4,14.2,NA,1.3,4.3,8.3,NA,NA,17.7,18.7,36.4,254.4,188.5,13.6,11.2,213.4,27.9,35.9,31.6,95.3,25.8,13.5,39.3,30.2,4.8,8.8,19.1,22.8,55.4,41.6,27.7,69.3,503,9223,995,763.2,10981.2,1206.3,1758.6,1622.7,4587.6,1410.8,681.1,2091.8,1540.4,235,420.9,1516.1,1688.9,3860.9,2243.9,1547.3,3791.2,26853.1
43435,2903.8,303.2,265.7,3472.7,407.6,558.9,492,1458.5,520.4,262.3,782.7,511.9,79.6,117.9,391.5,574.2,1163.3,788.4,570.4,1358.8,8747.9,2315.1,215.1,211.7,2741.9,308.7,477.7,454.9,1241.3,430.4,186.7,617.2,398.9,38.5,89.9,517.5,498.7,1144.6,606.6,351.4,957.9,7101.8,1946.1,NA,NA,2359,220,351.4,339.2,910.5,252.9,106,358.9,308.4,53.8,115.6,280.4,310.4,760.3,390.6,325.3,715.9,5413.1,699.1,51.7,49.4,800.3,69,102.8,98.8,270.7,63.7,44.9,108.6,111,10.1,28.3,120.2,114.5,273.1,117.2,90.2,207.4,1771,997.3,126.6,86.5,1210.3,120.5,169.7,166.3,456.5,94,69.1,163.1,167.3,38,52,157.3,144.5,391.8,300.3,180.9,481.2,2870.2,212.7,NA,NA,250.3,26.4,37.1,37.6,101.2,19.3,8.7,28,NA,8.4,12.7,29.3,NA,NA,29.7,28.7,58.5,547,118.4,NA,NA,126.5,8,12.5,19.2,39.7,8.8,4.9,13.6,NA,1.1,4.3,8.6,NA,NA,15.7,19.8,35.5,256.4,191.1,14.1,11.7,216.9,27.8,36.3,31.1,95.2,23.6,13.7,37.3,29.7,4.8,8.5,18.7,23.3,55.2,40.9,27.8,68.6,503,9383.5,1012.2,782.2,11177.9,1188.1,1746.3,1639.2,4573.6,1413.1,696.2,2109.3,1567.5,234.4,429.2,1523.5,1711.2,3898.3,2289.4,1594.4,3883.8,27210.5
43466,2897.9,310.1,266,3474,399.5,586.2,490.7,1476.4,508.9,272,780.9,511,80.5,120.5,394.5,577.2,1172.8,802.1,575,1377.2,8792.2,2323.8,218.7,206.5,2749,314.4,472.7,466.4,1253.4,435,174.9,609.9,390.4,43,87.5,519.5,480.4,1130.4,594.1,355.3,949.3,7082.4,1944.2,NA,NA,2361.8,213.3,346.2,348.2,907.7,259.1,105.8,364.9,301.7,53.9,112.7,285.7,309,761.4,393.7,306.1,699.8,5397.3,699.6,NA,NA,798,69.3,105.5,94.9,269.6,62,41.6,103.6,108.1,9.8,25.7,121.4,117.4,274.4,127.4,92.2,219.6,1773.3,987.8,130.9,87.6,1206.4,123,165.1,163.9,451.9,97.9,71.5,169.4,165.5,37.5,54.6,154.4,144.1,390.6,297.6,176.1,473.7,2857.5,211.2,NA,NA,248.7,25,37.4,36.5,99,20.6,8.7,29.3,NA,9.5,13.5,28.6,NA,NA,30.6,29.9,60.5,547.9,119.2,NA,NA,127,7.7,11.2,18.8,37.7,8.6,5.3,13.9,NA,1.1,4.5,8.1,NA,NA,15.9,19.4,35.4,252.9,190.2,13.7,10.5,214.4,26,38.8,28.2,93,24.8,13.2,38.1,29.8,4.4,8.5,18.6,22.7,54.2,42.2,27.5,69.7,499.2,9373.9,1030.6,774.7,11179.2,1178.1,1763.1,1647.5,4588.7,1416.9,693.1,2110,1545.4,239.8,427.5,1530.9,1696,3894.2,2303.6,1581.6,3885.2,27202.7
43497,2910.3,308.9,269.4,3488.6,398.9,570.1,498.5,1467.4,520.1,273.2,793.3,511.2,76.7,114.4,391.6,586.2,1168.9,780.7,567.5,1348.2,8777.6,2337.1,214.2,214.3,2765.7,314.9,475.7,467.6,1258.1,432.8,185.5,618.3,401.1,42.1,87.2,520.1,503,1152.4,581.2,350.5,931.7,7127.4,1952.2,NA,NA,2369.4,215,347.3,333.8,896.2,270.5,109.5,380.1,307.4,52.4,111.1,285.3,310.2,759,407.9,315.3,723.2,5435.3,696,NA,NA,795.2,70.5,104.8,96,271.4,60.6,41.7,102.3,109.8,9.2,23.9,124,117.3,274.5,133.7,93.8,227.4,1780.7,997.3,126.5,88.5,1212.3,121.9,165.6,167.2,454.7,98.2,74.1,172.3,168.5,35.9,51.6,154.6,147.8,390,302.4,176.4,478.9,2876.7,212.2,NA,NA,250.7,25.5,36.5,34.3,96.3,20.6,8.8,29.3,NA,9.5,12.8,28.2,NA,NA,27.6,30.8,58.5,544.5,120.4,NA,NA,128.1,7.7,11.6,19.4,38.7,9,5.4,14.4,NA,1.1,4.7,7.7,NA,NA,16.3,20.5,36.9,258.1,194.5,13.5,10.9,218.9,26.7,37.9,31.3,95.9,24.6,13.4,37.9,30.9,4,8.6,19.1,23.3,55,42.1,28,70.2,508.7,9420,1017.1,791.9,11229,1181.1,1749.5,1648.1,4578.7,1436.3,711.7,2148,1568.4,231,414.5,1530.5,1734,3910,2292,1582.9,3874.9,27308.9
43525,2899.9,309.1,268.8,3477.7,394.1,560.7,489.2,1444,520.5,266.6,787.1,499.1,76.3,114.2,399.4,565.6,1155.6,783.4,583.1,1366.5,8730.1,2361.3,216.2,222.7,2800.2,319.5,469,475.4,1263.9,437.2,180.4,617.6,393.5,42.1,81.2,512.8,496.9,1133,583.3,350.2,933.5,7141.7,1960.7,NA,NA,2374.1,216.1,353.7,328.9,898.8,270.3,113.3,383.6,306.8,52.8,114.7,289.1,311.7,768.3,412.2,321.8,734,5465.4,700.1,NA,NA,797.9,74,107.1,95.7,276.8,61.6,41,102.6,104.6,10.2,21.8,129,116.5,277.6,131.5,94.4,225.9,1785.3,990.4,129.8,86.7,1206.9,122.2,161.4,167.3,450.9,96.1,75.5,171.6,164.2,33.5,50.1,152.8,147.6,384.1,300.9,175.7,476.7,2854.3,213.2,NA,NA,250.4,24.7,37,35.1,96.8,21.2,9.1,30.4,NA,8.7,13.1,28.8,NA,NA,29.6,30.7,60.3,546.3,121.5,NA,NA,129.1,7.7,11.2,18.4,37.2,8.9,5.3,14.2,NA,1.1,4.7,7.8,NA,NA,17.6,20.8,38.4,259.1,193.8,12.9,10.8,217.5,26.2,38,31.1,95.3,24.8,13.6,38.4,31.1,3.8,8.5,20,23.1,55.4,42.4,28.6,71,508.6,9440.8,1016.6,796.4,11253.7,1184.3,1738.1,1641.1,4563.6,1440.5,704.9,2145.4,1538.6,228.5,408.4,1539.7,1706.6,3883.3,2300.9,1605.2,3906.1,27290.7
43556,2852.4,304.8,281.6,3438.8,392.5,548.8,477.1,1418.5,508.6,257.9,766.5,515.7,75.1,110.8,390.2,584.2,1160.4,778.1,577.2,1355.3,8655.2,2344.5,213.1,232.1,2789.6,314.4,463,472.3,1249.6,427,185.4,612.4,394,41,79,511.1,494.7,1125.8,569.1,338.5,907.5,7079,1949.5,NA,NA,2382.9,214.1,353,332.9,900,277.2,111.3,388.5,309.2,52.5,118.5,289.6,313.1,773.8,419.1,318,737.1,5491.5,692.1,NA,NA,791.6,71.3,110.1,97.2,278.6,61.6,39.7,101.3,109,9,24.8,134.2,119.7,287.8,125.1,94,219.1,1787.3,977,126.1,86.7,1189.9,122.1,162.7,163.6,448.5,97.9,75.2,173.2,168.9,32,51,155.2,150.5,388.7,297.9,177.7,475.6,2844.7,211.5,27.5,9.9,248.9,23.3,35.8,33.9,93,19.9,8.9,28.8,NA,9.1,13.7,29.4,NA,NA,32.6,30.3,62.9,545.9,118.2,NA,NA,126.9,7.4,10.4,18,35.7,9,5.5,14.4,NA,1.1,5.2,8.5,NA,NA,17.2,21,38.2,257.6,192.5,13.4,11.3,217.2,26.5,35.7,30.7,92.9,25.3,13.6,38.8,30.9,3.3,8.3,20.3,22.3,54.3,43.4,29.2,72.5,506.6,9337.6,1029.1,819.1,11185.8,1171.5,1719.4,1625.7,4516.6,1426.5,697.4,2123.8,1567.9,223.1,411.5,1538.6,1732,3905.2,2282.5,1585.9,3868.4,27167.8
43586,2868.1,302.9,261.7,3432.7,387.1,547.4,470.4,1404.9,523.3,261.5,784.8,511.5,73.9,110.5,394.4,590.9,1169.6,780.9,576.8,1357.7,8661.3,2359.1,214.3,226.1,2799.5,333.6,483.7,473.4,1290.7,429.2,189.9,619.1,407.7,40.4,83,521.1,491.1,1135.6,577.9,340.6,918.6,7171.3,1971.3,NA,NA,2391.1,218,346.6,332.9,897.5,271.8,108.9,380.7,306.8,54,121.1,291,316.5,782.6,431.2,312.2,743.5,5502.1,693.8,NA,NA,793.3,73.7,117.6,98.4,289.7,63.9,41.7,105.6,112.9,9.1,23.8,132.2,122.7,287.8,120.7,94.2,214.9,1804.2,991.2,129.9,88.9,1210,123.2,167.2,163.6,454,98.9,77.4,176.3,168.4,32.6,50.6,156.4,150.6,390.3,288.7,174.9,463.7,2862.7,213.1,27.7,10.4,251.2,23.4,35.8,34.8,94.1,19.7,9.4,29.1,NA,9,11.9,28.9,NA,NA,30.3,30.9,61.2,544,119,NA,NA,127.6,7.6,10.3,18.1,36,8.7,5.3,13.9,NA,1.3,5.3,7.8,NA,NA,18,20.9,39,258.9,191.2,13.1,11,215.3,26.8,37.9,31.1,95.8,26.2,13.8,40,31.1,3.3,8.1,20.5,22.5,54.5,44.4,29.1,73.5,510.3,9406.8,1018.3,795.7,11220.7,1193.5,1746.5,1622.7,4562.7,1441.6,707.9,2149.5,1578.3,223.7,414.2,1552.4,1741.1,3931.5,2292.2,1579.9,3872,27314.8
43617,2864.6,300,253.4,3418,399,561.3,474.1,1434.3,531.8,264,795.8,512.3,76.8,111.2,413,585,1186,772.3,584.9,1357.1,8703.6,2359.8,214.7,213.2,2787.6,315.5,500.9,463,1279.3,437.4,200.4,637.9,396.6,41.8,80.7,529.1,493.5,1145,586.4,349.3,935.7,7182.1,1968.5,NA,NA,2382.8,222.2,356.8,334.4,913.4,274,112.5,386.5,309,55.5,118.2,294.3,317.4,785.4,419.2,320,739.2,5516.2,692,NA,NA,789.9,72.6,110.9,92.1,275.6,62.5,41.4,103.9,111.2,8.7,25.3,130.7,121.9,286.6,126.3,94.4,220.7,1787.9,990.9,128.4,85.4,1204.7,121.4,165.5,165.2,452.1,98.2,73.7,171.9,167.7,32,51.3,160.5,152.9,396.6,300.4,175.1,475.4,2868.5,214.5,27.4,10.1,252,25.2,36.5,34.7,96.3,20.1,9.4,29.6,NA,9.3,12.3,30,NA,NA,32,31.2,63.2,552.2,118.8,NA,NA,127.1,6.8,10.7,18.3,35.8,9,5.5,14.5,NA,1.3,5.2,7.1,NA,NA,18.6,20.8,39.4,259.3,192.4,13.1,10,215.5,27,37.6,31.1,95.7,26.1,13.7,39.7,31.3,3.7,8.5,20.9,23.7,56.8,41.2,30.6,71.9,510.9,9401.5,1014.5,761.6,11177.6,1189.6,1780.1,1612.8,4582.6,1459.1,720.6,2179.6,1568.9,229,412.7,1585.5,1742,3969.2,2296.3,1606.4,3902.7,27380.7
43647,2862,304.8,244.9,3411.8,393.4,573.4,485.6,1452.4,526.1,267,793.1,503.9,80.6,111.5,399.8,581.3,1173.2,774.1,590,1364.1,8698.5,2374.3,216,214.2,2804.5,315.9,487.6,466.2,1269.7,437.6,189.4,627,397.2,41.7,85.1,534.6,488,1149.4,581.5,356.2,937.7,7185.5,1981.9,NA,NA,2406,219.1,363.9,337.2,920.2,274.7,115.6,390.3,306.4,57.9,120.5,296,315,789.3,402,316.4,718.5,5530.6,689.8,NA,NA,791,75.6,107.2,97.9,280.7,59.6,43,102.5,106.7,8.6,25.2,125.8,124,283.6,122.9,91.4,214.3,1778.9,998.1,130.4,86.7,1215.2,123.8,167.1,167.8,458.7,98.4,75.9,174.2,165.2,32.7,53.7,159.4,152.2,397.9,308.4,174.6,482.9,2894.2,214.6,28.1,10.1,252.8,24.5,37.2,34.4,96.1,20.4,9.5,29.9,NA,10.2,12.1,30.8,NA,NA,29.5,31.3,60.8,551.9,119.9,NA,NA,128.6,7.4,10.7,19.2,37.3,8.7,5.3,13.9,NA,1.3,5.1,6.7,NA,NA,18.5,19.5,38,260,189.9,13.4,9,212.3,26.5,36.7,30.8,94.1,25,13.4,38.4,30.9,4.6,8.8,20.1,23.6,57.1,40.8,30.2,71,503.7,9430.6,1025.8,765.7,11222.2,1186.3,1783.9,1639,4609.2,1450.4,719,2169.4,1550.6,237.5,422,1573.1,1732.1,3964.8,2277.7,1609.6,3887.3,27403.5
43678,2857.3,307.1,245.3,3409.6,392.3,575.5,479.2,1446.9,538.3,274.1,812.4,517.8,72.9,119.4,394.7,603.4,1190.4,774,577.5,1351.5,8728.5,2371.9,218.9,216.7,2807.5,322,491.5,476,1289.5,448.3,190.9,639.2,399.6,39.5,86.8,536.4,485.9,1148.7,588.2,358.6,946.8,7231.3,1990.1,NA,NA,2417.2,220.3,361.7,339.6,921.6,273.6,122.4,396,311.2,56.1,120.1,299.4,319,794.7,415.7,314.9,730.5,5571.2,690.3,NA,NA,791.6,69.9,105.6,99.7,275.1,58.8,42.8,101.6,111.2,8.6,26.6,130,126.3,291.4,122.8,91.8,214.6,1785.5,1008.5,131.8,89.1,1229.4,120.2,167.8,165,453,96.4,78.2,174.6,166.9,31.5,56.6,162,150.8,400.9,297.2,174.2,471.4,2896.2,216,29.3,9.9,255.3,24.6,36.2,34.9,95.7,20.5,9.5,30.1,NA,10.3,12.1,30.8,NA,NA,30,31.1,61.1,555.2,119.8,NA,NA,128.1,7.3,11.3,18.9,37.6,8.8,5.3,14.1,NA,1.2,4.7,6.8,NA,NA,18.4,20.8,39.3,261.6,191.9,13.1,10.1,215.1,27.9,37.5,32.1,97.5,25,13.6,38.7,31.6,3.6,9,21.1,23.7,57.4,42.7,30.6,73.4,513.7,9445.8,1032.2,775.8,11253.8,1184.4,1787.1,1645.4,4616.9,1469.8,736.9,2206.7,1578.4,223.9,435.4,1581.1,1758.6,3998.9,2288.9,1599.6,3888.5,27543.4
43709,2880.2,307.7,241.1,3429.1,400.3,578.8,472.2,1451.3,535.3,271.2,806.5,518.3,69.8,120.5,400.9,605.1,1196.2,784.1,576.6,1360.7,8762.1,2384.4,219.2,219.6,2823.2,319.8,494.4,479.3,1293.5,445.4,185.4,630.9,397.9,41.6,85.3,541.1,481.5,1149.4,589.8,352.8,942.6,7237.4,1985.3,NA,NA,2415.7,218.7,360.2,336.6,915.5,278.5,115.3,393.7,309.4,55.4,116.4,306.8,317.6,796.1,406.1,312.5,718.6,5549.1,694.6,NA,NA,793.9,72.8,108.3,100.3,281.4,59.6,41.5,101.1,109.2,8.3,26.2,130,125.4,289.9,124.6,94.3,218.9,1794.4,1013.9,135.7,89.1,1238.7,120.1,165.6,169.7,455.5,96,75.9,172,166.1,31.4,58.4,158,150.4,398.1,304,177.5,481.5,2911.8,217.3,28.9,10,256.2,24.4,36.2,35.5,96.1,19.7,9.7,29.4,NA,10.7,12.2,31,NA,NA,31,31.9,62.9,558,119.8,NA,NA,128.5,7.2,11.1,19,37.3,8.2,5.3,13.5,NA,1.2,4.9,6,NA,NA,17.1,21.8,38.9,259.9,194.2,12.9,10.1,217.1,28.3,37,31.2,96.6,24.2,13.6,37.8,31.6,4,9.1,21.2,24.2,58.5,42.8,31,73.8,515.3,9489.6,1040.5,772.4,11302.5,1191.6,1791.6,1643.8,4627.1,1467,717.9,2184.8,1572.7,222.2,432.9,1595.1,1752.9,4003.1,2299.5,1598.3,3897.8,27588.1
43739,2898.3,318.1,248.9,3465.3,399.5,567.1,473.2,1439.7,528.9,269.6,798.4,517.1,63.8,126.4,404.8,605.3,1200.4,782.6,563,1345.6,8766.6,2396.3,220.3,220.8,2837.4,321.4,489.1,492.5,1303.1,437.7,188.1,625.8,403.9,39.1,82.6,535.7,465.2,1122.6,600.5,344.7,945.3,7238.1,2002.8,NA,NA,2442.5,221.6,359.1,338.5,919.2,284.4,115.6,400,307.6,55.7,116.8,312.8,325.6,811,423.7,312.4,736.1,5616.2,695.3,NA,NA,800.4,71.3,104.8,101.9,278,60.1,41.3,101.3,109.9,7.3,25.7,128.4,123.1,284.4,123.3,95.5,218.8,1793,1018.8,134.1,88.6,1241.4,127.7,174.9,165.6,468.2,95.1,74.2,169.3,167.2,30.4,58.4,152,154.5,395.4,300.7,181.4,482.1,2923.7,220.5,29.2,10.2,259.9,24.9,40.1,35.8,100.8,20.5,10.1,30.6,NA,11.2,13.3,32.7,NA,NA,32,31.8,63.8,573.6,121.6,NA,NA,130.3,7.2,12,19.3,38.5,7.9,5.2,13.2,NA,1.2,5.4,7.1,NA,NA,16,21.4,37.4,264.5,195.4,12.6,10.6,218.6,29.5,37.7,31.9,99.2,24.6,13.7,38.3,31.3,3.9,8.3,22.1,24.3,58.6,45.1,30.2,75.3,521.2,9549.1,1056,790.8,11395.8,1203.1,1784.8,1658.9,4646.7,1459.2,717.7,2176.9,1577.7,212.6,437,1595.7,1750.1,3995.4,2323.8,1580.5,3904.3,27696.8
43770,2884.9,318.8,247.3,3451,394.1,563,482.1,1439.2,518.6,270,788.5,519.7,60.9,121.3,401,598.5,1181.7,774.4,586.8,1361.2,8741.3,2382,224.7,218.9,2825.7,325.4,501.5,475.4,1302.3,442.1,183.5,625.6,408.6,37.1,83.2,525.5,451.8,1097.6,606.8,342.6,949.4,7209.2,1990.3,NA,NA,2427.3,224.3,367,338,929.2,282.8,113.9,396.7,310.8,54.4,110.3,312.5,322.1,799.3,438.6,319.9,758.5,5621.9,692,NA,NA,795.6,73.4,106.2,103.5,283.2,58,42,100,113,8.3,24.7,125.8,121.9,280.6,125.9,99.7,225.6,1797.9,1017.6,136.3,87.6,1241.5,123.2,175.9,163.8,463,98.5,72.5,170.9,170.8,32.3,58.1,154.3,148.8,393.5,292.5,184.2,476.7,2916.4,219.5,29.6,10.2,259.4,23.8,39.4,35.3,98.5,19.7,9.7,29.4,NA,11.5,12.8,31.6,NA,NA,31.6,31.9,63.5,568.8,121.8,NA,NA,130.7,7.1,11.7,19.7,38.5,8.1,5.4,13.4,NA,1.2,5.2,7.2,NA,NA,15.4,20.7,36.2,262.2,196.7,13,10.6,220.3,27.7,36.7,31.5,95.9,24.7,13.7,38.4,31.9,3.7,8.2,21.7,25,58.6,42.2,30.6,72.8,518,9504.9,1064.7,781.7,11351.4,1199,1801.4,1649.4,4649.8,1452.4,710.7,2163.1,1595.8,209.4,423.7,1579.5,1719.3,3931.8,2327.5,1616.3,3943.8,27635.7
43800,2923.9,320,252.9,3496.7,397.5,578.1,469.3,1444.9,527.9,270.9,798.9,521.7,64.2,124.2,407.7,601.1,1197.1,761.3,602.3,1363.6,8822.9,2434.1,229,213,2876.1,328.3,504.5,478.8,1311.6,468.7,187.2,655.9,407.4,33.7,90.4,525.2,460.4,1109.7,605.7,350.9,956.7,7317.4,2025.1,NA,NA,2467.9,236.3,368.7,331.8,936.8,280.7,114.8,395.5,312.3,52.7,115.1,323.2,334.7,825.7,421.8,315.2,737.1,5675.3,699.4,NA,NA,804.3,71.6,105.4,98.6,275.6,59.5,42.3,101.9,109.3,8.7,25.8,126.2,122.6,283.3,124.1,98.3,222.4,1796.8,1029.7,135.5,87.2,1252.4,124.3,178.7,169.3,472.3,98.9,71.8,170.8,166.5,30.9,62.4,153.5,150.8,397.5,310.6,186,496.6,2956,223.8,30.3,10.1,264.2,25,41.6,37.3,104,21.5,9.6,31.1,NA,11.5,13.6,31.8,NA,NA,33.7,32.8,66.5,586.6,120.9,NA,NA,129.9,6.8,12.2,19.7,38.7,8.4,5,13.5,NA,1.3,5.2,7,NA,NA,16.3,20.2,36.5,261.7,203.3,11.9,11,226.2,28.5,38.5,30.9,97.9,25,13.1,38.1,31.7,3.3,8,21.6,25,57.9,40.5,30.8,71.3,523.3,9660.2,1072,785.5,11517.7,1218.2,1827.8,1635.7,4681.7,1490.8,714.8,2205.6,1589.9,206.3,444.7,1596.2,1747.3,3994.5,2314,1636.7,3950.7,27940
43831,2927,323.7,246.2,3497,402.8,572.2,464.9,1440,521.2,265.8,787,516.1,65.2,114,405.6,610.5,1195.4,764.2,603.6,1367.8,8803.3,2451.2,237.7,213.8,2902.7,325,488.9,483.9,1297.8,456.7,183.6,640.3,390.8,35.2,84.8,531.8,455.7,1107.4,600.2,360.2,960.3,7299.4,2031.7,NA,NA,2471.8,225.3,379.1,336.3,940.7,284.1,115.6,399.7,314.3,55.1,111.3,321.5,330.8,818.6,416.2,321.7,737.9,5683.1,700.2,NA,NA,809,70.8,104.9,97.8,273.6,58.8,42.1,100.9,110.6,7.9,24.5,124.4,120.8,277.6,127.8,99.9,227.7,1799.3,1012.5,136.3,88.1,1237,122.6,170.2,170.9,463.7,99.8,70.5,170.3,163.8,28.8,58.2,151.2,151.2,389.4,304.2,189.8,494,2918.2,224.5,30.7,9.4,264.7,25.2,40.4,NA,NA,21.1,9.8,30.9,NA,10.8,12.3,30.9,NA,NA,33.5,31.5,64.9,578.8,120.5,NA,NA,129.6,6.9,11.9,NA,NA,7.9,5.3,13.2,NA,1.2,5.1,6.7,NA,NA,16.3,20.5,36.8,260.1,195.6,12.9,8.6,217.1,27.6,37.6,31.4,96.6,24.1,12.8,36.9,29.4,3.2,7.6,20.6,26.2,57.6,37.6,31.1,68.7,506.4,9663.3,1095.4,770.1,11528.8,1206.3,1805.4,1640.8,4652.4,1473.8,705.5,2179.2,1566,207.5,417.6,1592.6,1746.2,3963.9,2299.9,1658.2,3958.2,27848.6
43862,2949.1,317,241.2,3507.3,387,568.6,485.2,1440.8,502.3,255.5,757.8,516.1,61.7,117.2,408.5,579.5,1167,748.9,594.3,1343.1,8732.1,2446.8,232.8,211.4,2891,330.9,475.5,480.5,1287,441.9,169.5,611.5,405,37.2,87.1,560.7,453.4,1138.4,620.1,361.9,982,7314.9,2046,NA,NA,2490.1,221.1,368.1,340.1,929.2,273,112.3,385.3,311.4,56.2,109.3,324.6,341.4,831.5,412.5,331.6,744.1,5691.6,704.2,NA,NA,809.2,68.6,104.4,104.5,277.6,57.7,42.7,100.4,110.3,7.3,24.4,124.5,123.7,279.9,120.6,100.4,221,1798.4,1029.9,135.6,88.6,1254.1,122.5,171.1,173.3,466.9,95.4,71.4,166.8,173.6,28.6,57.7,158.2,153.2,397.8,301.4,190.8,492.2,2951.5,226.5,30.1,9.2,265.8,24.9,40.4,NA,NA,21.1,9.7,30.8,NA,10.7,12.4,31.1,NA,NA,33.2,30.9,64.1,578.3,120.9,NA,NA,129.8,6.9,12.5,NA,NA,7.6,5.8,13.4,NA,1.2,4.6,7,NA,NA,17.2,19.8,37.1,261.2,200.8,13,8.7,222.5,28.6,38.1,31.1,97.7,24.3,13.1,37.4,31.8,2.7,7.6,20.3,28,58.5,38.3,30.4,68.7,516.7,9724.2,1074.9,770.6,11569.7,1190.5,1778.8,1669.8,4639,1423.3,680,2103.3,1589.6,205.6,420.3,1635,1729.7,3990.6,2292.3,1659.9,3952.3,27844.6
43891,3589.7,448.3,287.4,4325.4,377.9,627.5,547.8,1553.2,400.5,209.3,609.9,472.9,59.3,122.4,490.1,628.5,1300.3,558,487.4,1045.4,9306.9,3038,305,271.4,3614.4,293.1,532.1,575.9,1401.2,290.4,131.2,421.6,348.9,32,92.7,693.3,499.2,1317.3,352.3,316.6,668.9,7772.2,2469.6,NA,NA,3053.6,200,390,389.2,979.2,212.9,92.3,305.1,284.5,56.8,136.5,393.7,390.3,977.3,280.7,306.2,587,6186.7,856.5,NA,NA,995.4,67,116.4,112.3,295.7,42.3,37.2,79.5,97.3,6.6,29.5,144.2,142.9,323.1,82.3,89.6,171.9,1962.8,1272.6,172.8,123.7,1569.1,116.4,198.1,193.7,508.2,58.9,59.9,118.8,154.8,27.7,67.2,187.9,181.4,464.2,236.6,172.8,409.4,3224.5,266.6,36,10.8,313.4,22.9,44.8,NA,NA,16.5,9.2,25.8,NA,11.4,16.2,37.6,NA,NA,17.3,30,47.3,626.3,140.5,NA,NA,151.6,7.1,15.8,NA,NA,6.2,5,11.2,NA,1.4,6.3,8.9,NA,NA,15.4,19.1,34.5,288.8,242.5,16.7,11.1,270.3,29,44.1,39.4,112.5,17.9,11.4,29.2,28.5,3,10,26.7,31.2,70.9,27.4,25.7,53.2,564.5,11876,1414.5,1002.7,14293.2,1113.5,1968.8,1919.9,5002.2,1045.6,555.5,1601.1,1425.3,198.1,480.8,1982.3,1932.3,4593.5,1570.1,1447.5,3017.6,29932.9
43922,2977.5,404.5,248.7,3630.8,351.1,615.4,608.3,1574.8,197.5,119.6,317.1,416.5,49.9,134.6,365.4,630.9,1180.8,258.1,357.7,615.8,7735.7,2452.9,257.3,225.1,2935.2,255.5,524.8,580.6,1360.9,113.2,68.2,181.4,290.5,23.3,77.8,480.8,461.5,1043.4,131.5,271.2,402.8,6214.3,2045.2,NA,NA,2531.6,206.9,387.5,429.8,1024.1,96,43.5,139.5,251.9,50.3,109.1,292.8,423.1,875.3,132.3,261.7,393.9,5216.4,708.8,NA,NA,821.3,63.6,125.5,127.3,316.4,14.4,20.5,34.9,93.2,5.6,25.8,105.8,147.7,284.9,49.8,81.4,131.2,1682,1053.7,149.5,95.9,1299.1,115.5,192.6,210.4,518.4,24.6,25.3,49.9,136.9,22.9,62.9,132.7,176.6,395.1,152.3,161.6,313.9,2713.3,226.1,28.1,9.6,263.8,19.6,40.2,NA,NA,4.6,5.4,10,NA,10.1,16.9,27.3,37.7,92,4.7,23.2,27.9,517.4,135.5,NA,NA,144.5,6.7,17.7,NA,NA,3.6,2.5,6.1,NA,1.1,5.5,6.9,16.9,30.3,9.6,19,28.6,266.4,205.2,15.7,10.4,231.4,30,39.9,44.4,114.3,8.8,5.6,14.5,22.7,2.8,9.5,15.8,32.1,60.3,12.8,26.1,38.8,482,9804.9,1235.8,817,11857.7,1048.9,1943.6,2063.6,5056.1,462.8,290.6,753.5,1245,166,442.1,1427.6,1926.5,3962.2,751.1,1201.9,1953,24827.5
43952,3071.2,496.6,259.1,3826.9,431.3,695.8,644.7,1771.8,458.4,215.3,673.7,569,57.8,165.3,409.4,632,1264.5,353.5,474.6,828,8933.9,2567.2,342.7,245.5,3155.3,351.2,603.2,635.3,1589.7,291.4,127.2,418.6,404.4,26.3,106.6,537.1,463.2,1133.3,182,325.6,507.5,7208.8,2144.9,NA,NA,2682.5,290.2,448.1,467.8,1206.1,246,106.4,352.3,375.8,57.2,134.7,306,431.2,929.1,192.8,318.6,511.3,6057.1,748.7,NA,NA,882.4,92.4,142.3,140.9,375.6,43,39.3,82.3,131.2,7.5,35.4,118.9,151.9,313.7,65.6,94.1,159.7,1944.9,1118.6,196.9,100.5,1416.1,157.7,227.7,229,614.5,71.3,60.5,131.8,195.3,28.5,86.4,145.3,204.9,465.1,203.3,200.2,403.4,3226.2,236.4,35.5,10,281.9,29.3,47.9,NA,NA,13.5,8.9,22.4,NA,11.8,18.3,31.9,39,100.9,7,30.2,37.2,606,137.1,NA,NA,148.1,8.3,16.9,NA,NA,7,5.1,12.1,NA,1.1,7.7,7.6,18.7,35.1,11.8,19.9,31.8,287.4,206.9,20.1,10.7,237.7,35.4,44.5,45,124.9,22,11.2,33.3,32.5,3.2,11.7,17.1,31.9,63.9,14.7,31.9,46.6,538.8,10230.9,1534.2,865.7,12630.8,1395.9,2226.4,2236.2,5858.6,1152.5,573.8,1726.4,1756.2,193.3,566.1,1573.4,1972.7,4305.6,1030.6,1494.9,2525.5,28803.1
43983,3083.8,452.2,266.2,3802.2,468.7,681.9,609,1759.7,570.9,236.2,807.1,513.5,55.1,162.4,415.4,649.7,1282.5,572.6,521.7,1094.4,9259.2,2646.8,340.4,247.2,3234.3,358.4,577.3,611.2,1546.9,357.9,170.7,528.6,373.4,29.6,105.1,517.9,478.7,1131.4,321.5,350.7,672.2,7486.6,2167.1,NA,NA,2705.1,277.3,434.4,426.9,1138.7,284,106.3,390.3,310.7,60.4,135.5,321,430.8,947.7,324.3,330.2,654.5,6147.1,754.3,NA,NA,882.7,90.8,139.8,125.3,355.9,64.7,43.2,107.9,120.9,9.7,33.5,118,150.6,311.8,85.9,97.7,183.7,1962.8,1118.6,182,103,1403.5,163.1,220,211.6,594.6,99.8,70.3,170.2,172.1,27.4,84,146.2,197.6,455.2,277.4,209.6,487,3282.6,238.6,35.7,10.3,284.6,28.5,46.5,NA,NA,22.5,9.1,31.6,NA,10,19.1,30.6,40.7,100.5,22.5,32,54.5,626.2,127.2,NA,NA,137.2,8.5,15.3,NA,NA,9.5,5.1,14.6,NA,1.3,7.7,7.9,19.8,36.6,12.1,20.7,32.8,277.5,211,19.8,10.3,241.1,34.4,41.9,43.7,120,28.1,13.1,41.2,31.4,3.6,10.9,17.6,32,64.1,26.2,32.9,59.1,557,10347.4,1470.1,873.2,12690.7,1429.7,2157.1,2093.9,5680.7,1437.5,654,2091.4,1568.3,197.1,558.3,1574.5,1999.9,4329.7,1642.6,1595.5,3238.1,29599
44013,3170.5,457.2,277.2,3904.9,498.1,771.7,602.8,1872.7,656,278.2,934.1,557.9,60.2,201.3,470.6,664,1396.1,669.4,562.6,1232,9897.6,2738.1,341.7,241.2,3320.9,361.4,622.1,626.4,1609.9,289.6,125.6,415.2,328.6,29.6,113,556.3,507.7,1206.7,233.3,307.5,540.8,7422.2,2191.2,NA,NA,2720.4,315.4,490.9,419.3,1225.6,327.4,138.3,465.6,346.3,55.9,166.7,336.4,420.5,979.4,394,347.4,741.3,6478.8,768.3,NA,NA,895.5,90,145.3,128.1,363.4,75.4,56.9,132.3,126,7,33.7,120.1,147.4,308.2,104.2,106.4,210.7,2036.1,1132.4,181.4,104.2,1418,175.8,246.7,211.3,633.8,126.4,87.3,213.8,191.2,29.5,83.1,154.8,199.2,466.6,307.1,215.1,522.3,3445.6,244.1,37.2,11.5,292.8,30.1,48.8,NA,NA,23.2,11.5,34.7,NA,12.1,19.7,32.1,40.6,104.5,30.7,34.2,64.9,657.7,126.5,NA,NA,136.7,9.1,16.9,NA,NA,10,6.2,16.1,NA,1.1,7.5,8.5,20.4,37.4,13.8,19.7,33.6,283.1,215.9,19.8,12.1,247.7,38.9,46.2,44.1,129.2,31.1,15.4,46.5,32.5,3.2,11,19,32.6,65.7,31.4,33.7,65.1,586.7,10587.1,1464.3,885.6,12937,1518.9,2388.6,2098.3,6005.7,1539.1,719.2,2258.3,1631.4,198.6,636,1697.8,2032.3,4564.8,1783.9,1626.7,3410.6,30807.8
44044,3140.3,442.8,275.3,3858.4,504.4,773.9,606,1884.3,604.7,278.8,883.5,548,51.3,187.7,438.8,667.1,1345,606,544.7,1150.7,9669.9,2732,335.2,244.2,3311.4,275.4,432.9,526.1,1234.4,165.5,89.1,254.5,205.2,22.4,74.9,498.9,471.2,1067.4,139.8,286.2,426,6498.9,2203.8,NA,NA,2731,315.7,483.2,410.2,1209.1,299.8,129.8,429.6,324.4,54.2,134.3,339.8,417.2,945.6,409.9,327.8,737.7,6377.4,758.8,NA,NA,884.1,92.7,143.9,120.1,356.7,69.3,58.2,127.5,124,7.5,31.3,119.7,148,306.5,98.1,105.3,203.4,2002.2,1132.1,179.4,106.9,1418.4,169.2,238.2,200.3,607.7,114.9,86.4,201.3,185.7,29.3,80.3,155.3,200.4,465.2,310.9,221.3,532.2,3410.4,244.1,36.4,10.9,291.4,31,49.6,NA,NA,23,11.9,34.9,NA,12.9,19.2,32.3,41.1,105.5,29.7,33.8,63.5,652.4,131.8,NA,NA,142.3,9.4,16.6,NA,NA,9.4,6.1,15.5,NA,1.1,7.9,8,22.4,39.4,15.2,20.3,35.5,292.7,214.3,19.1,11.5,244.9,39.2,48.7,42.9,130.8,31.3,15.2,46.4,32.5,3.1,10.8,20.3,34.8,69,32.1,34.5,66.6,590.2,10557.2,1431.3,893.3,12881.9,1437,2186.9,1968.2,5592.2,1317.9,675.4,1993.3,1467.5,181.8,546.5,1613.1,2002.1,4343.6,1641.8,1573.8,3215.6,29494.1
44075,3112.2,435.6,273.6,3821.4,517.2,690.4,602.4,1810,612.1,280.3,892.4,542.5,58.7,186,444.3,644.2,1333.1,630.4,559.3,1189.7,9589.2,2695.6,329.8,239,3264.4,256.4,429.7,524.7,1210.9,155.9,82.3,238.2,214.7,28,89,514.3,434.9,1066.1,167.4,303.1,470.5,6464.9,2189.9,NA,NA,2687.1,310.3,420.5,408.4,1139.2,304,128.1,432.1,329.8,57.6,132.9,339,404.9,934.5,391,347.9,739,6261.6,743.3,NA,NA,866,87.9,134.7,118.7,341.3,67.9,50.5,118.4,125.3,7.4,31.5,116.4,138.2,293.6,102.3,105.3,207.6,1952.1,1130.6,177.6,103.2,1411.4,169.4,213.4,192.8,575.5,110.3,84.9,195.2,185.4,31.2,75.4,159.2,187.4,453.2,305.9,220.1,526,3346.7,240.8,34.5,10.8,286.1,31.6,41.7,NA,NA,22.1,11.2,33.3,NA,12.6,18,32.9,41.5,105,29.5,33.9,63.4,639.3,134,NA,NA,144.7,9.5,16.6,NA,NA,9.6,6.1,15.7,NA,1.2,7.5,8.2,21.7,38.6,16.1,21.7,37.8,298.1,210,19.8,11.3,241.1,37.5,45.1,43.4,125.9,29.7,15.3,45,32.1,3.3,9.9,20.3,32.9,66.4,31.2,34.3,65.5,576,10456.4,1395.9,869.8,12722.1,1419.8,1992.1,1955.9,5367.8,1311.6,658.8,1970.4,1477.5,200,550.3,1634.6,1905.5,4290.5,1673.8,1625.7,3299.5,29127.9
44105,3121.9,444.6,274.4,3840.9,502.7,684.7,602.9,1790.3,651.6,275,926.6,566.3,58.8,197.6,450,651.3,1357.8,659.8,563.6,1223.4,9705.4,2657.9,333.7,250.2,3241.9,297.2,445.7,521.9,1264.9,237.9,104.3,342.2,283.5,30.3,90.9,553.6,465.3,1140,209.8,342.9,552.8,6825.3,2206.9,NA,NA,2712.2,301,401.4,410.1,1112.6,308.3,128,436.2,341,55.6,125.4,340.5,396.1,917.6,423.5,352.4,775.9,6295.5,745.8,NA,NA,868.9,93,135.9,118.9,347.8,69.2,49.7,118.9,125,8,30.9,120.8,140.1,299.9,106.7,106.5,213.2,1973.7,1127.9,180.9,107,1415.8,164.7,209.3,201.5,575.5,114.6,83.2,197.8,192.2,33.5,72.4,161.8,197,464.7,316.4,224.4,540.8,3386.8,242.8,34.6,10.5,287.9,29.8,41.2,NA,NA,22.3,10.9,33.1,NA,12.4,17,32.7,40.2,102.3,29.5,35.2,64.7,635.6,134.5,NA,NA,145.8,9.9,15.3,NA,NA,9.5,6.3,15.8,NA,1.2,6.9,8.1,21.8,38,17.4,22.3,39.7,300.1,211.8,20.2,10.4,242.4,37.4,45.2,41.7,124.3,31.8,15.7,47.5,32.8,3.3,10.2,20.6,31.7,65.8,33.7,35.7,69.4,582.3,10449.6,1420.7,885.5,12755.8,1435.6,1979,1960.6,5375.2,1445.2,673,2118.2,1589.5,203.2,551.3,1688.2,1943.4,4386,1797,1683,3479.9,29704.6
44136,3096,435.7,277.5,3809.2,478.8,744.5,570.8,1794.1,647.9,275.3,923.3,604.8,54.8,206.4,449.3,668.5,1379,663.8,569.5,1233.3,9743.6,2558.6,324.3,251.5,3134.5,415.7,716.1,601.6,1733.4,516.8,204.2,721,488.2,37.6,141.5,555,573.2,1307.4,447,359.8,806.8,8191.2,2205.4,NA,NA,2714.2,302.1,448.5,426.9,1177.5,323.9,129.9,453.8,347.6,54.7,141.1,338.6,413.2,947.6,428.6,355.2,783.8,6424.5,777.5,NA,NA,900.7,84.5,137.2,113.2,334.8,63,47,110,115,7,31.3,119.7,141.8,299.7,81.8,96,177.8,1938.2,1125.6,170.2,108.6,1404.4,165.5,237.8,188.2,591.5,108.7,83,191.7,192,32.8,74,162.3,202.1,471.2,308.6,221,529.6,3380.4,240.7,34.4,10.3,285.5,29.9,41.1,NA,NA,23.2,11.6,34.8,NA,12.9,16.9,32.6,43.1,105.5,30.2,34.9,65.1,640.1,134.2,NA,NA,145.5,9.5,15.6,NA,NA,9.3,6.4,15.6,NA,1.2,6.9,8.3,22,38.3,18.5,23.7,42.3,303.8,210.8,19.9,9.7,240.4,35.8,45.9,42,123.7,33.4,15.6,49,33.6,3.5,10.4,21,31.9,66.7,35.4,36,71.4,584.9,10348.9,1394.5,891,12634.4,1521.8,2386.6,2007.4,5915.8,1726.2,773,2499.2,1831.7,204.5,628.4,1686.8,2095.8,4615.5,2014,1696.1,3710.1,31206.6
44166,3153.6,436.6,275.6,3865.9,478.5,691.5,567.5,1737.5,615.2,276.5,891.7,543.9,51.5,170.5,466.6,692.9,1381.5,656.8,564.7,1221.5,9642,2526.1,326,251.5,3103.6,357.6,542.6,561.3,1461.5,496.1,197,693.1,426.6,36.5,114.6,570.2,521.3,1242.7,515.3,381.8,897,7824.5,2276.6,NA,NA,2783.8,306.7,417.1,422.6,1146.4,318.8,137.5,456.3,347,56.1,124.8,341.9,408.9,931.7,441.1,372.7,813.8,6479.1,743.7,NA,NA,865.7,90,133.4,122.7,346.1,72.9,50.8,123.7,115.6,6.1,29.8,121.7,152,309.7,110.2,106.4,216.7,1977.4,1140.4,183,112.4,1435.8,160.2,209.2,201.2,570.7,113.8,84.9,198.7,189.6,33.4,73.1,168.2,204.2,478.8,315.3,225.6,540.9,3414.4,242.4,34.5,10.6,287.5,32,41.1,NA,NA,23.6,10.9,34.5,NA,12.1,15.6,33.5,39.8,100.9,30,35.1,65.1,635.9,136.2,NA,NA,148.9,9.8,15.2,NA,NA,9.8,7,16.8,NA,1.7,6.3,8.8,22.1,38.9,19.3,23.8,43.1,308.5,219.2,20.2,9.4,248.8,34.6,44.8,41.9,121.3,30.3,15.9,46.1,33.5,3.5,10.8,21.5,33.6,69.5,36.6,36.2,72.8,592,10438.2,1410,891.7,12739.8,1469.3,2095.1,1981.1,5545.5,1680.4,780.5,2460.8,1702.8,200.8,545.6,1732.5,2074.8,4553.7,2124.7,1746.4,3871.1,30873.6
44197,3135.6,431.7,287.1,3854.4,502.8,676.5,603.3,1782.6,574.1,279.1,853.2,517.2,53.8,156.7,462.8,697.6,1370.9,699.3,549.4,1248.7,9627,2567.6,317.9,252.6,3138,361.8,558.4,535.5,1455.6,461.3,197.3,658.6,435.8,36.5,135.3,562,532.2,1266,504.8,374.6,879.3,7833.4,2228.4,NA,NA,2738.6,296.5,412.6,425.4,1134.5,287.4,133.2,420.6,331.6,54.2,123.2,345.8,417.4,940.6,432,360.7,792.7,6358.6,738.7,NA,NA,863.3,86.8,126,120.4,333.2,73.9,51.5,125.4,123.7,6.9,31,116.9,142.1,296.9,113.9,112.6,226.6,1969.1,1163.5,195.2,112.4,1471.1,163.7,215.2,203.3,582.1,109.9,82.7,192.6,188.6,32,73.5,169.7,204.7,479.9,305.6,229.8,535.5,3449.7,240.8,34.3,10.7,285.8,31.1,41.5,NA,NA,22.9,12.4,35.2,NA,11.7,16,32.1,38,97.8,31.5,36.1,67.6,635.7,138.4,NA,NA,150.1,9.5,14.7,NA,NA,9.5,6.7,16.2,NA,1.3,6.9,9.6,22.2,39.9,19.5,23.9,43.4,310.3,214.3,20.2,8.4,242.8,37.3,43.5,41.5,122.2,30.8,16.5,47.3,33.5,3.5,10.7,20.9,34.4,69.6,37.8,37,74.8,590.1,10427.3,1413.5,903.5,12744.2,1489.5,2088.4,1993.8,5571.7,1569.8,779.3,2349.1,1679,199.9,553.2,1719.8,2088.6,4561.5,2144.3,1724.1,3868.5,30774
44228,3019.2,413.2,289.7,3722.1,505.7,675.5,600.3,1781.5,657.6,296.5,954.1,565.8,56.1,156.4,473.3,666.6,1352.4,726.6,551.2,1277.8,9653.6,2547.8,309.6,255,3112.4,346,556.5,516.9,1419.4,381.6,180.3,561.9,381,35,127.8,569.9,527.8,1260.5,507.7,350,857.7,7592.8,2166.9,NA,NA,2666.1,313.8,414.7,420.1,1148.6,318.9,153.1,472,346.8,55.6,121,355.2,420.6,952.5,443.1,367,810.1,6396,724.7,NA,NA,844.4,89.3,133.1,118.2,340.6,77.2,55.8,133,122.8,7.2,31.3,115.3,143.2,297,114.3,112.8,227.1,1964.9,1111.6,172.7,102.5,1386.8,164,203.2,195,562.2,94,69.8,163.8,172.1,32.5,76.2,167,204.9,480.5,289.5,218.2,507.8,3273.2,239.1,33.6,11,283.6,32.6,43.2,NA,NA,23,12.8,35.8,NA,10.6,14.9,33.2,40.9,99.6,32.9,35.2,68.1,638.7,135.8,NA,NA,146.2,9.1,15.7,NA,NA,8.9,7,16,NA,1.4,7.4,9.5,22.7,41,17.8,23.4,41.2,305.2,211,19.8,8.8,239.7,37.9,45.6,40.5,124,30.5,16.6,47.1,36.3,2.9,9.9,21.9,33.9,68.7,40.1,36.7,76.7,592.4,10156.1,1356.1,889.1,12401.3,1498.4,2087.4,1955.3,5541.2,1591.8,792,2383.7,1672.1,201.3,544.9,1745.4,2060.5,4552.2,2171.9,1694.5,3866.4,30416.9
44256,2961.6,412.7,289.7,3664,503.3,666.2,588.5,1758,653.6,296.7,950.3,575.9,56,153.9,479,672,1360.9,719.5,549.6,1269.1,9578.2,2442.6,305.3,259.7,3007.6,358.9,559.8,531,1449.8,455.5,207,662.4,446.6,37.3,133.7,569.6,534.9,1275.5,571.6,380.7,952.3,7794.2,2183.6,NA,NA,2680,297.9,399.1,417.3,1114.2,311.9,136.4,448.4,345.2,55.3,115.6,354.1,417.5,942.5,443.2,372.7,815.9,6346.1,719.9,NA,NA,838.2,86.2,129.2,118.2,333.6,77.4,51.7,129.1,125,7.7,32.2,115,142.9,297.6,110.2,113.9,224.1,1947.6,1111,174.8,109.5,1395.3,171.6,214.5,198.7,584.7,112,81.6,193.6,208.2,34,77.5,166.8,212.9,491.1,325,236,561,3434,241.2,35,11.5,287.8,32,40.1,NA,NA,23.8,11.6,35.5,NA,10.7,14.2,32.7,41.1,98.7,34.7,37.6,72.4,642.2,133.5,NA,NA,144.8,8.8,14.6,NA,NA,9,7.7,16.7,NA,1.3,7.6,10.1,23,42,19,23.4,42.4,304.4,205.8,19.8,8.9,234.5,35.8,42.1,39.2,117.1,31.3,16.6,47.9,37.4,3.1,9.9,22.7,31.9,67.6,39.1,33.5,72.6,577,9999.3,1355.6,897.3,12252.1,1494.4,2065.5,1955.4,5515.2,1674.5,809.3,2483.8,1786.9,205.3,544.4,1750,2076.1,4575.9,2262.4,1747.4,4009.8,30623.7
44287,3002.4,413.9,303.2,3719.5,517.1,681.6,613.9,1812.5,678.3,302.4,980.7,555.5,65.6,161.6,483,680.1,1390.3,755.3,588,1343.3,9801.9,2494.1,306.8,243.4,3044.2,364.9,581.1,543,1489,483.5,209.9,693.4,431.5,41,137.9,580.2,554.7,1313.8,564.5,386.8,951.3,7923.2,2176,NA,NA,2677.8,304.5,405.5,400.6,1110.6,309.6,131.1,440.6,343,56.2,113.6,360.7,422.9,953.4,442.8,396,838.8,6364.2,727.6,NA,NA,848.9,91,134.3,108,333.3,80.8,52.6,133.4,123.8,7.8,32.6,114.6,138.5,293.5,108.6,116.4,225,1957.9,1116.8,176.7,106.4,1399.9,178,207,203.4,588.4,107,76.8,183.8,177.6,33.8,74.7,165.4,210.4,484.3,322.6,235.9,558.6,3392.6,243.4,35.1,11.3,289.8,32.6,40.7,NA,NA,24.5,11.2,35.7,NA,11.1,14.5,32.8,40.6,98.9,34.6,35.9,70.5,645.2,132.8,NA,NA,145.1,9.4,15.1,NA,NA,9.3,7.7,17,NA,1.4,7.5,10.2,22.8,41.8,17.8,23.1,40.9,303.8,210.7,19.9,8.9,239.5,37.2,43.3,43,123.5,31,16.3,47.2,34,3.3,9.3,22.1,33.1,67.8,40.5,36,76.5,588.4,10103.9,1363.8,897,12364.7,1534.5,2108.6,1976.5,5619.7,1724,808,2531.9,1712.3,220.1,551.6,1769,2103,4643.7,2286.8,1818.1,4104.9,30977.2
44317,3002,416.8,303.8,3722.6,501.1,682.1,598.5,1781.7,699.8,306.9,1006.7,546.1,63.1,171,482.5,691.9,1408.4,766.4,580.3,1346.7,9812.3,2583.3,305.8,239.6,3128.7,330.1,550.3,544.6,1425,427.9,203.2,631.1,383.1,37.2,145.8,568.9,559.3,1311.1,554.2,382.7,936.9,7815.9,2189.8,NA,NA,2692.8,300.5,408.6,407.7,1116.8,332.3,138.8,471.1,347.7,56.1,109.6,361.9,422.6,950.2,459.6,385.4,844.9,6423.6,737.2,NA,NA,861.1,85.9,135.2,109,330.1,76,50.3,126.4,119.4,7.7,33.1,113.5,135.5,289.9,108.6,115.5,224.1,1950.9,1114.6,173.7,105.8,1394,175.2,218,202.1,595.3,112.4,78.3,190.7,190.7,31.5,79.8,163.3,217.1,491.7,327.4,237.6,565,3427.4,246.3,36,11.2,293.5,33.3,41.6,NA,NA,24.4,11.4,35.8,NA,11.7,14.3,31.2,41.1,98.3,35.7,33.9,69.5,649.6,131.5,NA,NA,144,9.4,14.7,NA,NA,9.3,7.2,16.5,NA,1.4,7.6,9.7,22.7,41.5,17.6,22.3,39.9,300.3,213.1,20.7,8.6,242.4,34.6,44.6,40.4,119.6,31.7,16.5,48.2,34.3,3.1,10.3,21.5,33.6,68.5,43.1,35.5,78.6,591.6,10217.8,1371.7,889.6,12479.2,1470.2,2095.1,1967.8,5533.1,1713.9,812.6,2526.5,1667.7,211.7,571.6,1752.5,2123.7,4659.5,2312.6,1793.1,4105.7,30971.6
44348,3097.9,422.9,314.2,3835,487,675.4,590.6,1753,631.5,280.7,912.1,497.2,54.8,163.8,475.1,720.1,1413.8,697.5,578.7,1276.2,9687.2,2603.3,306.3,241.3,3150.9,324,545.9,560.7,1430.6,349.2,178.1,527.3,343.9,34.1,140.8,523.8,558.3,1257,468.1,373.7,841.9,7551.6,2245.4,NA,NA,2750.9,303,411.2,406.4,1120.6,315.2,135.5,450.7,343.2,52.2,110.7,368.3,427.9,959,423.4,359.7,783.1,6407.5,748.2,NA,NA,872.1,91.1,136.2,105.2,332.5,78.3,51.3,129.6,122,7.5,35.4,111.6,141.4,295.9,102.9,115.8,218.6,1970.6,1127.9,174.6,105.3,1407.8,172.1,208,203.2,583.3,113.4,77.5,190.9,186.9,31.2,80.4,163.7,215.3,490.6,315.6,235.8,551.5,3410.9,247.8,36.3,11.1,295.2,32.6,40.2,NA,NA,23.6,11.9,35.5,NA,11.5,13.7,31.8,41.1,98,34.7,33,67.6,645.5,131.7,NA,NA,144.4,7.8,13.2,NA,NA,8.9,6.3,15.2,NA,1.4,7.4,9.7,22.8,41.3,17.6,21.9,39.5,293,216,20.7,8.4,245.1,36,44.5,41,121.5,30.6,16.7,47.3,34.1,3.2,11.2,22,33.8,70.2,42.6,35.4,78,596.3,10418.3,1382.9,900.1,12701.3,1453.6,2074.5,1970.2,5498.3,1550.6,758,2308.6,1572.2,195.9,563.4,1705.9,2160.6,4625.8,2102.4,1753.9,3856.4,30562.5
44378,3246.5,454.9,296.6,3998,415.2,644.8,590.5,1650.5,349.9,207.7,557.5,352.9,37.9,155.3,483.9,743,1420.1,451.5,414.5,866.1,8845.1,2653.3,307.4,240.8,3201.4,326.9,564.3,508.6,1399.8,375,201,576,347.1,34.8,130,545.7,557.8,1268.2,473.2,369,842.2,7634.8,2240.2,NA,NA,2764.8,304.3,425.2,416.4,1145.9,275.1,143.1,418.2,321,53,113.8,370.7,447,984.5,415.6,323.3,738.9,6373.2,753.5,NA,NA,874.6,78.9,130,100,308.9,67.5,50.1,117.7,103.4,6.2,29.7,111.1,142.1,289.1,104.7,104.4,209,1902.7,1121.2,175.6,105.8,1402.7,176.8,227.6,206.9,611.4,115.7,85.8,201.5,189.7,30.8,83.5,165.7,218.8,498.8,319,242.6,561.7,3465.7,248.8,36.3,11.1,296.1,33.9,44.9,NA,NA,25.8,12.2,38,NA,11.2,13.7,33.1,43.1,101,36.9,31.3,68.1,662.5,130.4,NA,NA,143.7,9.6,15.9,NA,NA,7.9,6.7,14.5,NA,1.6,7.7,10.2,22.9,42.4,18.4,21.4,39.7,300,216.9,20.6,10,247.5,37.9,50.2,41.4,129.5,31.3,18.2,49.5,33.9,2.9,8.5,21.5,36.3,69.2,41.3,34.3,75.6,605.1,10610.8,1416.9,901.1,12928.8,1383.6,2102.7,1930.7,5417,1248.2,724.8,1972.9,1395.8,178.3,542.2,1741.8,2211,4673.4,1860.6,1540.7,3401.3,29789.2
44409,3308.6,491.4,299.1,4099.1,310.5,570.2,599.8,1480.5,299.3,148.6,447.9,257.6,38,155.3,488.2,771.6,1453.1,374.7,384.9,759.6,8497.8,2829.8,356.2,237.3,3423.3,295.7,560.2,519.4,1375.4,260,137.3,397.3,250.4,25.9,121.4,563.3,533.3,1243.9,367.5,376.6,744.1,7434.4,2248,NA,NA,2754.3,305,423.6,429.7,1158.2,259.6,113.5,373.1,327.9,51.5,99.7,378.7,463.6,993.5,384.4,320.3,704.7,6311.7,740.3,NA,NA,862.3,94.3,145.4,128.3,367.9,79,52.4,131.3,124.4,7.3,37.2,117.7,152.4,314.6,105.9,114,219.9,2020.5,1126.4,168.5,103.8,1398.7,182.7,233,210.5,626.2,120.1,84,204.1,195.6,31.1,78.7,170.8,229.8,510.4,347.6,247.7,595.3,3530.2,248,35.6,9.5,293.1,34.8,40.1,NA,NA,25.7,11.8,37.5,NA,10.3,13.7,33.5,42.8,100.4,38.7,30.6,69.3,655.7,132.8,NA,NA,145.7,9.5,16.3,NA,NA,9,6.1,15,NA,1.5,7.4,10.3,22.5,41.7,17.6,21.2,38.8,300.7,218.6,21.7,8,248.3,22.4,31.1,33.5,87,15.2,9.5,24.7,15.5,1.7,5,19.1,34.5,60.2,24.2,24.1,48.4,484.1,10852.6,1494.1,878.2,13224.9,1254.9,2019.9,1987.4,5262.2,1067.8,563.1,1631,1219.3,167.1,518.4,1781.7,2250.5,4717.7,1660.6,1519.4,3180,29235.1
44440,3249.7,487,319,4055.7,364.8,632.9,630.3,1628,316.7,171.7,488.4,268.4,41.5,155.4,473.8,783.4,1454.2,453.7,418.9,872.6,8767.4,2788.1,372.3,239.3,3399.7,292.9,568,519,1379.9,222.3,136,358.3,249.2,27,128.6,566.1,557.6,1279.2,311.5,359.3,670.8,7337,2216,NA,NA,2718.6,330.4,433.6,426.5,1190.5,331.8,153.8,485.6,345.2,53.1,123.8,399,478.2,1054,455.1,354.5,809.6,6603.4,739.5,NA,NA,862.5,100.2,155.2,128.3,383.7,82.4,55.4,137.8,125.6,7.8,38.5,117.5,148.6,312.5,110.7,115,225.7,2047.9,1120.2,170.7,98.8,1389.8,183.7,252.2,211.7,647.6,128.3,92.9,221.2,199.1,28.9,92,171.1,234,526,357.5,252.9,610.4,3594,246.1,35.7,10.3,292.1,32.4,41.1,NA,NA,27.1,12.4,39.4,NA,10.6,15.7,32.9,43.4,102.5,42.5,30.8,73.2,662.9,130.5,NA,NA,142.8,9.4,16.4,NA,NA,9.7,7.5,17.1,NA,1.4,7.5,10.5,22.7,42.2,18.9,20.6,39.5,301.3,217.2,21.3,7.8,246.3,18.1,29.8,29.8,77.6,5.2,4.8,10.1,0.7,1.2,1.6,16.9,30.5,50.3,15,23.4,38.4,423.3,10707.3,1502.6,897.6,13107.5,1331.9,2129.3,2013.4,5474.6,1123.4,634.4,1757.9,1236.1,171.5,563.2,1787.7,2298.5,4821,1764.9,1575.3,3340.2,29737.2
44470,3190.2,480.1,310,3980.2,501,701.7,690.9,1893.6,623.1,295.3,918.4,498.8,48.2,175.8,501,795.4,1520.4,657.4,469.1,1126.5,9938,2722.4,356.2,235.7,3314.4,313.2,542.1,533.3,1388.5,271.5,137.5,409,273.5,31.8,143.7,577.9,587.3,1340.7,416.7,397.8,814.5,7540.7,2247.8,NA,NA,2771.5,308.4,435.7,430.2,1174.4,323.4,148.8,472.2,370.3,49.1,119,377.8,478.4,1024.3,476.9,351.9,828.8,6641.5,750.9,NA,NA,877.7,95.6,147.2,128.2,370.9,78.6,52.6,131.3,122,8.1,39.8,121.5,148.9,318.3,101.8,113.9,215.6,2035.9,1124.6,170.9,109.8,1405.3,175.7,231,212.4,619.2,130.8,91,221.9,198.9,26.2,90,175.7,235.9,527.8,376,247.9,623.9,3596.9,249.7,36.2,10.4,296.3,30.4,41.5,49.4,121.2,26.3,NA,NA,NA,9.9,13.2,31.6,42.7,97.4,42.9,30,72.8,659.5,131,NA,NA,143.2,10.1,18.2,21.1,49.5,9.8,NA,NA,NA,1.6,8.8,10.2,21.7,42.3,18.3,20.6,38.9,304.7,221,22.5,11.1,254.6,28.9,36.9,42.5,108.3,11.1,9.3,20.4,17.6,1.4,5.7,18.7,33.7,59.5,27.7,30.1,57.8,518.1,10637.6,1491.3,914.2,13043.1,1463.2,2154.3,2108,5725.5,1474.6,753.6,2228.2,1528.8,176.3,596,1814.3,2344.2,4930.8,2117.6,1661.2,3778.8,31235.3
44501,3050.4,418.8,308.9,3778.1,565.6,771.8,611.3,1948.6,722.2,346.8,1069,559.5,48,194.8,506,826.1,1574.8,783.4,470,1253.4,10183.4,2563.6,319.2,219.4,3102.2,467.1,806.6,561.7,1835.3,580.7,263.6,844.3,506.4,40,177.8,592.2,659.9,1469.9,606.6,403.9,1010.5,8768.6,2227.8,NA,NA,2725.9,319,435,425.6,1179.6,334.2,152,486.2,369.1,53,110,366.1,492.4,1021.5,478.6,331.1,809.7,6592,741.3,NA,NA,866.3,100.3,149,128.3,377.7,80.6,54.9,135.5,125.1,8.1,37.9,126.6,151.8,324.3,101,112.2,213.1,2042,1123.6,168.5,112,1404.2,177.1,235.6,213.4,626.1,129.8,90,219.8,202.1,24.9,84.6,177,246.9,533.5,372.5,247,619.5,3605.1,250.1,33.1,10.2,293.5,31.8,40.5,51.2,123.5,26.4,NA,NA,NA,9.2,11.9,30.7,43.1,95,43.7,30,73.8,660.2,128.7,NA,NA,140.3,9.3,16.2,20.2,45.6,8.7,NA,NA,NA,1.5,7.9,10.3,21.7,41.4,18.9,19.9,38.8,294.4,211.2,21.4,10.9,243.5,39.1,46,44.8,129.9,29.2,18.7,47.9,38.4,2.8,9.7,22.1,36.9,71.5,43.1,34.2,77.3,608.5,10296.7,1370.5,886.8,12554,1709.1,2500.6,2056.6,6266.2,1911.7,945.3,2857,1849,187.4,634.7,1831,2478.8,5131.9,2447.8,1648.3,4096.1,32754.2
44531,3173.9,465.3,300,3939.2,502.7,683.4,636.3,1822.4,689.6,326.1,1015.7,492.5,48.1,167.5,545,853.1,1613.7,779.2,500.2,1279.4,10163,2651.6,355.1,230.8,3237.6,389.5,639.5,556.4,1585.4,520.5,225.7,746.2,386,38.9,143.5,632.8,644.6,1459.9,597.1,380.6,977.7,8392.7,2353,NA,NA,2893.4,305.2,397.8,462.4,1165.3,304.7,145.7,450.4,332.1,53,109.5,369.4,496,1027.9,507.3,359.8,867.1,6736.1,776.1,NA,NA,907.5,99.9,129.5,133.8,363.2,75.4,47.5,122.9,106.8,8.6,34.1,122.6,150,315.3,93.5,111.6,205.1,2020.9,1160.9,185.9,115,1461.8,172.8,219,220.5,612.3,127.4,86.6,214,178.7,23.8,88,172.3,245.7,529.9,376.7,256.2,632.9,3629.5,254.3,36.8,9.7,300.8,31.4,39.4,53,123.7,25.8,NA,NA,NA,9.5,12.4,31.2,42.5,95.6,43,30.2,73.1,659.5,135,NA,NA,149.7,10.2,17.4,21.3,48.9,9.9,NA,NA,NA,1.7,8.1,10.4,19.5,39.7,19.5,20.3,39.8,307.4,219.4,22.5,10.9,252.8,35.7,44.5,46.3,126.5,27,16,43,30.9,2.5,7.7,21.7,37.9,69.8,44.9,36.3,81.3,604.3,10724.4,1500.1,918.2,13142.7,1547.3,2170.5,2130,5847.8,1780.4,864.5,2644.9,1569.8,186.1,570.7,1905.5,2489.4,5151.7,2461.2,1695.2,4156.4,32513.4
44562,3216.3,437.3,323.2,3976.8,522.6,693,627.5,1843.1,653.7,327.2,980.9,503.9,44.5,175.2,558,831.5,1609.2,774.3,507.3,1281.5,10195.5,2703.6,344.7,232.4,3280.7,403,660.4,555.8,1619.2,473.4,237.6,711,396.1,40.3,171.4,656.2,644.9,1512.8,575.9,376.2,952,8471.7,2355.3,NA,NA,2902,314.8,398.7,446.9,1160.4,289,132.9,421.8,334.5,48.8,121.4,385,478.2,1033.4,510.5,368.3,878.8,6730.9,795.4,NA,NA,928.5,101.9,130,136.5,368.4,65.7,45.8,111.5,113,9.2,41.8,134,153.2,338.2,90.9,110.8,201.7,2061.3,1227,183.5,117,1527.5,163.3,240.2,220.7,624.2,128.6,83.5,212.1,196.1,22,89.7,189.4,252.2,553.3,370.7,253.8,624.6,3737.8,252.5,34.2,10,296.7,31.2,38.9,51.1,121.1,23.7,NA,NA,NA,8.8,14.5,30.5,42.4,96.3,44.4,30.5,74.9,653.9,136.9,NA,NA,150.8,9.4,17.9,21.4,48.7,9.1,NA,NA,NA,1.7,8.1,10.9,21.9,42.6,22.2,20.8,43,313.6,219.2,21.9,9.1,250.2,36.1,45.2,46,127.3,25.6,15.4,41.1,31.3,2.7,10.5,21.9,37.5,72.7,43,36.9,79.9,602.4,10906.1,1445,962.1,13313.1,1582.3,2224.2,2105.8,5912.4,1668.8,859.2,2527.9,1618.8,178,632.8,1986,2461.8,5258.5,2431.9,1704.5,4136.5,32767.2
44593,3136.6,443.8,304.1,3884.5,541.3,700.6,633.8,1875.6,734,343.8,1077.8,569.1,43.9,172.3,536.6,862,1614.9,918.8,518.2,1437,10458.8,2640.6,344.3,225.4,3210.3,401.2,658.4,580,1639.6,525.2,237.6,762.8,425.6,42.2,174,617.9,625,1459.1,704.7,385.8,1090.5,8587.9,2315.9,NA,NA,2831.7,309,418.5,437.7,1165.3,349.1,167.6,516.6,365.8,53.9,130.1,391.6,462.4,1038.1,534.6,371.3,905.9,6823.3,776.3,NA,NA,910.3,109.6,137.6,144.1,391.4,81,57.1,138,123.2,9.2,44.1,134.7,148.5,336.5,108.1,106.3,214.4,2113.8,1120.3,176.6,118.4,1415.3,169.5,238,213.8,621.3,127.7,83.5,211.3,182.6,24.6,88.2,199.5,246.7,559.1,373,258,631,3620.6,249.9,37,9.6,296.4,29.2,39.2,53,121.4,24.9,NA,NA,NA,8.4,13.4,29.7,42.5,94,47.1,31.6,78.6,660.5,129.8,NA,NA,143.3,9.9,17.2,20.9,48,9.8,NA,NA,NA,1.4,8.2,10.7,19.8,40.2,20.1,20.2,40.3,300.8,215.5,22.3,11.3,249.1,35.8,46.6,46,128.4,26.9,16.2,43,34.5,2.9,8,21.2,37.6,69.7,48.1,37.9,86,610.9,10584.9,1450.7,905.3,12941,1605.5,2256.1,2129.3,5991,1878.4,923.6,2802,1747.5,186.6,638.5,1941.9,2444.5,5211.5,2754.5,1729.2,4483.7,33176.7
44621,3113.7,424.3,303.5,3841.4,557.5,750.4,636.4,1944.3,748.3,353.8,1102.1,585.7,42.6,158.2,539.5,880.7,1621.1,952.8,521.4,1474.2,10568.8,2609.9,347,223,3179.9,416.6,667.3,563.8,1647.7,526.9,242.1,768.9,432.6,39.9,178.8,624,630.4,1473.2,700.2,396.7,1096.9,8599.2,2345.6,NA,NA,2858.4,310.8,457.4,463.2,1231.4,356.9,167.8,524.7,392.7,53.3,128.9,397.4,497.8,1077.4,554.2,371.7,925.9,7010.6,779.6,NA,NA,913.5,106.8,136.9,137.6,381.4,80.9,54.9,135.8,116.8,9.4,44.1,138,147.7,339.2,106.6,112.2,218.9,2105.6,1150.9,180.1,116,1447,175.2,245.8,223.6,644.6,127.7,82.4,210.1,195.6,24.3,83.8,195.8,254.2,558,366.4,252,618.5,3673.8,254,37.4,9.7,301.1,30.7,40,51.9,122.7,24.5,NA,NA,NA,7.8,12.1,28.6,41.9,90.4,50.4,31.8,82.2,665.1,130.3,NA,NA,144.6,10.4,17.5,21.9,49.8,10.4,NA,NA,NA,1.8,8.1,9.7,20.1,39.6,19.7,20.2,39.9,304.3,214.6,21.2,11.4,247.2,37.9,47.1,45.4,130.3,26.5,15.8,42.3,35.1,2.6,8.5,21.8,39.6,72.4,49.5,38.7,88.2,615.6,10598.5,1431.1,903.6,12933.1,1646,2362.4,2143.8,6152.2,1902.1,934.8,2836.9,1804.9,181.7,622.3,1954.7,2512.5,5271.2,2799.9,1744.8,4544.7,33543
44652,3163.8,440.7,309.1,3913.5,540.3,723.3,639.3,1902.9,748.2,343.6,1091.7,570.3,43.4,172.5,543,876.1,1635,990.3,530,1520.3,10633.8,2657.8,366,223.1,3246.9,410.2,648,563,1621.1,535.5,262,797.5,438,42.9,180.9,629.8,632.2,1485.7,709.3,407.2,1116.5,8705.9,2362.9,NA,NA,2891.4,309.3,448.8,451.6,1209.6,366.3,173.5,539.9,391.4,55.1,140.6,393.8,499.6,1089.2,568.7,409.6,978.3,7099.7,790.7,NA,NA,923.1,107.1,129.9,135.2,372.2,84.4,56.7,141.1,123,11.1,44.6,137.7,148.1,341.5,111.1,113.2,224.3,2125.2,1170.6,183.1,118.8,1472.5,170.5,247.5,229.7,647.7,133,90.5,223.5,202.7,24.5,82.9,195.7,252.1,555.2,379.1,253.5,632.6,3734.2,258.8,38.8,10.2,307.8,32.5,41.3,50.7,124.5,25.7,NA,NA,NA,7.5,14.1,29.8,43,94.3,47.3,33.5,80.8,679.9,130.7,NA,NA,144.7,10,17.3,20.9,48.2,11,NA,NA,NA,1.8,7.9,10.8,19.3,39.8,20.7,21.2,41.9,306,215.7,22.4,11.5,249.6,37.9,47.7,44.8,130.4,28.4,16.4,44.8,35,2.4,9,23.2,39.7,74.3,50.4,40.3,90.7,624.8,10751,1491.1,907.4,13149.6,1617.9,2303.7,2135,6056.6,1932.5,961,2893.5,1809.3,188.7,652.4,1963.9,2510.1,5315.1,2877,1808.3,4685.3,33909.3
44682,3184.6,443,305.5,3933.1,554.5,707.9,666.3,1928.7,750.1,347.2,1097.3,577.5,44.8,164.4,552.4,889,1650.6,996,533.4,1529.4,10716.6,2668.7,360.2,218.7,3247.6,404.4,633.2,557.1,1594.7,541.9,242.5,784.4,444.3,44.6,179.1,647.5,641.7,1512.9,737.2,414.6,1151.8,8735.7,2379.2,NA,NA,2887,304,459.9,428.6,1192.6,361.4,165.3,526.7,396.8,58.3,131,398.3,501.8,1089.4,582.2,420.3,1002.5,7094.9,799.2,NA,NA,932.2,104.9,127.1,139,371,88.2,61.1,149.3,132.9,9.5,42.5,139.5,144.8,336.3,115,116.2,231.2,2152.9,1182,178.3,119.6,1479.9,175.4,239.4,225.5,640.3,131.6,92.9,224.5,204.4,28.1,78.7,205.1,248.3,560.3,376,253.9,629.9,3739.2,257.8,39.4,10.7,308,33.1,40.7,49.3,123.1,25.4,NA,NA,NA,7.4,13.9,31.5,43.3,96,49.4,34.9,84.3,684.4,128.8,NA,NA,142.3,9.8,17.2,22.4,49.4,10.5,NA,NA,NA,1.8,7.9,12.1,19.6,41.3,21.6,21.4,43,307.4,216.2,22.1,11.3,249.6,38.4,42.8,43.1,124.2,26.3,16.9,43.1,35.3,2.2,8.6,25.2,38.9,74.9,51.4,38.7,90.2,617.4,10816.5,1461.6,901.5,13179.6,1624.5,2268.1,2131.4,6024,1935.3,944.7,2880,1840.9,196.6,626.1,2011.6,2527.5,5361.8,2928.9,1833.4,4762.3,34048.6
44713,3198.3,441.6,307.2,3947.1,542.3,695.9,672.7,1910.8,771.5,348.3,1119.7,577.2,46.4,171.1,576.5,885.4,1679.5,1050.2,545.9,1596.1,10830.4,2697.7,364.2,225.4,3287.2,426.4,614.2,551.7,1592.4,558.3,249.8,808.1,442.4,46,186.2,650.8,641.9,1524.9,742.2,438.3,1180.6,8835.6,2386.5,NA,NA,2903.6,286.5,442.4,471.8,1200.7,376.5,172.1,548.6,399.7,49.2,139.5,397,503.8,1089.5,600.5,425.4,1025.8,7167.9,805.1,NA,NA,938.9,106.1,126.8,141.8,374.7,87.4,60.8,148.2,133.4,8.8,43.2,141.8,145.6,339.3,119,118.4,237.4,2171.8,1186.8,179.1,123.6,1489.5,174.3,242.9,217.2,634.4,132.8,96.7,229.5,206.4,24.3,79.9,209.4,253.3,566.9,387.1,254,641.2,3767.8,259.1,40,10.9,309.9,32.4,40.3,49.2,121.9,24.6,NA,NA,NA,7,16.4,31.5,43.4,98.3,53.4,35,88.4,689.8,128.9,NA,NA,143,10.1,16.9,22.3,49.3,10.4,NA,NA,NA,1.7,8.1,12.7,18.8,41.3,22.8,21.2,44,309.5,215.9,22.5,10.4,248.9,38.2,45.9,44.5,128.6,26.5,17,43.4,36.2,2,10,25.3,39.8,77.2,51.9,38.8,90.7,625,10878.3,1474.8,915,13268,1616.3,2225.3,2171.2,6012.8,1988,962.8,2950.7,1845.5,185.4,654.4,2045,2531.9,5416.7,3027.1,1877,4904.1,34397.9
44743,3269,448.1,312.2,4029.3,537.4,720.2,652.1,1909.6,777.9,355.9,1133.9,602.6,42.8,177.3,563.1,901,1684.2,1049.3,556.4,1605.7,10965.2,2725.4,360.2,228.7,3314.3,408.1,635.7,545.6,1589.5,557.6,259.1,816.7,449.6,44.8,190.7,662.7,658.2,1556.3,770.8,426.3,1197.1,8923.6,2372.7,NA,NA,2890.3,297.5,451,452.8,1201.4,375.6,173.6,549.3,398.5,47.1,135.6,419.3,506.1,1108.2,602,429.6,1031.5,7179.2,817.2,NA,NA,954.1,102.1,127,145.9,375,91.9,62.7,154.5,132.1,9.2,44,142.2,151.4,346.8,119.9,120.2,240.1,2202.7,1184.8,176.5,123.7,1485,176.3,238.5,228.8,643.6,136.3,95.9,232.1,210.1,22.3,81.3,220.5,266.4,590.6,397.6,260.7,658.3,3819.7,263.9,39.8,11.9,315.6,30.8,39.5,50.3,120.7,25.2,NA,NA,NA,5.9,13.8,30.5,43.3,93.5,56.3,36.6,92.9,695.2,128.7,NA,NA,142.9,9.1,16.4,23.1,48.6,10.4,NA,NA,NA,1.7,8.1,11.8,19.9,41.6,24.8,21.6,46.4,312.2,215.8,22.5,11,249.3,38.6,48.4,43.8,130.7,26.4,16.7,43,36.6,1.7,8.3,26.8,42.6,79.4,54.3,38.6,92.9,631.9,10977.5,1476.9,926.5,13380.9,1599.9,2276.7,2142.4,6019,2001.2,982.7,2983.9,1880.5,175.6,659.2,2076.8,2588.9,5500.6,3074.8,1890.1,4965,34729.8
44774,3285.5,445,323,4053.5,563.4,711.6,655.6,1930.6,769.3,353.5,1122.9,598.4,38.2,173.8,560.6,888.8,1661.5,1079.7,554.3,1634,11000.8,2734.2,357.9,225.5,3317.5,451,643.2,542.5,1636.7,559.4,257.4,816.8,457.4,42.5,186.5,636.5,647,1512.6,781.8,423.3,1205.1,8946.1,2407.2,NA,NA,2938.2,312.8,452.6,457.6,1223,374.5,163,537.4,399.2,50.8,133.5,396.6,492.4,1073.3,597.5,439.4,1036.9,7208,825,NA,NA,962.3,104.3,131.2,148.9,384.4,93.7,61.8,155.5,134.4,9.3,45.8,134.5,152.3,341.9,120,122,242.1,2220.5,1196.3,175.5,125.4,1497.2,181.1,236.9,231.5,649.5,132.9,94.8,227.7,215.7,21.8,75.5,213.8,258.5,569.5,404.1,259.3,663.4,3823,264.6,40.4,12.2,317.2,32,41.1,50.5,123.5,25,NA,NA,NA,5.5,14.5,30.4,43.1,93.5,57.6,38.6,96.2,702.6,128.3,NA,NA,142.4,10.1,16.4,24.7,51.2,10.1,NA,NA,NA,1.6,8,12,19.5,41.1,26.2,21,47.3,313.5,218.2,22.4,11.3,251.9,40.4,49.3,44.2,134,25.3,16.9,42.2,36.7,1.9,8.7,25.6,43.7,79.9,57.2,36.9,94.1,638.7,11059.2,1473.1,947.9,13480.3,1695.1,2282.3,2155.5,6132.8,1990.2,965,2955.2,1892.8,171.6,646.4,2010,2545.3,5373.3,3124.2,1894.7,5018.9,34853.2
44805,3301.3,450.2,329.9,4081.4,550.9,732.4,620.5,1903.7,757.1,368.5,1125.6,594.9,41.5,175.9,553.7,884,1655,1092.8,557.3,1650.1,11010.7,2766.3,365.4,229.1,3360.8,433.7,651.1,536.8,1621.6,555.7,265.3,821,454.9,43.2,189,626.5,647.1,1505.8,794.1,432.1,1226.3,8990.4,2436,NA,NA,2965,310.9,445.7,450.2,1206.8,374.1,177,551.1,403.8,54,139,382.9,492.8,1068.7,616.5,440.6,1057.1,7252.6,827.7,NA,NA,965.2,99.8,135,144.4,379.2,93.6,66.3,159.9,132.2,9.7,44.3,137.6,154.7,346.2,121.7,121.7,243.5,2226.1,1207.6,174.7,131.3,1513.6,177.6,240.6,230.2,648.4,132,97.2,229.2,209.9,22.7,83.7,217.5,265.5,589.3,410.5,264.1,674.6,3865,269,40.2,12.5,321.7,31.6,39.8,51.2,122.6,24.7,NA,NA,NA,5.4,14.7,28.8,43.7,92.7,53.2,38.9,92.2,701.9,128.4,NA,NA,143.5,9.9,17.3,25.1,52.3,10.2,NA,NA,NA,1.6,8.7,11.6,19.5,41.4,25.5,20.9,46.5,315.7,220.4,23,11.8,255.2,38.9,48.3,42.4,129.6,25.7,17.4,43.1,38.6,1.9,8.7,25.9,44.9,81.3,57.8,39.9,97.6,645.5,11156.7,1492.8,956.8,13606.3,1653.3,2310.2,2100.7,6064.2,1973.1,1010.4,2983.5,1885.7,180,663.9,1984.4,2552.1,5380.4,3172.3,1915.6,5087.8,35007.9
44835,3348.9,453.4,325.6,4127.9,554.9,705.2,636,1896.1,770.6,360.4,1131,592.5,43.4,163.5,551.3,889.7,1647.9,1116.8,551.3,1668.1,11063.6,2801.9,360.1,220.4,3382.4,437.8,649.1,531.1,1618.1,564.9,255.2,820.1,454.3,47.1,183.1,634.7,652.9,1517.8,820.7,429.6,1250.3,9043,2460.2,NA,NA,2987.4,301.3,438.9,452,1192.2,375.5,173.5,548.9,406.9,56,140,372.8,484.7,1053.4,615,440.3,1055.3,7244.1,829.5,NA,NA,963.7,101.5,130,145,376.5,97.2,64.9,162.1,135.9,9.8,45.8,133.5,163.9,353.1,124.7,118.3,243,2234.3,1219.7,175.1,124.4,1519.2,180.3,236.3,230.5,647,128.2,97,225.3,210.5,24.6,76,225.3,275.7,601.7,411,267.7,678.7,3882.4,271.8,39.7,12.3,323.8,29.8,38.4,49.7,117.9,25.2,NA,NA,NA,5.8,13.9,27.8,45.2,92.8,54.6,39.4,94,702,129.5,NA,NA,144.6,9.2,17.1,24.3,50.7,10.4,NA,NA,NA,1.7,7.7,11.6,20.4,41.3,26,20.4,46.4,314.9,221.5,22.4,13,256.9,37.1,49.9,43,130,25,16.7,41.7,37.2,2.3,8.7,25.9,45.5,82.4,59,40.2,99.2,647.5,11282.9,1485.9,937.1,13705.9,1652.1,2264.8,2111.6,6028.5,1997.1,986.1,2983.1,1888.8,190.9,638.6,1982.8,2578,5390.4,3227.9,1907.2,5135,35131.8
44866,3388.2,452.1,335.6,4175.9,554.4,666.7,682.3,1903.3,782.4,366.3,1148.7,582.3,41.3,164.2,563.4,877.8,1646.7,1122.9,542.1,1664.9,11121.8,2837,345.1,234.1,3416.2,432.8,602.3,532.5,1567.6,564.2,269.8,834,443.2,46.3,175.3,658.9,654.7,1535.2,816.9,427.6,1244.5,9040.6,2478.1,NA,NA,3015,292,407.1,447.6,1146.8,381.3,178.5,559.7,401.2,52.6,143.5,384.5,480.4,1061,623.7,435.2,1059,7242.7,840.1,NA,NA,973.5,97.6,128,143.3,368.9,97.1,62.5,159.6,131.1,10.4,44.7,139.3,158.5,352.9,125.4,122.4,247.9,2233.9,1229.1,174.3,126.3,1529.7,183.4,227.1,228.5,639.1,130.3,98.6,228.9,212.6,21.4,77.8,227.2,272.7,599.1,419.5,278.2,697.8,3907.2,274.5,39.9,12.2,326.6,32.9,36.9,50.6,120.4,27.1,NA,NA,NA,4.8,13.7,29.4,45.4,93.2,52,39.5,91.4,705.7,129.6,NA,NA,145.7,10,16.7,24.5,51.2,10.7,NA,NA,NA,1.8,7.7,11.4,20.4,41.4,24.7,20.7,45.4,316.2,224.9,22.8,12.5,260.3,37.1,44.5,42.9,124.5,25.9,17.5,43.4,35.8,1.9,8.9,26.1,45.4,82.3,62.3,40.2,102.5,648.8,11401.6,1471.2,970.2,13843,1640.2,2129.3,2152.3,5921.8,2018.9,1011,3030,1856.9,180.4,635.8,2040.2,2555.3,5411.8,3247.4,1905.9,5153.3,35216.8
44896,3403.1,459.3,337.1,4199.5,554.7,691.7,648.9,1895.3,746.5,339.8,1086.4,568.8,39,156.5,559.4,875.7,1630.6,1135.5,533.6,1669.1,11049.7,2837.8,361.4,232.5,3431.7,424.6,602.4,543.7,1570.8,532.6,255.5,788.1,433.5,43.6,139.4,670,615.1,1468.1,823.2,423.8,1247,8939.2,2475.2,NA,NA,3007.4,288.2,424.1,438.6,1150.9,356.3,164.9,521.3,388.9,56.7,143.7,399.7,463.5,1063.6,610.4,444.9,1055.3,7187.3,842.6,NA,NA,972.6,96.7,130.1,147.7,374.5,87.6,57.4,144.9,129.6,10.2,41.2,151,155.4,357.8,142.8,123.2,266,2245.4,1226,174,122.6,1522.6,183.6,229.6,228.7,641.9,127.9,92.1,220,210.6,20.4,74,228.9,255.6,579,412.3,275,687.3,3861.3,274.2,38,12.5,324.7,28.8,36.1,50.6,115.5,24.9,NA,NA,NA,3.7,12.3,29.7,42.9,88.6,52.7,40.3,93,691.2,131.1,NA,NA,148,9.1,15.7,24.2,49,9.9,NA,NA,NA,1.6,7.3,11.4,19.3,39.7,25.8,21,46.8,314.4,223.9,22.6,13.7,260.2,36.3,42.8,45.5,124.6,24.7,16.4,41.1,35.3,2,8.1,27.5,45.5,83,64.6,38.7,103.3,647.6,11413.9,1486.6,966.3,13866.8,1622,2172.5,2128,5922.5,1910.5,941.9,2852.3,1816.4,177.2,582.6,2077.6,2473,5310.4,3267.3,1900.5,5167.9,34936.2
44927,3434.4,462.6,336.9,4233.8,537.6,675.4,640.4,1853.4,771,373.6,1144.6,597.3,39.8,169,562.1,880.8,1651.6,1158.4,534.3,1692.8,11173.5,2877.5,364.9,229,3471.4,428.6,607.9,544,1580.5,575.7,251.6,827.3,447.4,44.4,163.7,661.9,614.8,1484.8,844.1,441.8,1285.9,9097.2,2467.1,NA,NA,2993.4,287.3,409.4,440.5,1137.1,348.7,178.5,527.2,406.1,52.4,147.2,390.2,475,1064.9,617.7,434.9,1052.6,7181.2,844.2,NA,NA,979.2,97.7,126.1,147.3,371.2,96.2,67.2,163.4,135,10.6,45.4,145.8,157.1,359,132.6,123.4,255.9,2263.7,1244.6,176.8,125.7,1547.1,177.3,226.1,228.9,632.3,130.4,99.2,229.6,220.1,20.2,78.2,226.8,266.3,591.5,421.2,279.3,700.5,3921.1,275.3,40.6,12.8,328.7,29.2,34,52.2,115.5,23.5,NA,NA,NA,4.3,13.7,31.7,44,93.7,54.2,40.4,94.6,703.2,130.4,NA,NA,146.7,10.2,16.6,22.5,49.3,9.8,NA,NA,NA,1.4,7.4,11.5,20.4,40.7,26.6,20.3,46.9,316,225,23.1,12.2,260.3,37.4,45.8,45,128.2,26.3,17.9,44.2,37.2,1.9,9,29,44.9,84.8,64.6,42.4,107,661.7,11498.4,1503.3,958.8,13960.5,1605.3,2141.4,2120.8,5867.5,1981.6,1006.8,2988.4,1894,175.2,633.4,2059,2503.4,5371,3319.4,1916.8,5236.2,35317.6
44958,3451.6,467.5,338.8,4257.8,533,671.7,636,1840.6,776.6,347.2,1123.9,585.6,36,169.8,561.5,884.5,1651.8,1147.6,534.7,1682.4,11142.1,2866.4,358.8,225.1,3450.3,426.1,596.9,548,1571,562.9,254.8,817.7,445.8,43.2,179,656,619.3,1497.4,877.7,447.6,1325.2,9107.4,2483.9,NA,NA,3005.9,283.7,412.2,441.8,1137.8,360.3,178.8,539.2,402,49.6,144.6,385.6,473.3,1053.1,589,444.9,1033.9,7171.7,852.3,NA,NA,986.5,95.7,129.8,146.6,372.1,97.3,62.4,159.7,131.7,9.6,45.5,146.4,156.5,357.9,136.3,120.6,256.8,2264.6,1240.7,174.2,123.5,1538.3,179.8,233.9,231.1,644.9,132.5,96.8,229.3,217.8,21.1,77,232,275.8,605.9,422.6,283.2,705.8,3941.9,276.1,41.4,13.2,330.8,28.8,36.3,50.6,115.8,25.4,NA,NA,NA,4.7,13.4,31.3,44.4,93.7,53.2,40.5,93.7,706.4,130.7,NA,NA,147.1,10.1,16.4,22.8,49.3,10.1,NA,NA,NA,1.4,7.2,11.1,20,39.7,26.9,20.5,47.4,316.8,228.5,23,12.1,263.6,40.1,47.3,45.1,132.4,26.1,16.1,42.2,36.4,2,9.3,28.7,44.4,84.4,64.5,43.6,108.2,667.2,11530.2,1503.3,946.8,13980.3,1597.3,2144.5,2122,5863.8,1991.2,973.9,2965.1,1871.7,167.6,645.7,2052.5,2518.1,5383.9,3317.8,1935.6,5253.4,35318.2
44986,3495.8,465.8,329.9,4291.6,532.1,667,635.7,1834.9,771.4,352.8,1124.2,578.5,39.2,171.2,561.1,877,1648.5,1144.2,549.4,1693.5,11171.2,2881.1,363,223.5,3467.5,413.2,600,539,1552.1,572.9,232,804.8,460.1,42.5,160.6,664.1,615.1,1482.3,884.8,461.9,1346.7,9113.6,2488,NA,NA,3009.3,287,416.4,441.6,1144.9,363.7,175.2,538.9,402,47.8,144.3,387.3,469.9,1049.3,624,448.5,1072.5,7216.9,847.4,NA,NA,982.5,96.1,127.4,143.8,367.3,103.1,65.4,168.5,133.7,10.4,42.8,150.1,158.8,362.1,142.8,126,268.7,2282.7,1244.3,175.9,126.9,1547.1,177.5,226.5,231.3,635.3,136.1,94.8,230.9,224.2,20.6,78.7,234.6,270.8,604.7,408.4,292.6,700.9,3943.2,272.8,40.7,13.6,327.1,30.3,35.8,49.9,116.1,25.5,NA,NA,NA,4.3,13.1,31.4,45.8,94.6,52.1,42.6,94.7,706.8,131.9,NA,NA,147.4,9.3,16.6,23,48.9,9.7,NA,NA,NA,1.4,7,11.9,20,40.4,27.9,21.3,49.2,317.6,229.4,23.4,11.7,264.5,39.4,46.5,45.4,131.3,26.2,16.8,43,36.8,2,9.2,30.3,44,85.4,63.1,41.8,104.9,666,11590.7,1508.2,938.1,14037,1584.9,2136.2,2109.8,5830.9,2008.4,956,2964.5,1887.1,168.1,626.9,2070.9,2501.5,5367.4,3347.1,1984.1,5331.2,35418.1
45017,3467.9,457,317.8,4242.6,524.1,658.7,613.6,1796.4,795.7,357.5,1153.2,612.4,39.9,164.1,570.7,878.4,1653.1,1116.2,531.5,1647.7,11105.5,2881.6,360.1,223.3,3465,418.1,588.5,544.7,1551.3,576.7,246,822.6,464.3,42.3,161.8,666.6,596,1466.7,882.6,469.3,1352,9121.8,2494.4,NA,NA,3014.5,283.3,412.2,434.7,1130.1,366.7,171.5,538.2,400.6,47.1,139.2,392.7,459,1038.1,634.7,445.7,1080.3,7201.9,845.3,NA,NA,980.1,96.2,129.1,147.3,372.6,97.9,64.9,162.9,133.6,10.4,40.7,153.9,156.2,361.2,152.2,125.6,277.8,2288.1,1244.4,174.3,130.1,1548.8,181.4,225.3,225.3,631.9,143.9,97.5,241.4,229.4,20.3,79.2,240.6,272.1,612.2,413.2,291.8,705,3968.9,273.7,40.6,13.9,328.3,29.1,34.4,50.7,114.2,25,NA,NA,NA,4.1,12.5,31.3,44.4,92.4,51.9,40.1,92,699.9,133.1,NA,NA,149.1,10.4,16,22.8,49.2,9.5,NA,NA,NA,1.5,6.6,12.4,19.8,40.3,28.3,21.2,49.4,319.4,232.6,23.7,11.6,268,39.3,45.3,45.1,129.7,27.8,17.1,44.9,37,2,9.1,30.1,41.6,82.8,63.6,40.1,103.7,666,11573,1499.6,923.9,13996.4,1581.8,2109.6,2084,5775.4,2043.1,972.5,3015.5,1929.2,167.7,613.3,2098.4,2467.5,5346.9,3342.7,1965.3,5308,35371.4
45047,3480.8,453.5,319.9,4254.2,515.3,656.3,616.9,1788.6,797.3,343.7,1141,595.6,33.3,165.9,576.5,918.3,1693.9,1144.1,546,1690,11163.3,2872.5,356.3,228.1,3456.9,403.6,607,537.2,1547.9,555.4,249.2,804.6,454.9,39.5,162.9,671.3,628.2,1502,888.6,471,1359.6,9125.8,2478.7,NA,NA,2988.9,292.9,402.5,436,1131.4,380.3,174.2,554.4,415.2,43.1,139.9,408.3,461.1,1052.4,639.2,442.3,1081.4,7223.8,846.1,NA,NA,979.6,99.5,132.7,140.9,373.2,97.2,66,163.2,134.2,11.1,40.5,160.7,159.6,372,143,126.2,269.2,2291.4,1247.4,173.2,131.6,1552.2,171.3,221.2,228.9,621.4,136.1,95.6,231.7,217.6,20.2,80,248,277.2,625.4,411,294.5,705.5,3953.9,271.8,40.6,13.4,325.7,28.3,34.4,50.1,112.7,24.6,NA,NA,NA,3.8,12.6,30.7,45.5,92.5,53.3,38.1,91.4,694,134.7,NA,NA,150.6,10.1,16.8,22.9,49.8,10.1,NA,NA,NA,1.4,7.1,12.6,19.9,41,28.1,21.4,49.5,323.1,231.7,23.5,11.8,267,37.9,45.7,45.7,129.3,27.6,16.9,44.4,36.9,2,9.3,30.4,44.3,85.9,65.8,41.8,107.6,671.3,11563.8,1483,928.5,13975.3,1558.9,2116.7,2078.7,5754.2,2028.6,963.2,2991.7,1906,154.3,618.2,2138.5,2554,5465,3373.1,1981.2,5354.4,35446.6
45078,3482.8,448.7,327.7,4259.2,515.9,649.7,624,1789.6,773.8,347.4,1121.1,555.7,35.8,156.1,577.4,867.2,1636.5,1109.5,546.4,1655.9,11018.1,2881.1,356.9,221.5,3459.4,396.1,602,548.9,1547,555.4,244.8,800.2,435.9,42.7,159.2,672.6,595.4,1469.9,877.1,475.5,1352.6,9065.1,2499.2,NA,NA,3018.2,277.7,409.9,439.3,1126.8,354.9,176.3,531.2,381.3,47.3,137.9,399.2,456.6,1041,650,441.6,1091.6,7190.2,849.7,NA,NA,983.1,97.1,133.9,149,380,94.6,63.2,157.8,131,12,38.4,154.3,160.7,365.4,145.3,125.5,270.8,2288.2,1252.5,170.7,130.7,1553.9,170.5,227.4,226.5,624.5,136,96.4,232.5,215.8,22.7,80.6,246.6,276.9,626.8,410.9,296.8,707.7,3961,271.3,40.3,13.7,325.3,30.8,35.7,49.2,115.7,25.5,NA,NA,NA,3.4,12,30.6,45.8,91.8,58.2,40.6,98.8,702.5,134.6,NA,NA,150.7,9.7,16.9,22.6,49.2,10,NA,NA,NA,1.5,7.4,12.7,20.1,41.7,29,21.4,50.4,323.6,231.6,23.6,12.3,267.5,33.8,45.7,45.7,125.2,27.3,16.4,43.7,34.9,1.9,8.1,29.8,43.5,83.3,67.6,41.7,109.3,663.9,11602.7,1478.5,936.2,14017.4,1531.7,2121.1,2105.2,5758,1977.5,961.5,2939,1804.5,167.4,599.8,2123.1,2466.3,5356.6,3347.6,1989.6,5337.2,35212.6
45108,3474.4,451.4,333.4,4259.2,510.7,636.5,649.5,1796.7,786.2,350.5,1136.7,577.9,36.7,153.6,585.6,868.6,1644.5,1121.6,548.4,1670,11085,2863.3,360.5,224.9,3448.7,394.3,598,560.7,1553,559,244.9,804,450.9,43.8,165.2,692.7,583.4,1485.1,893.3,483.7,1376.9,9118.6,2488.4,NA,NA,3011.7,281.1,390.3,439.5,1110.9,362.8,174.3,537,405.1,49.6,144.2,396.3,458.9,1049,674.8,448.1,1122.9,7236.5,848.1,NA,NA,984.8,98.1,131.1,147.6,376.8,94.6,65.5,160.2,135.2,11.5,41.2,155.2,159.5,367.3,141,126.3,267.3,2291.5,1266.6,170.7,133.7,1571,162.6,220.1,232.6,615.4,137.2,94.1,231.3,217.6,21,75.4,244.3,276.7,617.4,412.1,296.9,709,3961.8,269.9,40.7,13.4,324,29.5,35.5,50.7,115.7,25.2,NA,NA,NA,4.1,12.5,31.1,46.5,94.2,53.8,41,94.8,699.8,135,NA,NA,151.1,10.2,16.8,21.7,48.8,9.9,NA,NA,NA,1.4,7.5,13.1,18.8,40.7,27.9,22.6,50.4,322.1,231.9,23.6,12.3,267.8,35.9,45.3,46.2,127.4,27.1,17.1,44.3,36.3,1.8,8.1,29.5,42.7,82,68,43.7,111.7,669.5,11577.8,1490.7,949.7,14018.2,1522.3,2073.6,2148.7,5744.6,2002.2,962.5,2964.7,1873.9,169.8,607.6,2147.7,2455.1,5380.3,3392.4,2010.6,5403.1,35384.8
45139,3480.1,449.4,340.1,4269.5,501.4,638.6,633.7,1773.8,795.1,360.5,1155.5,586.2,36.1,157.1,580.6,865.5,1639.4,1106,557.4,1663.4,11087.8,2865.1,359.4,223.3,3447.8,402.8,593.8,556.9,1553.5,553.5,255.6,809.1,456,44.1,162.4,697.5,590.3,1494.3,909.8,483.3,1393.1,9153.8,2492,NA,NA,3005.8,276.7,405,437.5,1119.3,353.3,179.5,532.8,403.1,49.4,140.4,393.2,463.7,1046.7,674.4,450.9,1125.4,7233.1,844.3,NA,NA,979.8,99.2,128.6,148.1,376,95.4,63.5,158.9,132.6,11,39,156.2,159,365.2,143.8,126.6,270.4,2282.8,1259.6,174,132.8,1566.4,165.2,223.8,240.1,629,136.3,96.7,232.9,218.3,19.7,79.9,246,277.8,623.4,407.3,294.1,701.4,3971.5,270,41.3,14,325.3,28.9,34.9,50.8,114.6,25,NA,NA,NA,4.1,12.2,30.5,47.6,94.5,52.3,41.3,93.6,699.9,134.1,NA,NA,150.5,9.1,16.4,21.7,47.2,10.8,NA,NA,NA,1.4,7.3,13.2,19.1,41,28.8,22.2,51,321.9,230.7,23.5,12.2,266.5,34.5,44.8,45.6,124.9,27.6,17.3,45,36.9,1.8,7.5,31.3,42.7,83.3,69.8,45.1,114.8,671.4,11576,1486,949.6,14011.6,1517.7,2086.1,2134.5,5738.4,1997,990.2,2987.2,1884.2,167.6,605.9,2148.4,2465.8,5387.7,3392.1,2020.9,5413,35422.1
45170,3516.8,453.5,339.2,4309.5,508.3,641.6,637.2,1787.1,814.8,354.3,1169.1,597.2,37.1,161.3,598.6,898.9,1695.8,1088.8,563.4,1652.1,11211,2853.2,373.7,217.8,3444.7,400,599.2,589,1588.2,560.9,249,809.9,464.4,44.1,161.4,719.8,594,1519.4,916.6,481.5,1398.1,9224.6,2487.8,NA,NA,3004.8,278.1,427.6,442.6,1148.3,357.1,175.8,532.9,410,47.3,136.1,400.4,457.5,1041.3,665.3,451.2,1116.4,7253.7,852.1,NA,NA,990.4,96.2,130.8,159.6,386.5,94.4,64.3,158.7,137.2,10.1,40.1,160.3,156.6,367.2,138.3,126.3,264.6,2304.5,1267.1,177.1,134.6,1578.9,167.3,229.1,233.9,630.2,135.4,95.7,231.2,222.6,19.3,77.4,247.7,273.4,617.9,401.4,296.1,697.5,3978.2,273,42.4,13.8,329.2,29.2,34.7,50.9,114.9,25.8,NA,NA,NA,4.1,12.3,31.6,48.3,96.3,56.4,38.5,94.9,708.9,135.3,NA,NA,151.7,10,16.4,21.5,47.8,9.8,NA,NA,NA,1.3,7.1,13.4,20.6,42.3,28.3,21.7,50.1,323.1,231.8,23.8,12.1,267.7,33.8,46,46.3,126.1,28.5,16.9,45.4,38.2,1.7,8,32.2,43.1,85,66,44.4,110.4,672.9,11617.1,1511.2,948.6,14076.9,1522.8,2125.4,2180.9,5829.1,2026.7,973,2999.7,1921.9,164.9,603.8,2204.1,2492.4,5465.2,3361,2023,5384,35676.9
45200,3523.4,453.8,336.8,4314,504.8,631.6,631.7,1768.1,801.9,356.6,1158.5,586.9,36.1,150,601.4,872.4,1659.9,1073.6,554.3,1627.9,11115.2,2891.1,354.7,217.4,3463.2,413,597.9,541.9,1552.8,533.9,251.3,785.2,452.3,42.8,153.6,704.2,581.1,1481.7,925.1,472.7,1397.8,9133,2533,NA,NA,3044.3,281.6,408.8,444.2,1134.6,355.5,178.1,533.6,408.3,47,143.2,403.4,458.9,1052.5,665.1,455.7,1120.8,7294.1,854.7,NA,NA,993.5,96.3,129,148.2,373.5,93.5,67.5,161,136.3,10,37.2,161.7,158.5,367.4,133.8,129.5,263.3,2295.1,1275.6,180.4,140.5,1596.4,171.8,226.4,238.7,636.9,139.5,96.3,235.7,221.2,19.2,78.7,244.1,271.9,614,408.5,294.6,703.2,4007.4,273.6,42,14.3,329.9,30.8,34.6,49,114.4,25.8,NA,NA,NA,4.4,12.9,32,48.3,97.6,56,38.5,94.5,710.1,136.4,NA,NA,152.6,10.2,16.1,21.1,47.3,10.1,NA,NA,NA,1.3,7.1,13.2,20.9,42.5,27.5,21.6,49.2,323.3,234,23.5,12.4,270,34.3,43.5,45,122.8,28.7,16.9,45.6,36.4,1.8,7.9,32.7,44.3,86.7,62.6,44.9,107.5,669.1,11721.7,1493.1,948.9,14163.8,1542.9,2087.8,2119.8,5750.5,1988.9,983.5,2972.4,1894.2,162.7,590.6,2192.8,2456.3,5402.4,3352.2,2011.9,5364.1,35547.4
45231,3537,455.1,338.8,4330.8,534.5,686.7,619,1840.2,787.4,347.8,1135.2,595.2,36,155.8,601.3,875.4,1668.5,1081.7,559.9,1641.6,11211.4,2903.8,369.9,220,3493.7,438.1,598.7,553.5,1590.3,569.7,252.8,822.5,467.5,42.7,161.1,696.1,590,1489.9,916.5,467.9,1384.4,9248.4,2535.2,NA,NA,3050.6,293.9,427.1,434.6,1155.6,360.7,182.4,543.1,408.5,48.4,145.4,424.1,464.4,1082.3,659,454.6,1113.7,7353.8,862.7,NA,NA,1002.2,99.7,141,146.3,386.9,93.2,68.8,162,136.9,9.8,38.6,166.1,163.5,378.1,138,128.4,266.4,2332.5,1285.9,181.2,136.7,1603.8,174.2,246.6,233.8,654.5,145.2,98.2,243.4,222.2,18.5,78.9,250.4,271.3,619,413,297.6,710.6,4053.5,274,42.3,15.4,331.7,31.2,35.8,50.8,117.9,26.1,NA,NA,NA,4.3,13.6,28.5,49.9,96.3,56.1,38.7,94.8,714.1,137.4,NA,NA,153.9,10.5,16.9,21.5,48.9,10.9,NA,NA,NA,1.3,7.3,14.2,21.8,44.7,27.6,22,49.5,329.9,233.7,24.7,13.3,271.6,36.3,47.7,42.9,126.9,30.7,18.5,49.2,36.5,2,8.5,34,44,88.5,65.6,44.5,110.1,682.9,11769.5,1515.8,953.2,14238.4,1618.4,2200.6,2102.4,5921.3,2023.9,985.8,3009.8,1918.7,163,609.2,2214.7,2480.5,5467.3,3357.4,2013.6,5371,35926.5
45261,3534.4,455.2,308.6,4298.2,519.6,649.7,618.7,1787.9,754,337.7,1091.7,583.3,36.2,149.6,588,888.8,1662.6,1018.1,566.1,1584.2,11007.9,2872.6,365.8,216.3,3454.7,416.3,585.6,538,1539.9,553.6,248.3,801.9,456.7,45.3,163.5,699.5,574.7,1483,891.8,447.4,1339.2,9075.3,2530,NA,NA,3038.9,289.3,403.1,443.4,1135.8,340.2,163,503.1,407.7,48.7,154.6,422.4,454.3,1079.9,658.2,458.5,1116.7,7282.2,842.1,NA,NA,977.8,95.9,129.3,143.4,368.6,90.2,66,156.1,134.7,9.5,36.3,171.1,164.3,381.2,138.7,127.2,265.8,2284.1,1261,180.8,135.3,1577,172,224.1,233.1,629.3,130.6,93.2,223.8,216.4,19.8,74.9,246.6,263,604.4,406.6,297.9,704.5,3955.3,273.6,41.4,15.7,330.6,30.7,34.5,49.5,114.7,25.2,NA,NA,NA,4.4,13.4,31,52.3,101.1,57,38.6,95.6,713.8,135.4,NA,NA,152.2,9.4,16.5,20.9,46.8,10,NA,NA,NA,1.2,7.1,13.6,21.7,43.6,25.7,21.6,47.3,321.5,229.7,22.3,13.8,265.9,34.2,43.3,43.5,121,26.6,16.5,43.1,36.2,2.1,8.7,32.4,41.9,85.1,68.8,43.7,112.5,663.7,11678.7,1501.6,915,14095.2,1567.4,2086.1,2090.4,5743.9,1930.3,940.6,2870.9,1887.1,167.3,608.2,2204.5,2461,5441,3264.9,2001,5265.9,35304
45292,3558.2,452.4,332.7,4343.3,517.5,652.9,628.1,1798.5,768.3,347.6,1115.9,576.6,39.8,149.8,598.7,901.7,1689.9,1043.6,566.6,1610.2,11134.4,2892.6,364.3,223.9,3480.8,387.8,565.2,555.5,1508.5,575.3,243.8,819.1,450.3,44.8,173.8,703.6,585.9,1508.1,925.9,467.3,1393.2,9159.8,2558.6,NA,NA,3072.2,288.4,418,446.1,1152.5,348.4,168.1,516.5,404.5,53.7,139.8,424.7,461.8,1080,669.8,456.5,1126.4,7352,854.5,84.3,54.4,993.2,93.8,134.5,143.5,371.8,93.1,66,159.2,135.4,9.4,39,172.1,161,381.5,139.2,131.1,270.3,2311.5,1271.6,176.7,134.2,1582.5,172.1,225.6,237.4,635.1,137.5,94.5,232,220.8,20,74.8,248.7,269.5,612.9,416.4,298.1,714.5,3997.8,276.3,39.9,17.1,333.3,32.4,35.4,51.8,119.5,26.3,NA,NA,NA,4.8,14.2,30.6,51.4,101,54.8,39,93.7,721,137.8,NA,NA,153.9,10.1,16.7,21.2,48.1,10.3,NA,NA,NA,1.2,6.4,13.3,21.1,42,27.4,21.8,49.2,325.6,229.9,24,15.3,269.2,35.3,43.6,43.9,122.9,28.1,16.8,44.9,35.7,2.5,8.3,33.9,42.7,87.5,66.7,43.1,109.8,669.9,11779.4,1492.2,956.7,14228.4,1537.5,2091.9,2127.4,5756.8,1987.2,953.5,2940.7,1875.9,176.2,606,2225.6,2495,5502.8,3343.9,2023.4,5367.3,35671.9
45323,3539.9,443.8,338.9,4322.6,507.4,644.2,617.5,1769.1,825.3,340.1,1165.3,585.4,37.4,160.8,584.8,904.5,1687.6,1089.9,566.8,1656.7,11186.6,2899.2,369.7,226.6,3495.5,392.2,565.2,541.7,1499,620.9,256.1,877,462.8,43.4,183,690.4,607.9,1524.7,916.9,484.8,1401.8,9260.9,2541.6,NA,NA,3060.4,297.9,407.8,450.2,1155.8,360.2,179.8,540,407.8,49.8,147.9,425.9,459.2,1082.7,652.7,454.2,1107,7353.7,854.2,85.2,55.7,995.1,93.7,130.3,149.2,373.2,94.3,64.8,159.1,135.5,9.8,42.6,163,165.4,380.7,141.5,130.9,272.3,2315.9,1273.1,177,133.1,1583.3,176,227.1,233.7,636.7,143.8,93.6,237.5,220.7,18.4,76.5,247.8,279.4,622.2,416.1,294,710.1,4010.4,275.1,40.6,16.5,332.3,31.2,34.7,51.4,117.3,25.8,NA,NA,NA,4.7,14.2,31.1,52.6,102.6,53.8,40.3,94.1,719.2,140,NA,NA,156.4,10,17,21.4,48.4,10.3,NA,NA,NA,1.1,6.9,13.3,21.6,43,26.6,22.4,49.1,328.9,232.7,24,14.4,271.2,35.4,42.8,44.5,122.8,27.3,16.8,44.1,36.3,2.5,9.4,33.9,43.6,89.4,64.7,42.8,107.5,671.3,11755.9,1493.4,967.4,14216.7,1543.8,2069,2109.6,5722.4,2107.9,967.6,3075.6,1901,167,641.3,2190.3,2534.2,5532.8,3362.2,2036.4,5398.5,35847
45352,3527,462,349.4,4338.4,494.6,593.9,625.1,1713.7,775.8,333.5,1109.3,571,36.9,150.5,592.3,885.2,1665,1080.2,568.2,1648.5,11045.9,2933.7,375.2,228.9,3537.8,387.8,563.9,548.7,1500.4,534.5,261.8,796.3,451,42.2,168.4,706,590.2,1506.8,930.3,467.7,1398,9190.2,2543.1,NA,NA,3070.8,297.3,404.4,446.3,1148,369.8,181.3,551.1,411.1,49.2,145.2,429.1,470.4,1093.9,659.3,460.3,1119.6,7394.6,856.2,91,57.7,1004.9,98.7,138.5,143.4,380.6,92.5,62,154.5,136.2,9.9,39.5,161.8,157,368.2,138.5,129.4,267.9,2312.5,1275.2,180.8,143.7,1599.7,171.2,223.8,235.2,630.1,135.7,99.3,235,221.6,18.6,77.2,254.2,291.6,641.6,416.3,295.8,712.2,4040.3,277,41.3,16,334.3,32.7,34.5,51.2,118.4,25.2,NA,NA,NA,4.8,14.1,30.9,53.5,103.2,50.3,38.6,88.9,717.2,139.6,NA,NA,156.1,11.6,16.9,20.3,48.8,10.3,NA,NA,NA,1.1,7.1,14.3,21.3,43.9,27.3,22.5,49.8,331,235.3,23.8,15,274,35.1,42.3,44.3,121.7,27.3,16.8,44.1,36.1,2.5,8.6,34.4,42.4,88,67.3,42,109.4,673.3,11787.2,1540.5,988.5,14316.1,1528.9,2018.2,2114.7,5661.8,1971,971.5,2942.5,1879.7,165.3,610.7,2223,2511.6,5510.5,3369.6,2024.6,5394.2,35704.8
45383,3576.7,422.1,358.1,4357,497.3,639.9,629.4,1766.5,786.2,340.2,1126.4,588.1,37.4,158.8,592,922.3,1710.5,1091.8,566.1,1657.9,11206.5,2917.7,342.5,235.1,3495.3,386.4,559,544.9,1490.2,555,253.3,808.2,460.4,40.9,165.1,711,616.1,1533.2,928.4,460.6,1388.9,9176.3,2550.6,NA,NA,3050,286.8,406.8,454.3,1147.9,357.8,183.1,540.9,409.3,49.4,148.4,435.7,473.5,1107,658.3,454.4,1112.6,7367.7,862.5,79.3,57.6,999.3,98.9,130.6,145.9,375.3,91.9,63,154.9,135.9,10.3,40.4,158.3,167.4,376.3,151,132,283,2324.8,1284,172.5,143.9,1600.4,180.9,215.1,243.7,639.7,133.7,96.3,230,215.1,17.5,78.9,259.3,289.7,645.3,417.4,296.6,714.1,4044.6,278.3,38.3,16.4,332.9,33,35,51.2,119.3,25,NA,NA,NA,4.9,14,31.1,53.4,103.4,53.4,38.3,91.8,719.4,139.9,NA,NA,156.9,10.2,16.9,21.8,48.8,10.2,NA,NA,NA,1.1,7.2,13.7,21.9,43.9,27.5,22.2,49.7,331.2,233.2,22.3,15.1,270.6,33.9,42.6,44.5,121.1,27,17.8,44.8,36.3,2.7,8.1,35.1,43.8,89.8,69.4,42.7,112.1,674.6,11842.7,1414.1,1005.5,14262.4,1527.3,2045.8,2135.8,5708.9,1986.8,970.3,2957,1897.2,164.3,620.9,2236.3,2588,5609.5,3397.3,2012.8,5410.1,35845
45413,3568.8,453.8,364.3,4386.9,505.5,639.1,603.2,1747.7,793.5,347.1,1140.6,582.4,36.7,160.2,600.1,916.1,1713.1,1109.5,557.9,1667.4,11238.2,2943.9,371.7,235.5,3551.2,408.9,569.3,558.5,1536.7,566.9,258.3,825.1,450.2,41.2,165,729.8,614.1,1550.1,921.3,463.9,1385.3,9298.5,2566,NA,NA,3085.7,292.5,414.6,456.1,1163.3,363.6,181.9,545.5,406,51.6,147.7,436.1,470.6,1106,647.3,462,1109.3,7415.8,866.3,87,60.6,1013.9,96.5,138.4,146.3,381.1,88.9,60.8,149.7,130.7,10.5,41.4,160.9,166.6,379.4,138,130.1,268.1,2323,1300.9,182.4,141.7,1625.1,188.2,225.2,246.2,659.6,133.4,95.5,228.9,214.4,17.8,77.9,262.1,291.2,649,422.1,298,720,4097,280,40.5,17,337.5,32.1,34.2,51.5,117.8,26.1,NA,NA,NA,4.8,13.4,31.5,54.2,104,52.9,38.7,91.6,724.5,142.2,NA,NA,160.4,10,16.7,20.8,47.5,9.9,NA,NA,NA,1.1,6.9,13.8,22,43.9,27.9,22.3,50.2,333,234.8,23.2,16.1,274.1,34.5,44.3,44.9,123.7,26.8,16.7,43.5,36,3,7.5,35.2,44.1,89.8,68.8,42.2,111,678.1,11902.9,1520.8,1011,14434.7,1568.1,2081.8,2127.4,5777.4,2009.1,977.1,2986.1,1871.7,166.7,620.1,2269.6,2579,5635.4,3387.7,2015.1,5402.8,36108.1
45444,3568.5,450.8,365.6,4384.9,516.5,646.8,606.8,1770.1,799.8,346,1145.7,578.5,37,163.6,605.3,910.4,1716.3,1099.9,561.8,1661.6,11257.2,2954.8,364.7,232.7,3552.2,404.9,581.6,547.8,1534.3,569.4,260.1,829.6,449.7,38,166.9,729.1,627.8,1561.8,937.9,461.4,1399.3,9326.9,2582.9,NA,NA,3100.8,298.4,423.3,457.5,1179.2,363.6,180.2,543.9,411.5,51.8,159.4,437.5,483.6,1132.3,640.8,451.9,1092.7,7460.2,865.1,86.6,57.6,1009.3,97.3,137.8,143.3,378.4,90.9,63.2,154.1,141.1,10.4,42.6,163,171.7,387.8,135.3,128.3,263.6,2334.3,1302.6,180.7,143.7,1627,190.7,237.1,248.7,676.5,136.4,94.8,231.2,223.1,17,79.1,260.9,291.9,648.9,422.3,299.3,721.5,4128.3,281.4,41.4,16.4,339.2,32.3,36.9,50.4,119.6,26.2,NA,NA,NA,4.8,12.9,31,53.3,102.1,50.9,38.2,89.1,724.5,142.8,NA,NA,159.9,10.2,17.2,21.6,49,10.3,NA,NA,NA,1.1,6.8,14,21.3,43.3,28.4,22.4,50.8,334.9,234.1,23.3,17.5,274.9,35.9,44.6,45.9,126.4,27.2,17.2,44.4,35.9,3,7.4,35.8,45.5,91.7,69.5,41.4,110.9,684.3,11932.2,1504.7,1011.2,14448.2,1586.1,2125.4,2122,5833.5,2023.8,978.4,3002.1,1893,163.3,638.7,2276.6,2605.6,5684.1,3384.9,2004.6,5389.6,36250.5
45474,3580.4,439.4,371.8,4391.7,519.2,652.9,614,1786.1,795.8,349.5,1145.3,581.8,37.7,163.3,609.5,885.4,1695.9,1082.4,560.7,1643.1,11243.9,2946.8,358.8,232.1,3537.7,416.1,589.1,545.1,1550.3,573.6,256.2,829.8,453.8,40.6,160.9,736.9,642.5,1580.8,933,462.6,1395.6,9348,2596.5,NA,NA,3110.9,294.6,421.1,456.4,1172,361.7,181.7,543.4,408.7,51.2,146.8,445.3,482.6,1125.8,658.6,458,1116.5,7477.4,862.8,NA,NA,1006.1,97.7,136.6,144.6,378.9,87.9,63.6,151.5,135.2,10.7,39.8,165.8,166.8,383,141.1,128.3,269.4,2324.1,1313.4,181.2,146.9,1641.5,189.8,231.9,241.6,663.3,135.6,97,232.6,222.3,17.3,79.5,267.1,292.3,656.1,416.5,300.2,716.7,4132.5,284.5,40.5,17.1,342,32.1,34.8,48.5,115.4,25.4,NA,NA,NA,5.3,12.2,30.8,52.2,100.6,49.5,38.7,88.2,719.1,143.8,NA,NA,161,10.1,17.5,21.3,48.9,10.6,NA,NA,NA,1.1,6.5,14.3,21.6,43.6,27.5,23.9,51.4,337.1,234.3,23,18.3,275.6,33.2,43,44.6,120.8,27.4,17.2,44.6,36.1,3.3,7.6,36.2,40.2,87.3,71.4,40.9,112.3,676.6,11962.4,1481,1023.2,14466.5,1592.7,2126.9,2116.1,5835.8,2017.9,982.1,3000,1890,167.2,616.5,2305.9,2583.6,5673.1,3380,2013.2,5393.2,36258.7
45505,3594.2,454.7,366.9,4415.9,505.8,638.2,625.2,1769.2,822.8,343.5,1166.3,583.9,39.1,164,624.4,897.7,1725.2,1082.1,569.5,1651.6,11312.1,2951.7,373.7,234.9,3560.3,408.2,584.4,555.6,1548.3,577,254.5,831.5,452.6,40.6,166.3,753.1,644.8,1604.9,940.8,470.9,1411.8,9409.4,2592,NA,NA,3113.7,291.7,421.8,456.7,1170.2,371.8,178.5,550.3,430.1,48.7,151.2,445.8,491,1136.7,668.5,459.9,1128.5,7529.4,864.4,NA,NA,1012.6,97.2,135.9,145,378.1,87.1,64.1,151.2,137.7,11,41.4,167.7,166.6,386.6,139.4,127.8,267.2,2333.3,1327.2,181.3,147.8,1656.3,187.6,226,234.7,648.2,137.6,97.2,234.8,223.1,17.9,81.6,267,296.4,662.9,425.7,302.6,728.3,4153.6,289,40.8,16.9,346.7,31.8,34.3,48.1,114.2,26.1,NA,NA,NA,5.6,12.5,30.3,53.4,101.8,49.6,38.6,88.2,725.2,145.1,NA,NA,162.7,9.9,17.4,21.4,48.8,10.8,NA,NA,NA,1.3,6.7,14.2,21.2,43.5,28.1,24.2,52.3,340.3,235.6,23.6,18.5,277.7,33.5,43,44.3,120.8,28,17.3,45.3,36,3.5,8,37.4,41.9,90.7,70.9,40.2,111.1,681.7,11999.3,1522.7,1023.8,14545.8,1565.7,2101.1,2131,5797.8,2061.2,972.7,3033.9,1916.3,167.7,631.7,2339.9,2613,5752.3,3405.2,2033.8,5439,36485
45536,3627.7,431.7,364.3,4423.8,510.6,645.7,623.6,1779.9,822.9,343.1,1166,584.1,38.8,160.7,630.8,895.5,1725.9,1092.7,580.6,1673.3,11352.9,2966,356.2,240.5,3562.7,403.4,593.8,554.9,1552.1,576.3,257.9,834.3,455.4,40.5,165.5,762.7,646.4,1615.1,942.8,471.7,1414.4,9433.9,2602.2,NA,NA,3115.4,292.5,424,468,1184.5,368,182.5,550.5,415.6,48.8,153,451.9,490.9,1144.7,674,469.9,1143.8,7554.5,863.4,NA,NA,1008.1,101,139.6,144.6,385.2,87.9,61.5,149.5,135.1,11.1,40.4,167.5,168.6,387.6,143.4,127.3,270.7,2336.2,1318.2,180.2,145.2,1643.6,185.8,231.9,259.3,677.1,139.3,100,239.3,223.9,16.8,79.8,264.7,297.2,658.5,424.7,300.2,725,4167.3,286.8,40,17.5,344.3,33.4,34.7,48.5,116.6,26,NA,NA,NA,5.5,11.7,29.5,53.7,100.4,47,39.3,86.3,722,145.6,NA,NA,162.8,10.2,17.4,21,48.6,10.7,NA,NA,NA,1.2,6.9,14,20.9,43,27.6,23,50.6,337.5,233.9,22.2,18.7,274.9,33.4,44.1,44.6,122.1,27.7,17.6,45.3,36.3,3.4,8,36.6,42.2,90.2,71.4,40.7,112.1,680.9,12043.8,1459.9,1031.7,14535.5,1570.1,2131.4,2164.5,5866.1,2058.9,980,3038.9,1903.3,166.3,625.9,2357.8,2615.4,5765.4,3423.6,2052.6,5476.2,36585.3
45566,3616.5,449.2,362.7,4428.4,514.9,672.3,626.7,1813.9,805.2,339.3,1144.5,585.3,39.8,162.5,633.1,895.6,1731,1089.2,602.3,1691.5,11394.5,2954.4,353.8,242.1,3550.3,398.6,613.1,561.4,1573.1,579.8,253.4,833.3,463.6,39.4,169,779.7,664.9,1653.1,957.6,476.8,1434.4,9507.8,2601.8,NA,NA,3132.2,296.9,427.3,469.9,1194.1,367.4,184.3,551.7,416.4,47.5,155.8,455.8,499.5,1158.5,644.9,474.1,1119,7572,874.8,NA,NA,1024.6,97.3,142.8,145.6,385.6,88.7,62.7,151.5,137.2,11.3,41.4,169,172.8,394.5,148.8,126,274.8,2368.2,1324,179.1,148.1,1651.2,188.5,237.7,248.7,674.9,137.5,99.6,237.1,225.9,17,80,265.2,299.7,661.9,419.3,295.6,714.9,4166,284.5,40.7,18.2,343.4,34.5,35.2,52.4,122.1,25.8,NA,NA,NA,5.7,12.8,31.7,55.3,105.5,45.7,40.2,86,731.8,144,NA,NA,161.7,8.9,17.1,21.1,47.2,9.7,NA,NA,NA,1.1,7.1,14.8,20.9,43.9,27.6,23,50.6,334.9,233.1,22.3,18.5,273.9,34.6,45.7,44.6,125,27.3,18.1,45.4,36.2,3.3,8.3,36.4,41.9,89.9,72.9,39.8,112.7,683.1,12033.2,1490.1,1042.4,14565.8,1574.2,2191.3,2170.4,5936,2041.5,975,3016.5,1917.8,165.2,636.8,2385.6,2650.7,5838.3,3406.1,2077.8,5483.9,36758.2
45597,3629.2,451.4,363,4443.6,514.7,649.7,634,1798.3,813.3,355.8,1169.1,584.5,40,156.5,632.1,875.7,1704.3,1110.7,610.9,1721.7,11421.5,2967.1,357.8,237.2,3562.1,411.4,632.9,553.9,1598.2,590.6,247.3,837.9,457.1,40.2,168.1,784,671.4,1663.7,971.2,474.1,1445.3,9564.2,2607.7,NA,NA,3137.4,295.8,437.4,469.1,1202.3,371.3,184.2,555.4,420.6,48.7,158.8,462.8,511,1181.4,660.1,479.6,1139.7,7636.8,879.7,NA,NA,1033,103.4,140.9,146,390.2,91.8,64.1,155.9,137.9,11.4,41.6,170.2,172.5,395.8,152,128.9,280.8,2393.6,1328.8,179.8,147.4,1656.1,199,238.1,250.7,687.7,137.7,103.2,241,223.1,17.1,79.9,268.7,297,662.7,423.6,295,718.6,4189.1,284,40.7,17.8,342.6,34.7,36.6,52.4,123.7,25.6,NA,NA,NA,5.8,13.2,32.9,53.9,105.8,47.8,41,88.9,735.5,145,NA,NA,162.9,11,17.8,21.2,49.9,10.5,NA,NA,NA,1.1,7,15.2,20.5,43.8,27.2,22.7,49.9,339.7,234.6,22.2,18,274.8,34.1,45.3,44.4,123.7,27.6,17.7,45.3,36.6,3.3,7.7,35.3,41.9,88.3,72.6,40.3,112.9,681.6,12076.1,1497.7,1038.5,14612.4,1604,2198.6,2171.5,5974.1,2068.4,991,3059.4,1912.6,167.8,632.9,2401.2,2643.9,5845.7,3465.3,2092.5,5557.8,36962
45627,3605.1,459.6,368.3,4432.9,541.8,713.5,636.7,1892.1,782.9,349.1,1132.1,591.2,41.3,154.9,638.2,860.3,1694.7,1100.9,590.1,1691,11434,2936.9,355.3,265.3,3557.5,416.2,663,551.2,1630.4,588.2,246.8,835,458.3,42.7,150,763.1,651.5,1607.3,973.2,482.6,1455.8,9544.4,2588.9,NA,NA,3121.1,328,449.8,465,1242.7,371.5,179.3,550.9,416.9,46.9,156.1,446.2,501.4,1150.7,642.7,480.6,1123.3,7605.5,869.2,NA,NA,1025.8,106.5,142.9,142.6,392,89.2,61.8,151.1,137.9,11.4,42.2,166.9,171.7,392.2,151.5,126.6,278,2377,1319,184.8,147.9,1651.7,202.4,259.2,249,710.6,141.3,101.7,243,225.1,15.8,83.4,265.8,292.2,657.2,420.4,296.7,717.1,4204.7,285.7,40.8,19.1,345.6,32.6,37.1,50.8,120.5,24,NA,NA,NA,6.4,13.5,32.5,53.9,106.3,47.5,41.4,88.9,734,144.3,NA,NA,162.6,11,19.9,21.9,52.8,10.5,NA,NA,NA,1.1,7.1,15.2,19.6,43.1,26.6,22.3,48.9,340.1,233.1,21.9,18.2,273.2,36.2,45.2,43.5,124.8,28.2,17.8,45.9,36.2,3.2,7.3,35.2,40.6,86.3,71.4,39.6,111,677.4,11982.2,1507.8,1080.2,14570.2,1674.7,2330.6,2160.7,6165.9,2035.8,974.4,3010.2,1918.9,168.8,614.6,2363.1,2591.3,5737.8,3434.2,2079.9,5514.1,36917.1
45658,3622.3,443.3,376.5,4442.1,500.3,645.4,634.3,1780,818.9,348.9,1167.8,588,40.4,156.5,645.3,884.1,1726.3,1117.3,589.8,1707.1,11411.4,3000,351.7,265.7,3617.3,409.5,604.5,548.1,1562.1,592.3,250.5,842.8,466.6,40.2,172.5,794.5,670.4,1677.7,981.3,485,1466.2,9632.7,2625.5,NA,NA,3154.5,298.8,424,469.9,1192.7,383,184.1,567.1,426.4,46.5,165,454.2,506.7,1172.4,663.3,474.2,1137.5,7650.6,880.7,NA,NA,1032.9,109.8,134.8,145.5,390,92.7,64.4,157.1,137.7,11,45.6,172.7,174,403.4,152.6,126.7,279.4,2400.4,1331.6,177.5,153.8,1662.9,194.6,236.3,251.7,682.6,143.7,104.7,248.3,226.5,15.6,82.9,274.2,300.7,673.3,434.7,295.1,729.8,4223.5,290.2,40.7,18.2,349,32.8,35.9,52.1,120.8,25.6,NA,NA,NA,5.6,13.3,34.3,55.3,108.4,46.4,42.1,88.5,742.1,146.8,NA,NA,165.4,10.7,18.1,22.3,51.1,10.4,NA,NA,NA,1.2,8.2,14.9,18.3,42.6,26.1,22.9,49.1,340.6,235.7,21.6,18,275.4,37.8,45.7,43.6,127,27.1,18,45.2,35.6,3,8.2,34.8,42.2,88.2,74.2,37.5,111.7,683.1,12132.7,1475.2,1091.7,14699.6,1594.3,2144.6,2167.5,5906.4,2093.7,987.9,3081.6,1935.3,163.4,652.1,2424.8,2651.8,5892.2,3496,2073.3,5569.3,37084.4
45689,3654.5,443.1,384.3,4481.9,495.8,643.3,637.7,1776.8,837.7,350.5,1188.2,603.1,39,154.2,657,865,1715.2,1100.7,600.9,1701.6,11466.8,3008.5,353.7,260.9,3623.2,410.9,610.2,542.7,1563.8,580.9,244.5,825.4,468.6,38.3,173.3,802.8,668.1,1682.5,976.2,489.2,1465.4,9628.7,2637.5,NA,NA,3177.1,289.1,420.2,469.7,1179,389.5,183.7,573.1,423.8,45.7,164.4,445.4,488.4,1143.9,652.4,480.2,1132.6,7629.5,888.7,NA,NA,1039.9,103.1,141.5,144.4,388.9,92.3,64.2,156.5,140.1,10.4,42.6,171.1,166,390.1,157,129.6,286.6,2402.1,1343.7,179.2,154.6,1677.5,191,241.9,256.6,689.5,143.1,108.6,251.7,232.8,15.8,83.8,273.5,294.4,667.4,438.9,303.1,742,4260.9,288.1,41.4,17.1,346.6,32.8,36.2,51.1,120.1,26,NA,NA,NA,5.3,13.2,33.5,55.2,107.3,46.8,41.6,88.4,738.5,146.1,NA,NA,164.3,10.7,18.2,22.3,51.2,10.5,NA,NA,NA,1.2,7.9,15.5,18.9,43.5,26.5,21.8,48.3,340.7,237.2,21.4,18.3,276.9,34.8,44.3,44.1,123.1,26.8,18,44.8,38.2,2.8,7.8,36.8,41.1,88.6,72.1,39.6,111.8,683.4,12204.4,1480.6,1102.5,14787.4,1568,2155.8,2168.6,5892.4,2106.8,987.2,3094,1961.7,158.6,647.3,2435.5,2597.1,5838.6,3470.6,2106,5576.6,37150.7
45717,3684,442.4,391.5,4518,506.5,652.2,621.2,1779.9,837.2,351.8,1189,600.8,37.9,156.2,649.1,865,1708.2,1111.8,605.8,1717.7,11513.6,3020.1,351.1,263.1,3634.3,413.4,606.2,548.8,1568.4,592.2,248.4,840.7,466.7,38.8,175.5,802.9,686.1,1703.3,979.1,492.3,1471.4,9684.7,2682.9,NA,NA,3223.1,270.3,422,476.8,1169.2,376.4,182.9,559.4,423,46.4,169.6,447.5,493.2,1156.8,595,463.9,1058.9,7590.4,892.3,NA,NA,1043.9,100.9,140.1,146.2,387.2,91,64.1,155.1,137.3,10.1,43.4,169.1,174.8,397.4,157,128.4,285.4,2406.3,1349.3,179.1,155.1,1683.6,190.5,237.3,256.9,684.7,140.3,106.9,247.2,230,16,85.4,274.6,295.5,671.5,450.1,308.5,758.6,4275.6,288.1,41.2,17.2,346.5,33,36,52.6,121.6,25.8,NA,NA,NA,5.4,13.2,34.6,54.7,107.9,45.9,44,90,741,148,NA,NA,166.2,10.8,18.9,21.9,51.6,10.9,NA,NA,NA,1.1,7.9,15,18.9,42.9,26.8,21.9,48.7,342.9,238.8,21.6,18.6,279.1,35.9,45.4,44.4,125.7,26.2,18.3,44.5,36,2.9,8.2,36.4,41.3,88.8,73.9,39.3,113.2,687.3,12303.7,1476.7,1114.3,14894.7,1561.3,2158.1,2168.9,5888.3,2100.1,990.1,3090.1,1947.9,158.7,659.4,2429.3,2629.5,5876.8,3439.6,2104.2,5543.8,37241.7
45748,3655.7,448.5,398.3,4502.5,502.4,634.1,627.3,1763.8,790.6,345,1135.5,571.8,38.5,151.1,658.9,860.6,1709,1107,612.4,1719.4,11402.1,3024.6,357.3,272.3,3654.2,404.4,618.5,553.3,1576.3,558.5,243.5,802,446.4,39.7,173.3,804.4,687.3,1704.8,965.3,497.1,1462.4,9646.2,2642.1,NA,NA,3193.5,303.4,445.2,478.3,1226.9,377.6,189.1,566.7,421,46.5,178.7,454.3,502.1,1181.6,638.3,486.3,1124.6,7714.2,889.1,NA,NA,1043.3,96.8,143.3,145.7,385.8,90.3,65.9,156.1,133.7,10,45.2,172.7,176.2,404.1,150.7,128.4,279,2402,1346.3,181.7,155.4,1683.3,190.3,240.4,257.3,688,141.1,106.1,247.2,230.1,16.4,88.2,272.9,301.4,678.9,453.3,316.5,769.8,4297.4,285.8,41.4,17.1,344.2,31.6,36.3,52.2,120.1,25.2,NA,NA,NA,5.6,12.9,34.7,55.2,108.4,46.5,44.3,90.7,738.1,145.7,NA,NA,163.7,10.2,19.6,21.9,51.7,10.6,NA,NA,NA,1.1,8.4,15,18.9,43.4,27.1,23.4,50.5,342.1,238.1,21.8,18.8,278.7,34.9,45,44.5,124.4,24.3,17.7,42,35.4,2.9,8.3,36.9,40.2,88.3,72.7,40.9,113.6,682.4,12227.4,1497.5,1138.6,14863.4,1573.9,2182.5,2180.6,5937,2018.1,985,3003.1,1892.2,160.8,666.1,2449.7,2642,5918.6,3461,2149.2,5610.2,37224.4
45778,3639.8,441.6,400.3,4481.7,504.1,639.8,627.3,1771.2,815.3,353.5,1168.8,588.5,39.1,145.8,654.1,845.4,1684.3,1098.8,614.9,1713.8,11408.4,2994.2,347.6,269.8,3611.6,413.3,615.9,555.5,1584.8,593,243.8,836.8,465.4,38.9,171.2,806.9,684.7,1701.7,972.1,493.2,1465.3,9665.6,2649.7,NA,NA,3205.3,297.4,422.4,489.5,1209.3,380.8,193.6,574.4,423.6,46.9,171.5,462.2,505.6,1186.2,637.8,485.5,1123.3,7722.1,882.7,NA,NA,1036.2,98,138.4,149.1,385.5,93.8,65.7,159.5,139.2,10.3,45.6,177.3,175.6,408.9,147.5,128.6,276,2405.3,1350.2,181.3,158.1,1689.5,187.5,241.8,260.6,689.9,143.6,109.8,253.5,234.1,16.2,89.1,277.2,302.5,685,459.4,315.9,775.3,4327.3,283.3,41.3,16.7,341.3,34.3,36.1,53.6,124,25,NA,NA,NA,5.7,12.7,34.8,55.2,108.4,44.6,44.4,89,737.4,145.1,NA,NA,162.9,10.9,19.6,22,52.4,10.8,NA,NA,NA,1,8,14.7,18.6,42.3,26.8,24.2,51,342,237.1,22,19.1,278.2,34.9,43.4,44.2,122.5,26,18.1,44.1,35.9,2.8,8.5,36.8,39.9,88,73.6,42.5,116.2,684.9,12181.9,1478.1,1146.8,14806.7,1580.4,2157.4,2201.9,5939.7,2088.4,1002.2,3090.6,1941.2,161,652.4,2464.1,2627.4,5904.9,3460.8,2149.1,5609.9,37293
